source,time,date,exp,flux1,flux2,flux3,flux4,err1,err2,err3,err4
0003-066,60243.3,2023-10-26,vo3299,,5.009,5.186,5.199,,0.158,0.157,0.159
0003-066,60620.5,2024-11-06,vo4311,4.134,4.841,4.918,4.794,0.139,0.151,0.148,0.145
0003-066,60648.4,2024-12-04,vo4339,,4.619,4.822,4.885,,0.157,0.149,0.148
0003-066,60774.1,2025-04-09,vo5099,,4.232,4.363,4.404,,0.132,0.131,0.133
0003-066,61026.4,2025-12-17,vo5351,,4.088,4.294,4.593,,0.145,0.131,0.139
0003-066,61089.3,2026-02-18,vo6049,,3.933,4.01,4.239,,0.12,0.123,0.132
0003-066,61096.4,2026-02-25,vo6056,,3.84,4.004,4.116,,0.127,0.125,0.13
0003-066,61131.2,2026-04-01,vo6091,,3.797,3.932,3.982,,0.118,0.12,0.136
0003-066,61201.9,2026-06-10,vo6162,,3.636,3.736,3.895,,0.161,0.121,0.122
0003-066,61249.9,2026-07-28,vo6210,,3.988,4.001,3.91,,0.159,0.125,0.141
0007+106,59958.2,2023-01-14,fm3013,,,0.087,,,,0.008,
0007+106,59976.2,2023-02-01,fm3031,,,,0.163,,,,0.008
0007+106,60078.0,2023-05-14,fm3134,,,,0.23,,,,0.009
0007+106,60093.0,2023-05-28,fm3148,,,,0.242,,,,0.012
0007+106,60126.8,2023-07-01,fm3182,,0.114,0.132,,,0.008,0.008,
0007+106,60139.8,2023-07-14,fm3195,,,0.163,0.281,,,0.009,0.011
0007+106,60237.5,2023-10-20,fm3293,,,,0.371,,,,0.013
0007+106,60250.5,2023-11-02,fm3306,,0.154,0.178,0.393,,0.009,0.009,0.013
0007+106,60320.4,2024-01-11,fm4011,,,0.238,0.562,,,0.009,0.018
0007+106,60359.2,2024-02-19,fm4050,,0.217,0.271,0.607,,0.01,0.01,0.021
0007+106,60437.0,2024-05-07,fm4128,,0.244,0.333,0.646,,0.01,0.011,0.02
0007+106,60464.9,2024-06-03,fm4155,,0.283,0.353,0.668,,0.011,0.012,0.022
0007+106,60621.4,2024-11-07,fm4312,,,0.552,1.335,,,0.02,0.042
0007+106,60649.2,2024-12-05,fm4340,,0.459,0.657,1.48,,0.016,0.024,0.05
0007+106,60650.4,2024-12-06,fm4341,,0.469,0.635,1.425,,0.016,0.025,0.044
0007+106,60702.0,2025-01-27,fm5027,,0.562,0.759,1.437,,0.02,0.027,0.044
0007+106,60729.1,2025-02-23,fm5053,,0.624,0.828,1.555,,0.028,0.028,0.048
0007+106,60763.1,2025-03-29,fm5087,,0.638,0.848,1.502,,0.029,0.029,0.045
0007+106,60789.2,2025-04-24,fm5114,,0.693,0.909,1.5,,0.024,0.029,0.046
0007+106,60814.1,2025-05-19,fm5139,,0.714,0.924,1.515,,0.024,0.029,0.046
0007+106,60858.8,2025-07-02,fm5183,0.345,0.79,0.985,1.561,0.017,0.025,0.032,0.049
0007+106,60872.8,2025-07-16,fm5197,,0.803,,1.519,,0.028,,0.046
0007+106,60939.6,2025-09-21,fm5264,,0.883,,1.343,,0.03,,0.041
0007+106,60981.2,2025-11-02,fm5306,,0.879,1.022,1.137,,0.029,0.032,0.035
0007+106,61006.4,2025-11-27,fm5331,,0.85,1.017,1.071,,0.029,0.031,0.033
0007+106,61027.5,2025-12-18,fm5352,,0.902,0.975,0.978,,0.03,0.03,0.03
0007+106,61069.2,2026-01-29,fm6029,,0.845,0.884,0.769,,0.029,0.027,0.023
0007+106,61095.1,2026-02-24,fm6054,,0.781,0.808,0.688,,0.024,0.028,0.022
0007+106,61106.1,2026-03-07,fm6066,,0.796,0.811,0.652,,0.024,0.025,0.02
0007+106,61132.0,2026-04-02,fm6092,,0.729,0.747,0.592,,0.025,0.023,0.019
0007+106,61160.0,2026-04-29,fm6120,,0.69,0.682,0.534,,0.022,0.021,0.017
0007+106,61187.8,2026-05-27,fm6148,,0.637,0.622,0.506,,0.021,0.019,0.017
0007+106,61226.7,2026-07-05,fm6186,,0.591,0.554,0.454,,0.019,0.019,0.014
0007+106,61254.7,2026-08-02,fm6214,,0.551,0.525,0.451,,0.019,0.016,0.015
0007+106,61289.6,2026-09-06,fm6249,,0.515,0.502,,,0.016,0.018,
0009-148,59958.4,2023-01-14,fm3013,,0.186,0.155,0.147,,0.01,0.009,0.011
0009-148,59976.4,2023-02-01,fm3031,,0.172,0.182,,,0.01,0.008,
0009-148,60127.0,2023-07-02,fm3182,,0.194,0.147,0.175,,0.011,0.01,0.012
0009-148,60140.0,2023-07-14,fm3195,,0.148,,,,0.01,,
0009-148,60250.6,2023-11-02,fm3306,,,0.17,,,,0.009,
0009-148,60650.4,2024-12-06,fm4341,,,0.115,,,,0.006,
0009-148,60763.2,2025-03-29,fm5087,,,,0.109,,,,0.007
0009-148,60872.9,2025-07-16,fm5197,,0.142,,0.121,,0.008,,0.009
0009-148,60981.6,2025-11-02,fm5306,,,0.14,0.137,,,0.007,0.007
0009-148,61006.6,2025-11-27,fm5331,,0.128,0.123,,,0.007,0.007,
0009-148,61069.4,2026-01-29,fm6029,,,0.136,0.134,,,0.007,0.007
0009-148,61095.5,2026-02-24,fm6054,,,0.165,,,,0.011,
0009-148,61106.3,2026-03-07,fm6066,,,0.157,,,,0.007,
0009-148,61160.2,2026-04-30,fm6120,,0.144,0.144,,,0.009,0.007,
0009-148,61188.1,2026-05-28,fm6148,,,0.156,0.143,,,0.007,0.007
0009-148,61254.9,2026-08-02,fm6214,,,0.134,0.14,,,0.007,0.009
0009-148,61289.8,2026-09-06,fm6249,,,0.131,,,,0.009,
0010+405,59957.6,2023-01-13,fm3013,,0.921,0.902,0.855,,0.029,0.028,0.027
0010+405,59975.7,2023-01-31,fm3031,,0.949,0.901,0.872,,0.03,0.028,0.027
0010+405,60078.2,2023-05-14,fm3134,,1.013,1.024,1.057,,0.033,0.031,0.033
0010+405,60092.2,2023-05-28,fm3148,,,0.994,1.043,,,0.032,0.032
0010+405,60127.1,2023-07-02,fm3182,,1.054,1.047,1.049,,0.034,0.033,0.034
0010+405,60139.5,2023-07-14,fm3195,,1.084,1.077,1.132,,0.039,0.033,0.035
0010+405,60237.3,2023-10-20,fm3293,1.156,1.081,1.115,1.138,0.038,0.037,0.034,0.035
0010+405,60250.3,2023-11-02,fm3306,,1.048,1.037,1.081,,0.04,0.039,0.039
0010+405,60320.4,2024-01-11,fm4011,,1.136,1.14,1.09,,0.038,0.035,0.033
0010+405,60359.3,2024-02-19,fm4050,,1.172,1.148,1.084,,0.037,0.037,0.033
0010+405,60383.4,2024-03-14,fm4074,,1.154,1.134,1.055,,0.036,0.035,0.033
0010+405,60437.6,2024-05-07,fm4128,,1.104,1.115,0.973,,0.035,0.034,0.03
0010+405,60464.6,2024-06-03,fm4155,1.308,1.126,1.06,0.928,0.047,0.037,0.032,0.029
0010+405,60621.2,2024-11-07,fm4312,,0.992,0.933,0.787,,0.033,0.029,0.024
0010+405,60649.2,2024-12-05,fm4340,,1.028,0.987,0.831,,0.033,0.032,0.031
0010+405,60650.4,2024-12-06,fm4341,,1.005,0.949,0.79,,0.033,0.029,0.025
0010+405,60702.0,2025-01-27,fm5027,1.21,1.009,0.927,0.801,0.044,0.032,0.028,0.025
0010+405,60727.2,2025-02-21,fm5052,1.262,1.002,0.96,0.836,0.045,0.033,0.03,0.026
0010+405,60728.4,2025-02-22,fm5053,1.21,1.021,0.96,0.857,0.048,0.031,0.029,0.027
0010+405,60762.4,2025-03-28,fm5087,1.131,0.977,0.94,0.855,0.045,0.032,0.029,0.026
0010+405,60789.0,2025-04-24,fm5114,1.275,1.02,0.943,0.87,0.049,0.032,0.029,0.027
0010+405,60814.0,2025-05-18,fm5139,,0.998,0.991,0.91,,0.032,0.03,0.028
0010+405,60858.1,2025-07-02,fm5183,,1.058,0.998,0.949,,0.033,0.031,0.03
0010+405,60872.1,2025-07-16,fm5197,,0.984,,0.932,,0.032,,0.03
0010+405,60939.2,2025-09-21,fm5264,,0.966,0.929,0.87,,0.04,0.03,0.027
0010+405,60981.2,2025-11-02,fm5306,,1.081,1.065,1.03,,0.033,0.033,0.032
0010+405,61006.0,2025-11-26,fm5331,,1.067,1.052,1.051,,0.035,0.032,0.033
0010+405,61027.2,2025-12-18,fm5352,,1.112,1.078,1.047,,0.038,0.033,0.032
0010+405,61068.8,2026-01-28,fm6029,,1.095,1.088,1.07,,0.036,0.033,0.033
0010+405,61094.4,2026-02-23,fm6054,,1.092,1.068,1.013,,0.035,0.033,0.031
0010+405,61105.8,2026-03-06,fm6066,,1.117,1.097,1.022,,0.037,0.033,0.031
0010+405,61131.8,2026-04-01,fm6092,,1.126,1.113,1.051,,0.036,0.034,0.032
0010+405,61159.7,2026-04-29,fm6120,,1.057,1.052,0.996,,0.033,0.032,0.031
0010+405,61187.8,2026-05-27,fm6148,,1.093,1.059,0.982,,0.035,0.033,0.031
0010+405,61226.6,2026-07-05,fm6186,,1.093,1.054,0.987,,0.039,0.032,0.03
0010+405,61254.4,2026-08-02,fm6214,,1.078,1.056,0.969,,0.035,0.033,0.03
0010+405,61289.3,2026-09-06,fm6249,,1.101,1.083,1.022,,0.035,0.034,0.032
0013-005,60078.1,2023-05-14,fm3134,,,0.485,0.368,,,0.016,0.013
0013-005,60092.0,2023-05-28,fm3148,,,0.476,0.379,,,0.016,0.014
0013-005,60126.9,2023-07-01,fm3182,,0.528,0.473,0.36,,0.018,0.015,0.013
0013-005,60139.8,2023-07-14,fm3195,,0.528,0.469,0.377,,0.019,0.015,0.015
0013-005,60237.6,2023-10-20,fm3293,,0.525,0.487,0.357,,0.018,0.016,0.013
0013-005,60250.5,2023-11-02,fm3306,,0.513,0.484,0.372,,0.017,0.016,0.013
0013-005,60320.3,2024-01-11,fm4011,,,0.457,0.354,,,0.015,0.012
0013-005,60359.2,2024-02-19,fm4050,,0.502,0.465,0.345,,0.018,0.015,0.013
0013-005,60384.3,2024-03-15,fm4074,,,0.45,0.335,,,0.017,0.02
0013-005,60437.0,2024-05-07,fm4128,,0.483,0.448,0.329,,0.017,0.017,0.012
0013-005,60464.9,2024-06-03,fm4155,,0.442,0.405,0.318,,0.015,0.014,0.013
0013-005,60621.2,2024-11-07,fm4312,0.654,0.446,0.409,0.328,0.027,0.014,0.013,0.012
0013-005,60649.4,2024-12-05,fm4340,,0.438,0.423,0.354,,0.016,0.014,0.014
0013-005,60650.3,2024-12-06,fm4341,,0.434,0.407,0.35,,0.015,0.013,0.013
0013-005,60702.1,2025-01-27,fm5027,0.582,0.447,0.417,0.376,0.021,0.014,0.013,0.012
0013-005,60729.2,2025-02-23,fm5053,,0.449,0.441,,,0.018,0.014,
0013-005,60763.1,2025-03-29,fm5087,,,0.484,0.398,,,0.018,0.013
0013-005,60789.1,2025-04-24,fm5114,,0.44,0.428,0.374,,0.014,0.014,0.012
0013-005,60858.8,2025-07-02,fm5183,,0.451,0.425,0.37,,0.015,0.014,0.013
0013-005,60872.8,2025-07-16,fm5197,,0.459,,0.362,,0.015,,0.013
0013-005,60939.6,2025-09-21,fm5264,,,0.43,0.36,,,0.016,0.015
0013-005,60981.5,2025-11-02,fm5306,,0.484,0.453,0.396,,0.016,0.014,0.013
0013-005,61006.4,2025-11-27,fm5331,,0.475,0.46,0.409,,0.017,0.015,0.014
0013-005,61069.3,2026-01-29,fm6029,,0.516,0.484,0.418,,0.02,0.016,0.014
0013-005,61095.2,2026-02-24,fm6054,,0.511,0.497,0.425,,0.018,0.016,0.016
0013-005,61106.2,2026-03-07,fm6066,,0.516,0.492,0.425,,0.017,0.015,0.014
0013-005,61132.1,2026-04-02,fm6092,,0.518,0.508,0.459,,0.021,0.016,0.015
0013-005,61160.1,2026-04-30,fm6120,0.565,0.524,0.514,0.464,0.023,0.017,0.016,0.015
0013-005,61187.7,2026-05-27,fm6148,,0.528,0.521,0.462,,0.017,0.016,0.015
0013-005,61226.8,2026-07-05,fm6186,,0.519,0.493,0.408,,0.017,0.016,0.013
0013-005,61254.8,2026-08-02,fm6214,,0.511,0.482,0.388,,0.017,0.015,0.013
0013-005,61289.7,2026-09-06,fm6249,,0.511,0.477,0.382,,0.017,0.015,0.013
0014+813,61201.8,2026-06-10,vo6162,,1.78,1.691,1.214,,0.065,0.063,0.045
0016+731,59957.7,2023-01-13,fm3013,,1.459,1.42,1.233,,0.045,0.044,0.038
0016+731,59975.7,2023-01-31,fm3031,1.456,1.42,1.373,1.195,0.059,0.044,0.042,0.036
0016+731,60078.2,2023-05-14,fm3134,,,1.248,1.041,,,0.042,0.032
0016+731,60092.3,2023-05-28,fm3148,,,1.208,1.031,,,0.039,0.032
0016+731,60126.7,2023-07-01,fm3182,,1.233,1.174,1.002,,0.039,0.036,0.031
0016+731,60139.6,2023-07-14,fm3195,,1.242,1.158,1.011,,0.044,0.036,0.032
0016+731,60237.2,2023-10-20,fm3293,,1.08,1.062,0.933,,0.039,0.032,0.029
0016+731,60250.3,2023-11-02,fm3306,,1.077,1.057,0.91,,0.035,0.032,0.028
0016+731,60320.5,2024-01-11,fm4011,,0.996,0.928,0.866,,0.037,0.032,0.028
0016+731,60359.3,2024-02-19,fm4050,,1.07,1.028,0.959,,0.034,0.032,0.029
0016+731,60383.4,2024-03-14,fm4074,1.056,0.973,0.933,0.924,0.047,0.03,0.029,0.029
0016+731,60424.2,2024-04-24,vo4115,,0.965,0.903,0.86,,0.034,0.028,0.026
0016+731,60437.1,2024-05-07,fm4128,,0.951,0.935,0.945,,0.033,0.029,0.029
0016+731,60459.1,2024-05-29,vo4150,,,0.954,0.981,,,0.029,0.03
0016+731,60464.5,2024-06-03,fm4155,,1.034,0.95,0.912,,0.037,0.033,0.028
0016+731,60578.1,2024-09-25,vo4269,,0.978,0.946,0.991,,0.035,0.032,0.031
0016+731,60620.3,2024-11-06,vo4311,,0.938,0.923,0.939,,0.029,0.028,0.029
0016+731,60621.3,2024-11-07,fm4312,,0.954,0.914,0.91,,0.033,0.031,0.028
0016+731,60648.1,2024-12-04,vo4339,,0.892,0.869,0.914,,0.03,0.027,0.029
0016+731,60649.2,2024-12-05,fm4340,,0.912,0.908,0.929,,0.031,0.029,0.032
0016+731,60650.4,2024-12-06,fm4341,,0.892,0.846,0.883,,0.033,0.026,0.027
0016+731,60702.1,2025-01-27,fm5027,,0.985,0.987,0.927,,0.032,0.03,0.029
0016+731,60727.2,2025-02-21,fm5052,,0.91,0.902,0.898,,0.033,0.029,0.028
0016+731,60728.4,2025-02-22,fm5053,,0.924,0.912,0.91,,0.03,0.028,0.029
0016+731,60762.4,2025-03-28,fm5087,,0.944,0.901,0.881,,0.034,0.028,0.027
0016+731,60789.0,2025-04-24,fm5114,,0.901,0.907,0.868,,0.03,0.028,0.027
0016+731,60814.1,2025-05-19,fm5139,,0.932,0.903,0.84,,0.029,0.029,0.026
0016+731,60858.1,2025-07-02,fm5183,1.22,0.914,0.884,0.827,0.06,0.032,0.027,0.027
0016+731,60872.1,2025-07-16,fm5197,,0.915,,0.819,,0.031,,0.026
0016+731,60939.2,2025-09-21,fm5264,,0.878,0.849,0.791,,0.03,0.027,0.024
0016+731,60981.3,2025-11-02,fm5306,,0.828,0.795,0.697,,0.026,0.025,0.023
0016+731,61006.0,2025-11-26,fm5331,,0.854,0.824,0.78,,0.027,0.027,0.024
0016+731,61025.6,2025-12-16,vo5351,,0.854,0.848,0.765,,0.027,0.026,0.023
0016+731,61027.2,2025-12-18,fm5352,,0.881,0.853,0.759,,0.027,0.027,0.024
0016+731,61053.9,2026-01-13,vo6014,,0.875,0.885,,,0.036,0.037,
0016+731,61068.8,2026-01-28,fm6029,,0.841,0.798,0.748,,0.028,0.025,0.023
0016+731,61089.2,2026-02-18,vo6049,,0.86,0.763,0.73,,0.035,0.03,0.027
0016+731,61094.4,2026-02-23,fm6054,,0.86,0.834,0.752,,0.029,0.028,0.024
0016+731,61095.8,2026-02-24,vo6056,,0.884,0.861,0.702,,0.033,0.034,0.026
0016+731,61105.8,2026-03-06,fm6066,,0.788,0.835,0.73,,0.032,0.026,0.023
0016+731,61130.8,2026-03-31,vo6091,,0.802,0.794,0.705,,0.031,0.03,0.024
0016+731,61131.8,2026-04-01,fm6092,,0.83,0.78,0.737,,0.029,0.026,0.023
0016+731,61158.9,2026-04-28,vo6119,,,0.806,0.734,,,0.036,0.028
0016+731,61159.7,2026-04-29,fm6120,,0.794,,0.708,,0.03,,0.023
0016+731,61187.7,2026-05-27,fm6148,,0.839,0.79,0.723,,0.028,0.025,0.022
0016+731,61201.8,2026-06-10,vo6162,,,,0.739,,,,0.029
0016+731,61226.6,2026-07-05,fm6186,,0.714,0.721,0.759,,0.023,0.023,0.024
0016+731,61235.6,2026-07-14,vo6196,,,,0.752,,,,0.027
0016+731,61249.5,2026-07-28,vo6210,,,,0.814,,,,0.031
0016+731,61254.4,2026-08-02,fm6214,,0.912,0.798,0.789,,0.032,0.03,0.025
0016+731,61289.4,2026-09-06,fm6249,,0.778,0.759,0.821,,0.025,0.024,0.027
0017+200,59957.6,2023-01-13,fm3013,,0.62,0.594,0.562,,0.02,0.023,0.019
0017+200,59976.1,2023-02-01,fm3031,,,0.636,0.6,,,0.023,0.02
0017+200,60078.1,2023-05-14,fm3134,,0.614,0.64,0.617,,0.022,0.021,0.02
0017+200,60092.1,2023-05-28,fm3148,,,0.655,0.646,,,0.021,0.02
0017+200,60126.8,2023-07-01,fm3182,,0.638,0.645,0.584,,0.022,0.022,0.022
0017+200,60139.7,2023-07-14,fm3195,,,0.661,0.633,,,0.021,0.02
0017+200,60237.4,2023-10-20,fm3293,,0.739,0.723,0.688,,0.026,0.023,0.022
0017+200,60243.3,2023-10-26,vo3299,,0.753,0.744,0.718,,0.024,0.026,0.022
0017+200,60250.4,2023-11-02,fm3306,,0.766,0.742,0.699,,0.027,0.025,0.024
0017+200,60320.3,2024-01-11,fm4011,,0.776,0.784,0.737,,0.028,0.025,0.023
0017+200,60359.3,2024-02-19,fm4050,,0.763,0.76,0.714,,0.024,0.023,0.023
0017+200,60384.1,2024-03-15,fm4074,,0.762,0.723,0.681,,0.029,0.024,0.024
0017+200,60417.1,2024-04-17,vo4108,,0.755,0.686,0.639,,0.03,0.022,0.02
0017+200,60424.0,2024-04-24,vo4115,,0.684,0.66,0.624,,0.022,0.021,0.019
0017+200,60437.1,2024-05-07,fm4128,,0.659,0.653,0.605,,0.023,0.021,0.019
0017+200,60459.0,2024-05-29,vo4150,,0.649,0.633,0.616,,0.023,0.02,0.02
0017+200,60464.8,2024-06-03,fm4155,,0.614,0.608,0.57,,0.02,0.019,0.018
0017+200,60578.4,2024-09-25,vo4269,,0.614,0.611,0.587,,0.022,0.022,0.021
0017+200,60621.4,2024-11-07,fm4312,0.632,0.604,0.586,0.558,0.024,0.02,0.018,0.017
0017+200,60649.2,2024-12-05,fm4340,,0.613,0.613,0.579,,0.02,0.02,0.02
0017+200,60650.4,2024-12-06,fm4341,,0.593,0.597,0.563,,0.02,0.018,0.018
0017+200,60702.1,2025-01-27,fm5027,,0.648,0.622,0.57,,0.022,0.019,0.018
0017+200,60727.4,2025-02-21,fm5052,,0.629,0.619,0.579,,0.02,0.019,0.019
0017+200,60729.0,2025-02-23,fm5053,0.669,0.646,0.642,0.609,0.022,0.02,0.02,0.02
0017+200,60763.0,2025-03-28,fm5087,,0.668,0.634,0.6,,0.021,0.02,0.018
0017+200,60789.2,2025-04-24,fm5114,,0.659,0.64,0.603,,0.02,0.019,0.019
0017+200,60814.0,2025-05-19,fm5139,,0.712,0.66,0.623,,0.033,0.02,0.019
0017+200,60858.7,2025-07-02,fm5183,,0.746,0.741,0.694,,0.024,0.023,0.022
0017+200,60873.0,2025-07-16,fm5197,0.869,0.801,,0.697,0.029,0.025,,0.022
0017+200,60906.5,2025-08-19,vo5232,,0.879,0.788,0.715,,0.031,0.025,0.022
0017+200,60939.5,2025-09-21,fm5264,,0.788,0.784,0.721,,0.025,0.024,0.022
0017+200,60955.7,2025-10-07,vo5281,,0.766,0.762,0.703,,0.025,0.03,0.023
0017+200,60976.8,2025-10-28,vo5302,,0.791,0.76,0.722,,0.03,0.026,0.024
0017+200,60981.2,2025-11-02,fm5306,,0.79,0.801,0.735,,0.026,0.024,0.023
0017+200,61005.4,2025-11-26,vo5330,,0.786,0.785,0.748,,0.026,0.026,0.024
0017+200,61006.3,2025-11-27,fm5331,,0.816,0.792,0.77,,0.026,0.024,0.024
0017+200,61025.6,2025-12-16,vo5351,,0.771,0.775,0.763,,0.029,0.026,0.024
0017+200,61027.4,2025-12-18,fm5352,,0.799,0.812,0.769,,0.025,0.025,0.024
0017+200,61069.1,2026-01-29,fm6029,0.785,0.81,0.81,0.793,0.03,0.025,0.025,0.024
0017+200,61089.0,2026-02-18,vo6049,,0.82,0.822,0.808,,0.027,0.028,0.026
0017+200,61095.0,2026-02-24,fm6054,,0.797,0.8,0.767,,0.025,0.025,0.024
0017+200,61096.0,2026-02-25,vo6056,,0.79,0.787,0.747,,0.03,0.027,0.024
0017+200,61106.0,2026-03-07,fm6066,,0.77,0.781,0.76,,0.024,0.024,0.023
0017+200,61130.9,2026-03-31,vo6091,,0.771,0.761,0.768,,0.026,0.026,0.024
0017+200,61131.9,2026-04-01,fm6092,,0.808,0.794,0.782,,0.027,0.025,0.024
0017+200,61158.8,2026-04-28,vo6119,,0.729,0.765,0.765,,0.028,0.026,0.026
0017+200,61159.9,2026-04-29,fm6120,0.7,0.77,0.774,0.736,0.031,0.024,0.024,0.023
0017+200,61187.7,2026-05-27,fm6148,,0.759,0.763,0.752,,0.024,0.024,0.024
0017+200,61201.6,2026-06-10,vo6162,,0.801,0.735,0.735,,0.029,0.025,0.023
0017+200,61226.7,2026-07-05,fm6186,,0.764,0.771,0.774,,0.026,0.025,0.024
0017+200,61235.5,2026-07-14,vo6196,,,0.79,0.788,,,0.026,0.025
0017+200,61249.6,2026-07-28,vo6210,,0.816,0.785,0.799,,0.032,0.026,0.026
0017+200,61254.6,2026-08-02,fm6214,,,0.853,0.794,,,0.041,0.025
0017+200,61289.5,2026-09-06,fm6249,,0.806,0.805,0.82,,0.026,0.026,0.027
0019+058,60459.8,2024-05-29,vo4150,,0.741,0.776,0.904,,0.024,0.024,0.028
0019+058,60557.7,2024-09-04,vo4248,,0.832,0.83,0.888,,0.034,0.026,0.027
0019+058,60578.6,2024-09-25,vo4269,,0.865,0.881,0.939,,0.027,0.028,0.03
0019+058,60592.5,2024-10-09,vo4283,,0.8,0.808,0.794,,0.029,0.026,0.024
0019+058,60620.4,2024-11-06,vo4311,,0.692,0.711,0.683,,0.024,0.022,0.021
0019+058,60648.4,2024-12-04,vo4339,,0.674,0.64,0.594,,0.024,0.021,0.02
0019+058,60655.3,2024-12-11,vo4346,,0.604,0.65,0.56,,0.019,0.021,0.018
0019+058,60697.3,2025-01-22,vo5022,,0.524,0.506,0.49,,0.018,0.016,0.016
0019+058,60704.2,2025-01-29,vo5029,,0.53,0.515,0.49,,0.017,0.017,0.016
0019+058,60718.1,2025-02-12,vo5043,,0.527,0.53,0.513,,0.017,0.017,0.016
0019+058,60851.0,2025-06-25,vo5176,,0.587,,0.647,,0.019,,0.02
0019+058,60906.5,2025-08-19,vo5232,,0.643,0.704,0.767,,0.028,0.025,0.024
0019+058,60955.6,2025-10-07,vo5281,,0.729,0.764,0.732,,0.024,0.025,0.024
0019+058,60976.5,2025-10-28,vo5302,,,0.668,0.734,,,0.023,0.023
0019+058,61005.3,2025-11-26,vo5330,,0.766,0.774,0.836,,0.026,0.025,0.026
0019+058,61026.3,2025-12-17,vo5351,,0.835,0.86,0.966,,0.027,0.027,0.03
0019+058,61054.2,2026-01-14,vo6014,,0.821,0.863,,,0.031,0.028,
0019+058,61089.1,2026-02-18,vo6049,,0.946,1.031,1.144,,0.032,0.033,0.036
0019+058,61096.1,2026-02-25,vo6056,,0.971,1.036,1.061,,0.031,0.033,0.033
0019+058,61131.0,2026-04-01,vo6091,,1.23,1.352,1.318,,0.065,0.051,0.041
0019+058,61158.9,2026-04-28,vo6119,,1.095,1.075,1.065,,0.038,0.038,0.034
0019+058,61201.8,2026-06-10,vo6162,,1.222,1.179,1.14,,0.042,0.037,0.037
0019+058,61235.5,2026-07-14,vo6196,,,0.965,0.915,,,0.031,0.03
0019+058,61249.6,2026-07-28,vo6210,,,0.853,0.904,,,0.03,0.029
0035-252,60418.3,2024-04-18,vo4108,,1.001,1.071,1.174,,0.034,0.034,0.038
0035-252,60425.3,2024-04-25,vo4115,,1.026,1.091,1.207,,0.035,0.034,0.037
0035-252,60460.2,2024-05-30,vo4150,,,1.036,1.133,,,0.033,0.036
0035-252,60557.9,2024-09-04,vo4248,,,0.864,0.947,,,0.032,0.033
0035-252,60578.8,2024-09-25,vo4269,,0.821,0.823,0.927,,0.03,0.03,0.031
0035-252,60592.8,2024-10-09,vo4283,,0.781,0.845,0.972,,0.03,0.035,0.033
0035-252,60620.7,2024-11-06,vo4311,,0.744,0.79,0.919,,0.03,0.03,0.033
0035-252,60648.7,2024-12-04,vo4339,,,0.922,1.098,,,0.032,0.035
0035-252,60655.6,2024-12-11,vo4346,,0.888,1.045,1.164,,0.034,0.039,0.042
0035-252,60697.6,2025-01-22,vo5022,,0.914,1.013,1.066,,0.042,0.034,0.036
0035-252,60704.5,2025-01-29,vo5029,,0.896,0.945,0.949,,0.037,0.034,0.033
0035-252,60774.3,2025-04-09,vo5099,,0.942,1.03,1.209,,0.037,0.035,0.039
0035-252,61005.7,2025-11-26,vo5330,,0.648,0.658,0.742,,0.026,0.027,0.027
0035-252,61026.6,2025-12-17,vo5351,,0.65,0.795,0.924,,0.031,0.032,0.033
0046+316,59957.6,2023-01-13,fm3013,,0.403,0.456,0.644,,0.014,0.015,0.02
0046+316,59976.0,2023-02-01,fm3031,,0.407,0.454,0.666,,0.014,0.014,0.022
0046+316,60078.2,2023-05-14,fm3134,,,0.508,0.659,,,0.016,0.024
0046+316,60092.2,2023-05-28,fm3148,,,0.512,0.674,,,0.017,0.021
0046+316,60126.2,2023-07-01,fm3182,,0.482,0.541,0.656,,0.017,0.018,0.021
0046+316,60139.6,2023-07-14,fm3195,,0.492,0.569,0.664,,0.016,0.018,0.021
0046+316,60237.3,2023-10-20,fm3293,,0.548,0.604,0.72,,0.018,0.019,0.023
0046+316,60250.4,2023-11-02,fm3306,,0.535,0.612,0.736,,0.021,0.02,0.023
0046+316,60320.4,2024-01-11,fm4011,,0.541,0.622,0.849,,0.019,0.021,0.027
0046+316,60359.4,2024-02-19,fm4050,,0.568,0.626,0.81,,0.019,0.02,0.026
0046+316,60383.4,2024-03-14,fm4074,,0.533,0.561,0.775,,0.019,0.018,0.025
0046+316,60437.1,2024-05-07,fm4128,,,0.653,0.887,,,0.021,0.027
0046+316,60464.8,2024-06-03,fm4155,,0.59,0.657,0.836,,0.02,0.021,0.026
0046+316,60621.3,2024-11-07,fm4312,,0.589,0.593,0.495,,0.019,0.02,0.015
0046+316,60649.2,2024-12-05,fm4340,,0.568,0.571,0.468,,0.019,0.018,0.016
0046+316,60650.5,2024-12-06,fm4341,,0.555,0.543,0.486,,0.017,0.017,0.015
0046+316,60702.1,2025-01-27,fm5027,,0.552,0.529,0.511,,0.019,0.016,0.016
0046+316,60727.4,2025-02-21,fm5052,0.502,0.526,0.503,0.473,0.018,0.017,0.015,0.015
0046+316,60728.6,2025-02-22,fm5053,,0.519,0.495,0.467,,0.016,0.016,0.015
0046+316,60762.9,2025-03-28,fm5087,,0.479,0.466,0.428,,0.015,0.015,0.013
0046+316,60789.2,2025-04-24,fm5114,,0.477,0.458,0.402,,0.015,0.014,0.013
0046+316,60814.1,2025-05-19,fm5139,,0.479,0.446,0.421,,0.017,0.014,0.013
0046+316,60858.6,2025-07-02,fm5183,,0.44,0.444,0.451,,0.015,0.014,0.015
0046+316,60872.2,2025-07-16,fm5197,,0.432,,0.456,,0.015,,0.015
0046+316,60939.4,2025-09-21,fm5264,,0.43,,0.524,,0.016,,0.016
0046+316,60981.3,2025-11-02,fm5306,,0.433,0.46,0.496,,0.014,0.014,0.016
0046+316,61006.2,2025-11-27,fm5331,,0.443,0.472,0.502,,0.014,0.015,0.017
0046+316,61027.3,2025-12-18,fm5352,,0.431,0.481,0.517,,0.014,0.015,0.016
0046+316,61069.1,2026-01-29,fm6029,,0.467,0.5,0.602,,0.015,0.016,0.019
0046+316,61094.6,2026-02-23,fm6054,,0.488,0.506,0.579,,0.02,0.016,0.018
0046+316,61106.0,2026-03-06,fm6066,,0.458,0.506,0.585,,0.015,0.016,0.018
0046+316,61131.9,2026-04-01,fm6092,,0.475,0.515,0.573,,0.015,0.016,0.018
0046+316,61159.8,2026-04-29,fm6120,,0.482,0.509,0.521,,0.016,0.017,0.017
0046+316,61187.9,2026-05-27,fm6148,,0.473,0.508,0.524,,0.016,0.017,0.016
0046+316,61226.7,2026-07-05,fm6186,,0.496,0.539,0.595,,0.016,0.017,0.018
0046+316,61254.6,2026-08-02,fm6214,,0.518,0.566,0.624,,0.016,0.018,0.019
0046+316,61289.5,2026-09-06,fm6249,,0.542,0.58,,,0.017,0.019,
0047+023,59957.5,2023-01-13,fm3013,,,0.231,0.229,,,0.01,0.011
0047+023,59976.3,2023-02-01,fm3031,,0.203,0.221,0.228,,0.008,0.009,0.009
0047+023,60078.1,2023-05-14,fm3134,,,0.241,0.232,,,0.009,0.01
0047+023,60092.1,2023-05-28,fm3148,,,0.214,0.234,,,0.01,0.011
0047+023,60126.9,2023-07-01,fm3182,,0.204,0.221,0.207,,0.009,0.01,0.011
0047+023,60139.8,2023-07-14,fm3195,,0.216,0.224,0.22,,0.01,0.009,0.01
0047+023,60237.6,2023-10-20,fm3293,,0.192,0.174,0.175,,0.009,0.009,0.01
0047+023,60250.5,2023-11-02,fm3306,,0.175,0.168,0.16,,0.008,0.008,0.009
0047+023,60359.3,2024-02-19,fm4050,,0.175,,,,0.01,,
0047+023,60464.9,2024-06-03,fm4155,,,0.187,0.17,,,0.01,0.01
0047+023,60621.3,2024-11-07,fm4312,,0.185,0.172,0.174,,0.008,0.007,0.008
0047+023,60649.2,2024-12-05,fm4340,,0.202,0.194,,,0.008,0.007,
0047+023,60650.4,2024-12-06,fm4341,,0.18,0.189,0.179,,0.008,0.007,0.008
0047+023,60702.0,2025-01-27,fm5027,,0.189,0.195,0.194,,0.008,0.007,0.008
0047+023,60727.4,2025-02-21,fm5052,,0.206,0.215,0.213,,0.009,0.008,0.009
0047+023,60729.2,2025-02-23,fm5053,,0.211,0.214,,,0.009,0.008,
0047+023,60789.1,2025-04-24,fm5114,,0.228,0.229,0.257,,0.008,0.009,0.01
0047+023,60814.0,2025-05-18,fm5139,,,0.245,0.265,,,0.009,0.009
0047+023,60858.9,2025-07-02,fm5183,,,0.326,0.355,,,0.013,0.012
0047+023,60872.8,2025-07-16,fm5197,,0.305,,0.334,,0.01,,0.011
0047+023,60939.6,2025-09-21,fm5264,,,,0.346,,,,0.011
0047+023,60981.5,2025-11-02,fm5306,,0.335,0.35,0.358,,0.014,0.011,0.012
0047+023,61006.5,2025-11-27,fm5331,,0.314,0.334,0.338,,0.011,0.011,0.012
0047+023,61069.3,2026-01-29,fm6029,,0.314,0.311,0.32,,0.011,0.01,0.01
0047+023,61095.7,2026-02-24,fm6054,,,,0.317,,,,0.013
0047+023,61106.2,2026-03-07,fm6066,,,,0.297,,,,0.011
0047+023,61160.1,2026-04-30,fm6120,,0.302,0.298,,,0.01,0.01,
0047+023,61187.7,2026-05-27,fm6148,,0.261,0.264,0.267,,0.01,0.009,0.009
0047+023,61226.8,2026-07-05,fm6186,,0.265,0.275,0.286,,0.009,0.009,0.011
0047+023,61254.8,2026-08-02,fm6214,,0.274,0.298,0.319,,0.01,0.01,0.011
0047+023,61289.7,2026-09-06,fm6249,,0.294,0.306,0.352,,0.011,0.011,0.013
0048-097,59958.4,2023-01-14,fm3013,,,0.309,,,,0.012,
0048-097,59976.4,2023-02-01,fm3031,,0.29,0.274,0.273,,0.012,0.01,0.012
0048-097,60092.1,2023-05-28,fm3148,,,0.267,,,,0.01,
0048-097,60127.0,2023-07-02,fm3182,,0.257,0.258,,,0.011,0.01,
0048-097,60139.9,2023-07-14,fm3195,,,0.245,,,,0.011,
0048-097,60384.3,2024-03-15,fm4074,,,0.269,,,,0.015,
0048-097,60437.0,2024-05-07,fm4128,,,0.271,,,,0.012,
0048-097,60649.5,2024-12-05,fm4340,,,0.169,,,,0.008,
0048-097,60650.3,2024-12-06,fm4341,,0.239,0.242,0.248,,0.009,0.008,0.012
0048-097,60702.4,2025-01-27,fm5027,,0.275,0.285,,,0.01,0.01,
0048-097,60729.3,2025-02-23,fm5053,,0.317,0.312,,,0.011,0.01,
0048-097,60763.2,2025-03-29,fm5087,,0.34,0.333,0.322,,0.012,0.013,0.012
0048-097,60789.1,2025-04-24,fm5114,,0.368,0.34,0.353,,0.014,0.011,0.015
0048-097,60858.9,2025-07-02,fm5183,,,0.305,0.376,,,0.01,0.016
0048-097,60872.9,2025-07-16,fm5197,,0.318,,0.275,,0.011,,0.013
0048-097,60981.6,2025-11-02,fm5306,,0.237,,,,0.01,,
0048-097,61095.5,2026-02-24,fm6054,,0.303,,,,0.017,,
0048-097,61106.3,2026-03-07,fm6066,,,0.208,,,,0.008,
0048-097,61132.2,2026-04-02,fm6092,,0.298,,,,0.014,,
0048-097,61160.1,2026-04-30,fm6120,,,0.22,0.202,,,0.008,0.01
0048-097,61188.0,2026-05-28,fm6148,,0.233,0.219,,,0.009,0.008,
0048-097,61289.8,2026-09-06,fm6249,,,0.258,,,,0.011,
0054+161,59958.2,2023-01-14,fm3013,,,,0.193,,,,0.01
0054+161,59976.2,2023-02-01,fm3031,,,,0.203,,,,0.009
0054+161,60078.2,2023-05-14,fm3134,,,0.209,0.23,,,0.01,0.011
0054+161,60092.2,2023-05-28,fm3148,,,0.181,0.242,,,0.008,0.011
0054+161,60126.8,2023-07-01,fm3182,,,0.217,0.275,,,0.01,0.011
0054+161,60139.7,2023-07-14,fm3195,,,0.257,0.295,,,0.01,0.011
0054+161,60237.5,2023-10-20,fm3293,,0.289,,0.365,,0.012,,0.013
0054+161,60250.4,2023-11-02,fm3306,,0.264,0.316,0.373,,0.01,0.011,0.013
0054+161,60320.3,2024-01-11,fm4011,,,0.346,0.391,,,0.015,0.015
0054+161,60359.4,2024-02-19,fm4050,,,0.35,0.402,,,0.012,0.014
0054+161,60383.4,2024-03-14,fm4074,,0.304,0.339,0.413,,0.013,0.012,0.016
0054+161,60437.0,2024-05-06,fm4128,,,0.352,0.412,,,0.013,0.015
0054+161,60464.9,2024-06-03,fm4155,,0.298,0.361,0.424,,0.012,0.013,0.014
0054+161,60621.3,2024-11-07,fm4312,,0.474,0.551,0.664,,0.016,0.018,0.021
0054+161,60649.1,2024-12-05,fm4340,,0.566,0.655,0.82,,0.02,0.021,0.028
0054+161,60650.4,2024-12-06,fm4341,,0.544,0.621,0.767,,0.017,0.019,0.024
0054+161,60702.0,2025-01-27,fm5027,,0.495,0.585,0.726,,0.016,0.019,0.023
0054+161,60727.3,2025-02-21,fm5052,,0.541,0.625,0.734,,0.019,0.02,0.023
0054+161,60729.1,2025-02-23,fm5053,,0.545,0.619,,,0.017,0.019,
0054+161,60763.0,2025-03-29,fm5087,,0.614,0.675,0.79,,0.019,0.021,0.024
0054+161,60789.1,2025-04-24,fm5114,,0.609,0.671,0.752,,0.02,0.02,0.023
0054+161,60814.1,2025-05-19,fm5139,,0.705,0.706,0.74,,0.029,0.026,0.023
0054+161,60858.8,2025-07-02,fm5183,0.461,0.596,0.641,0.679,0.018,0.019,0.02,0.022
0054+161,60872.7,2025-07-16,fm5197,,0.624,,0.692,,0.022,,0.021
0054+161,60939.6,2025-09-21,fm5264,,0.702,0.719,0.707,,0.024,0.022,0.022
0054+161,60981.2,2025-11-02,fm5306,,0.691,0.706,0.702,,0.021,0.022,0.022
0054+161,61006.4,2025-11-27,fm5331,,,0.738,0.755,,,0.028,0.024
0054+161,61027.4,2025-12-18,fm5352,,0.76,0.769,0.767,,0.024,0.023,0.023
0054+161,61069.2,2026-01-29,fm6029,,0.773,0.747,0.772,,0.029,0.024,0.024
0054+161,61095.1,2026-02-24,fm6054,,0.706,0.737,0.716,,0.022,0.023,0.022
0054+161,61106.1,2026-03-07,fm6066,,0.667,0.688,0.672,,0.03,0.021,0.021
0054+161,61132.0,2026-04-02,fm6092,,0.719,0.675,0.646,,0.027,0.022,0.02
0054+161,61159.9,2026-04-29,fm6120,,0.76,0.738,0.689,,0.025,0.023,0.023
0054+161,61187.9,2026-05-27,fm6148,,0.698,0.723,0.688,,0.022,0.025,0.022
0054+161,61226.8,2026-07-05,fm6186,,,0.862,0.774,,,0.032,0.025
0054+161,61235.6,2026-07-14,vo6196,,,0.85,0.799,,,0.03,0.027
0054+161,61250.0,2026-07-28,vo6210,,,0.811,0.784,,,0.038,0.033
0054+161,61254.7,2026-08-02,fm6214,,0.735,0.736,0.721,,0.028,0.026,0.022
0054+161,61289.6,2026-09-06,fm6249,,0.729,0.75,0.713,,0.023,0.024,0.023
0059+581,59957.6,2023-01-13,fm3013,,2.562,2.559,2.59,,0.077,0.077,0.081
0059+581,59975.7,2023-01-31,fm3031,2.606,2.55,2.549,2.654,0.094,0.079,0.077,0.08
0059+581,60078.2,2023-05-14,fm3134,,2.36,2.693,3.337,,0.087,0.083,0.101
0059+581,60092.2,2023-05-28,fm3148,,,2.657,3.396,,,0.085,0.103
0059+581,60127.0,2023-07-02,fm3182,,2.608,2.802,3.171,,0.08,0.085,0.096
0059+581,60139.5,2023-07-14,fm3195,,2.754,2.844,3.152,,0.085,0.088,0.096
0059+581,60237.3,2023-10-20,fm3293,,2.418,2.577,2.888,,0.074,0.078,0.087
0059+581,60243.3,2023-10-26,vo3299,,2.457,2.54,2.771,,0.075,0.077,0.084
0059+581,60250.3,2023-11-02,fm3306,,2.471,2.591,2.526,,0.077,0.079,0.076
0059+581,60320.4,2024-01-11,fm4011,,2.268,2.292,2.444,,0.074,0.069,0.074
0059+581,60359.3,2024-02-19,fm4050,2.079,2.14,2.174,2.174,0.071,0.066,0.066,0.066
0059+581,60383.4,2024-03-14,fm4074,,1.794,1.808,1.917,,0.056,0.055,0.058
0059+581,60417.1,2024-04-17,vo4108,,2.359,2.328,2.236,,0.072,0.07,0.069
0059+581,60424.0,2024-04-24,vo4115,,2.074,2.151,2.225,,0.066,0.065,0.067
0059+581,60437.1,2024-05-07,fm4128,,1.803,2.175,2.153,,0.073,0.07,0.065
0059+581,60459.0,2024-05-29,vo4150,,2.11,2.089,2.163,,0.068,0.063,0.066
0059+581,60464.4,2024-06-03,fm4155,,1.925,2.065,2.102,,0.064,0.063,0.064
0059+581,60557.0,2024-09-04,vo4248,,2.22,2.151,2.079,,0.078,0.065,0.063
0059+581,60578.0,2024-09-25,vo4269,2.377,2.262,2.242,2.23,0.076,0.069,0.067,0.067
0059+581,60592.1,2024-10-09,vo4283,,1.973,1.998,2.01,,0.06,0.06,0.061
0059+581,60620.0,2024-11-06,vo4311,,2.275,2.309,2.205,,0.075,0.069,0.066
0059+581,60621.3,2024-11-07,fm4312,2.332,2.239,2.229,2.081,0.081,0.071,0.075,0.063
0059+581,60648.0,2024-12-04,vo4339,2.329,2.144,2.202,2.116,0.077,0.074,0.068,0.064
0059+581,60649.2,2024-12-05,fm4340,,2.207,2.238,2.227,,0.072,0.072,0.076
0059+581,60650.4,2024-12-06,fm4341,,2.028,2.001,1.881,,0.063,0.06,0.057
0059+581,60655.0,2024-12-11,vo4346,,2.086,2.267,1.991,,0.063,0.069,0.061
0059+581,60696.5,2025-01-21,vo5022,,2.113,2.059,1.985,,0.066,0.062,0.06
0059+581,60702.1,2025-01-27,fm5027,,2.171,2.118,2.02,,0.068,0.064,0.061
0059+581,60703.5,2025-01-28,vo5029,,2.1,2.034,1.98,,0.064,0.061,0.06
0059+581,60717.5,2025-02-11,vo5043,,2.005,1.954,1.934,,0.061,0.059,0.058
0059+581,60727.3,2025-02-21,fm5052,2.04,2.072,2.046,1.957,0.065,0.064,0.062,0.059
0059+581,60728.4,2025-02-22,fm5053,,2.075,2.017,2.012,,0.063,0.061,0.062
0059+581,60762.4,2025-03-28,fm5087,,2.043,2.004,2.08,,0.062,0.061,0.063
0059+581,60773.6,2025-04-08,vo5099,,1.986,1.955,2.036,,0.06,0.059,0.061
0059+581,60789.0,2025-04-24,fm5114,2.401,2.167,2.142,2.112,0.105,0.071,0.065,0.064
0059+581,60808.5,2025-05-13,vo5134,,1.964,1.983,2.1,,0.062,0.06,0.064
0059+581,60814.0,2025-05-19,fm5139,1.998,1.973,2.069,2.118,0.084,0.062,0.062,0.064
0059+581,60850.7,2025-06-24,vo5176,1.991,1.961,,2.298,0.069,0.06,,0.07
0059+581,60858.1,2025-07-02,fm5183,,2.166,2.255,2.462,,0.067,0.068,0.076
0059+581,60872.1,2025-07-16,fm5197,,2.125,,2.364,,0.066,,0.072
0059+581,60906.6,2025-08-19,vo5232,2.239,2.337,2.468,2.638,0.128,0.073,0.074,0.079
0059+581,60939.2,2025-09-21,fm5264,,2.032,2.063,2.148,,0.068,0.063,0.065
0059+581,60955.6,2025-10-07,vo5281,,2.146,2.196,2.164,,0.065,0.066,0.065
0059+581,60976.5,2025-10-28,vo5302,,2.168,2.122,2.082,,0.066,0.064,0.063
0059+581,60981.3,2025-11-02,fm5306,2.221,2.027,1.986,1.892,0.083,0.067,0.06,0.058
0059+581,61005.0,2025-11-25,vo5330,,2.009,2.02,1.924,,0.062,0.061,0.059
0059+581,61006.0,2025-11-26,fm5331,,2.199,2.149,2.03,,0.067,0.065,0.062
0059+581,61025.5,2025-12-16,vo5351,,1.946,1.899,1.744,,0.06,0.057,0.053
0059+581,61027.2,2025-12-18,fm5352,,1.827,1.729,1.708,,0.058,0.053,0.052
0059+581,61053.5,2026-01-13,vo6014,,1.827,1.772,,,0.057,0.054,
0059+581,61068.8,2026-01-28,fm6029,,1.756,1.713,1.589,,0.054,0.052,0.048
0059+581,61088.9,2026-02-17,vo6049,,1.62,1.586,1.454,,0.05,0.048,0.045
0059+581,61094.4,2026-02-23,fm6054,,1.673,1.616,1.497,,0.051,0.049,0.046
0059+581,61095.5,2026-02-24,vo6056,,1.666,1.623,1.435,,0.051,0.049,0.043
0059+581,61105.8,2026-03-06,fm6066,,1.653,1.604,1.429,,0.052,0.049,0.043
0059+581,61130.6,2026-03-31,vo6091,,1.391,1.358,1.343,,0.044,0.042,0.041
0059+581,61131.8,2026-04-01,fm6092,,1.506,1.464,1.411,,0.048,0.045,0.043
0059+581,61158.5,2026-04-28,vo6119,,1.565,1.531,1.585,,0.054,0.047,0.048
0059+581,61159.8,2026-04-29,fm6120,,1.599,1.589,1.533,,0.051,0.048,0.047
0059+581,61187.7,2026-05-27,fm6148,,1.354,1.336,1.433,,0.043,0.04,0.044
0059+581,61201.5,2026-06-10,vo6162,,1.399,1.402,1.486,,0.049,0.043,0.046
0059+581,61226.6,2026-07-05,fm6186,,1.459,1.491,1.679,,0.044,0.046,0.051
0059+581,61235.5,2026-07-14,vo6196,,,1.619,1.69,,,0.049,0.051
0059+581,61249.5,2026-07-28,vo6210,,1.48,1.512,1.744,,0.048,0.047,0.053
0059+581,61254.4,2026-08-02,fm6214,,1.394,1.515,1.712,,0.044,0.046,0.052
0059+581,61289.4,2026-09-06,fm6249,,1.489,1.572,,,0.045,0.048,
0106+013,61054.3,2026-01-14,vo6014,,2.234,2.124,,,0.072,0.071,
0106+013,61089.2,2026-02-18,vo6049,,2.103,1.966,1.611,,0.076,0.062,0.05
0106+013,61159.0,2026-04-29,vo6119,,1.948,1.799,,,0.066,0.058,
0106+013,61235.5,2026-07-14,vo6196,,,1.625,1.271,,,0.05,0.04
0106+013,61249.6,2026-07-28,vo6210,,,1.648,1.298,,,0.055,0.042
0109+224,60243.3,2023-10-26,vo3299,,1.437,1.521,1.82,,0.045,0.047,0.055
0109+224,60424.0,2024-04-24,vo4115,,0.99,1.053,1.136,,0.031,0.033,0.034
0109+224,60459.0,2024-05-29,vo4150,,,0.854,0.965,,,0.027,0.03
0109+224,60557.4,2024-09-04,vo4248,,,0.615,0.692,,,0.021,0.021
0109+224,60578.4,2024-09-25,vo4269,,0.682,0.722,0.867,,0.021,0.022,0.027
0109+224,60620.3,2024-11-06,vo4311,,0.791,0.876,1.086,,0.03,0.028,0.033
0109+224,60648.1,2024-12-04,vo4339,,0.796,0.902,1.204,,0.027,0.028,0.037
0109+224,60655.0,2024-12-11,vo4346,,0.857,1.044,1.261,,0.028,0.032,0.039
0109+224,60697.1,2025-01-22,vo5022,,0.748,0.847,1.112,,0.026,0.026,0.034
0109+224,60704.0,2025-01-29,vo5029,,0.762,0.842,1.105,,0.024,0.026,0.034
0109+224,60718.0,2025-02-12,vo5043,,0.78,0.863,1.105,,0.025,0.028,0.034
0109+224,60773.9,2025-04-08,vo5099,,0.762,0.827,0.962,,0.024,0.026,0.029
0109+224,60906.5,2025-08-19,vo5232,,1.026,1.086,1.288,,0.035,0.034,0.039
0109+224,60955.6,2025-10-07,vo5281,,1.28,1.447,1.81,,0.041,0.047,0.055
0109+224,60976.5,2025-10-28,vo5302,,1.194,1.373,1.845,,0.038,0.042,0.056
0109+224,61005.3,2025-11-26,vo5330,,1.271,1.473,2.031,,0.044,0.045,0.062
0109+224,61025.6,2025-12-16,vo5351,,1.568,1.806,2.534,,0.05,0.057,0.078
0109+224,61054.1,2026-01-14,vo6014,,1.837,2.142,3.04,,0.062,0.068,0.093
0109+224,61089.0,2026-02-18,vo6049,,2.037,2.395,3.503,,0.062,0.076,0.108
0109+224,61096.0,2026-02-25,vo6056,,2.066,2.458,3.404,,0.068,0.078,0.103
0109+224,61130.9,2026-03-31,vo6091,,2.057,2.338,2.973,,0.069,0.076,0.09
0109+224,61158.9,2026-04-28,vo6119,,1.719,1.861,2.29,,0.059,0.057,0.07
0109+224,61201.5,2026-06-10,vo6162,,1.634,1.711,1.952,,0.056,0.053,0.06
0109+224,61235.6,2026-07-14,vo6196,,,1.612,1.926,,,0.05,0.059
0109+224,61249.5,2026-07-28,vo6210,,1.581,1.691,2.063,,0.052,0.052,0.063
0109+351,61089.2,2026-02-18,vo6049,,0.37,,0.353,,0.017,,0.014
0109+351,61131.0,2026-04-01,vo6091,,,,0.373,,,,0.015
0109+351,61201.9,2026-06-10,vo6162,,,0.36,0.364,,,0.017,0.015
0109+351,61235.9,2026-07-14,vo6196,,,0.357,0.384,,,0.018,0.015
0110+495,59957.6,2023-01-13,fm3013,,0.656,0.736,0.821,,0.02,0.023,0.025
0110+495,59975.6,2023-01-31,fm3031,,0.735,0.733,0.771,,0.023,0.023,0.024
0110+495,60078.2,2023-05-14,fm3134,,0.825,0.807,0.881,,0.042,0.025,0.027
0110+495,60092.3,2023-05-28,fm3148,,,0.797,0.876,,,0.025,0.027
0110+495,60126.6,2023-07-01,fm3182,,0.809,0.809,0.84,,0.025,0.025,0.027
0110+495,60139.4,2023-07-14,fm3195,,0.794,0.823,0.881,,0.025,0.025,0.027
0110+495,60237.2,2023-10-20,fm3293,,0.713,0.735,0.743,,0.025,0.023,0.023
0110+495,60250.3,2023-11-02,fm3306,,0.72,0.726,0.721,,0.023,0.022,0.023
0110+495,60320.4,2024-01-11,fm4011,,0.661,0.683,0.669,,0.024,0.021,0.021
0110+495,60359.3,2024-02-19,fm4050,,0.622,0.629,0.62,,0.02,0.02,0.02
0110+495,60383.4,2024-03-14,fm4074,,0.639,0.653,0.67,,0.021,0.022,0.022
0110+495,60437.0,2024-05-07,fm4128,,0.63,0.641,0.623,,0.021,0.02,0.02
0110+495,60464.5,2024-06-03,fm4155,,0.663,0.649,0.61,,0.024,0.02,0.019
0110+495,60621.3,2024-11-07,fm4312,,0.629,0.657,0.754,,0.02,0.022,0.024
0110+495,60649.2,2024-12-05,fm4340,,0.712,0.748,0.837,,0.023,0.024,0.029
0110+495,60650.4,2024-12-06,fm4341,,0.72,0.718,0.79,,0.022,0.022,0.025
0110+495,60702.1,2025-01-27,fm5027,,0.782,0.815,0.898,,0.027,0.025,0.028
0110+495,60727.2,2025-02-21,fm5052,,0.732,0.764,0.865,,0.023,0.024,0.027
0110+495,60728.4,2025-02-22,fm5053,,0.715,0.766,,,0.023,0.024,
0110+495,60762.4,2025-03-28,fm5087,,0.782,0.778,0.87,,0.026,0.024,0.027
0110+495,60789.1,2025-04-24,fm5114,,0.816,0.829,0.927,,0.027,0.025,0.028
0110+495,60814.1,2025-05-19,fm5139,,0.837,0.847,0.927,,0.028,0.026,0.028
0110+495,60858.1,2025-07-02,fm5183,,0.773,0.8,0.892,,0.025,0.025,0.029
0110+495,60872.1,2025-07-16,fm5197,,0.796,,0.869,,0.027,,0.027
0110+495,60939.2,2025-09-21,fm5264,,0.862,0.841,0.892,,0.028,0.026,0.028
0110+495,60981.3,2025-11-02,fm5306,,0.797,0.807,0.846,,0.025,0.025,0.026
0110+495,61006.0,2025-11-27,fm5331,0.8,0.827,0.843,0.87,0.034,0.027,0.026,0.027
0110+495,61027.2,2025-12-18,fm5352,,0.775,0.769,0.821,,0.024,0.024,0.026
0110+495,61068.8,2026-01-28,fm6029,,0.674,0.683,0.758,,0.022,0.021,0.023
0110+495,61094.4,2026-02-23,fm6054,,0.698,0.705,0.752,,0.022,0.022,0.024
0110+495,61105.8,2026-03-06,fm6066,,0.649,0.642,0.664,,0.021,0.02,0.021
0110+495,61131.8,2026-04-01,fm6092,,0.595,0.622,0.724,,0.021,0.02,0.023
0110+495,61159.8,2026-04-29,fm6120,,0.677,0.709,0.813,,0.023,0.022,0.025
0110+495,61187.7,2026-05-27,fm6148,,0.689,0.708,0.83,,0.022,0.022,0.026
0110+495,61226.6,2026-07-05,fm6186,,0.691,0.708,0.849,,0.022,0.023,0.027
0110+495,61254.4,2026-08-02,fm6214,,0.764,0.778,0.871,,0.025,0.024,0.027
0110+495,61289.4,2026-09-06,fm6249,,0.679,0.703,,,0.022,0.023,
0111+021,60955.5,2025-10-07,vo5281,,0.556,0.569,0.545,,0.018,0.02,0.017
0113-118,61131.2,2026-04-01,vo6091,,1.44,1.439,,,0.05,0.051,
0115-214,60809.2,2025-05-14,vo5134,,0.509,0.556,0.609,,0.02,0.019,0.02
0115-214,60851.1,2025-06-25,vo5176,,0.566,,0.626,,0.019,,0.02
0115-214,60907.0,2025-08-19,vo5232,,,,0.662,,,,0.026
0115-214,60976.5,2025-10-28,vo5302,,,0.506,0.488,,,0.032,0.027
0115-214,61005.6,2025-11-26,vo5330,,0.453,0.464,0.463,,0.017,0.017,0.016
0115-214,61026.6,2025-12-17,vo5351,,0.435,0.463,0.515,,0.017,0.018,0.019
0116-219,61096.4,2026-02-25,vo6056,,,,0.917,,,,0.048
0116-219,61131.4,2026-04-01,vo6091,,0.886,1.044,1.154,,0.055,0.049,0.044
0116-219,61250.0,2026-07-28,vo6210,,,1.124,1.176,,,0.052,0.046
0119+041,60243.6,2023-10-26,vo3299,,1.54,1.615,1.731,,0.048,0.05,0.053
0119+041,60459.0,2024-05-29,vo4150,,1.677,1.694,1.96,,0.052,0.052,0.061
0119+041,60557.6,2024-09-04,vo4248,,,1.614,1.76,,,0.05,0.054
0119+041,60578.6,2024-09-25,vo4269,,1.608,1.679,1.853,,0.049,0.051,0.056
0119+041,60620.4,2024-11-06,vo4311,,1.645,1.679,1.761,,0.05,0.051,0.054
0119+041,60648.5,2024-12-04,vo4339,,1.632,1.692,1.748,,0.062,0.055,0.054
0119+041,60655.4,2024-12-11,vo4346,,1.624,1.798,1.739,,0.053,0.057,0.054
0119+041,60697.2,2025-01-22,vo5022,,1.578,1.636,1.694,,0.049,0.05,0.052
0119+041,60704.2,2025-01-29,vo5029,,1.612,1.663,1.714,,0.05,0.051,0.052
0119+041,60718.2,2025-02-12,vo5043,,1.585,1.617,1.703,,0.049,0.049,0.051
0119+041,60809.0,2025-05-13,vo5134,,1.523,1.589,1.623,,0.053,0.049,0.05
0119+041,60906.5,2025-08-19,vo5232,,1.479,1.518,1.577,,0.048,0.047,0.048
0119+041,60976.5,2025-10-28,vo5302,,1.37,1.362,1.453,,0.043,0.042,0.045
0119+041,61005.4,2025-11-26,vo5330,,1.361,1.377,1.408,,0.042,0.042,0.043
0119+115,60592.5,2024-10-09,vo4283,,3.517,3.382,2.897,,0.107,0.102,0.089
0119+115,60850.7,2025-06-24,vo5176,3.818,4.103,,3.69,0.125,0.125,,0.112
0119+115,61026.3,2025-12-17,vo5351,3.912,3.79,3.675,3.129,0.131,0.115,0.111,0.095
0119+115,61096.2,2026-02-25,vo6056,3.48,3.51,3.319,2.804,0.118,0.108,0.101,0.085
0119+115,61235.5,2026-07-14,vo6196,,,3.076,2.65,,,0.095,0.081
0123+257,61054.4,2026-01-14,vo6014,,1.001,0.981,,,0.033,0.036,
0123+257,61235.8,2026-07-14,vo6196,,,1.01,0.88,,,0.033,0.028
0130-171,61096.4,2026-02-25,vo6056,,1.125,1.122,1.206,,0.043,0.047,0.046
0130-171,61131.2,2026-04-01,vo6091,,1.053,1.179,1.252,,0.041,0.041,0.042
0130-171,61202.1,2026-06-11,vo6162,,1.248,1.152,1.238,,0.044,0.039,0.04
0130-171,61236.0,2026-07-15,vo6196,,,1.117,1.121,,,0.042,0.037
0130-171,61250.0,2026-07-28,vo6210,,,1.104,1.126,,,0.044,0.039
0133+476,59957.6,2023-01-13,fm3013,,1.904,2.114,2.572,,0.06,0.064,0.078
0133+476,59975.7,2023-01-31,fm3031,1.498,1.871,2.018,2.504,0.061,0.062,0.067,0.076
0133+476,60078.2,2023-05-14,fm3134,,1.625,1.807,2.272,,0.052,0.056,0.069
0133+476,60092.2,2023-05-28,fm3148,,,1.684,2.093,,,0.054,0.063
0133+476,60126.2,2023-07-01,fm3182,,1.831,1.936,2.235,,0.056,0.058,0.068
0133+476,60139.5,2023-07-14,fm3195,,1.885,2.059,2.472,,0.061,0.063,0.075
0133+476,60237.3,2023-10-20,fm3293,,2.0,2.215,2.725,,0.064,0.067,0.083
0133+476,60243.3,2023-10-26,vo3299,,2.104,2.302,2.914,,0.065,0.071,0.088
0133+476,60250.4,2023-11-02,fm3306,,2.095,2.364,2.843,,0.068,0.073,0.086
0133+476,60320.5,2024-01-11,fm4011,,2.183,2.293,2.977,,0.08,0.083,0.091
0133+476,60359.4,2024-02-19,fm4050,,2.028,2.279,2.845,,0.072,0.075,0.086
0133+476,60383.8,2024-03-14,fm4074,,1.961,2.194,2.651,,0.072,0.068,0.081
0133+476,60424.0,2024-04-24,vo4115,,2.247,2.512,3.022,,0.076,0.077,0.092
0133+476,60437.1,2024-05-07,fm4128,,2.121,2.393,2.965,,0.069,0.073,0.089
0133+476,60459.2,2024-05-29,vo4150,,2.37,2.544,3.199,,0.072,0.078,0.099
0133+476,60464.4,2024-06-03,fm4155,,2.293,2.482,2.834,,0.072,0.076,0.086
0133+476,60557.1,2024-09-04,vo4248,,1.928,2.049,2.392,,0.064,0.063,0.073
0133+476,60578.0,2024-09-25,vo4269,,2.006,2.212,2.816,,0.061,0.068,0.085
0133+476,60592.0,2024-10-09,vo4283,,1.853,2.033,2.544,,0.061,0.062,0.077
0133+476,60620.1,2024-11-06,vo4311,,1.835,2.008,2.474,,0.063,0.061,0.076
0133+476,60621.3,2024-11-07,fm4312,1.559,1.994,2.169,2.501,0.053,0.062,0.069,0.082
0133+476,60648.0,2024-12-04,vo4339,,2.029,2.175,2.601,,0.066,0.066,0.079
0133+476,60649.2,2024-12-05,fm4340,,2.046,2.266,2.839,,0.07,0.072,0.095
0133+476,60650.4,2024-12-06,fm4341,,1.94,2.143,2.599,,0.062,0.065,0.079
0133+476,60655.0,2024-12-11,vo4346,,1.94,2.315,2.645,,0.062,0.07,0.083
0133+476,60696.5,2025-01-21,vo5022,,2.155,2.387,2.931,,0.068,0.072,0.09
0133+476,60702.1,2025-01-27,fm5027,,2.119,2.335,3.023,,0.065,0.07,0.092
0133+476,60703.5,2025-01-28,vo5029,,1.815,2.036,2.751,,0.056,0.064,0.083
0133+476,60717.5,2025-02-11,vo5043,,2.125,2.35,2.954,,0.065,0.071,0.089
0133+476,60727.3,2025-02-21,fm5052,,2.254,2.477,3.28,,0.07,0.076,0.099
0133+476,60728.4,2025-02-22,fm5053,,2.199,2.441,3.2,,0.068,0.074,0.097
0133+476,60762.4,2025-03-28,fm5087,,2.483,2.638,3.194,,0.079,0.08,0.096
0133+476,60773.6,2025-04-08,vo5099,,2.303,2.533,3.071,,0.071,0.077,0.092
0133+476,60789.1,2025-04-24,fm5114,1.874,2.301,2.471,2.94,0.06,0.071,0.074,0.089
0133+476,60808.5,2025-05-13,vo5134,,2.226,2.34,2.793,,0.07,0.071,0.085
0133+476,60814.0,2025-05-19,fm5139,,2.38,2.561,2.965,,0.072,0.078,0.09
0133+476,60850.8,2025-06-24,vo5176,1.838,2.272,,2.921,0.065,0.069,,0.088
0133+476,60858.1,2025-07-02,fm5183,1.899,2.309,2.438,2.919,0.076,0.071,0.074,0.091
0133+476,60872.1,2025-07-16,fm5197,1.621,2.184,,2.906,0.058,0.068,,0.088
0133+476,60906.5,2025-08-19,vo5232,,2.285,2.571,3.326,,0.073,0.078,0.1
0133+476,60939.2,2025-09-21,fm5264,,2.299,2.402,3.005,,0.076,0.073,0.091
0133+476,60955.6,2025-10-07,vo5281,,2.147,2.403,3.053,,0.065,0.075,0.092
0133+476,60976.6,2025-10-28,vo5302,,2.207,2.466,3.273,,0.071,0.075,0.099
0133+476,60981.3,2025-11-02,fm5306,,2.096,2.316,2.955,,0.066,0.071,0.09
0133+476,61005.0,2025-11-25,vo5330,,2.325,2.561,3.279,,0.074,0.077,0.1
0133+476,61006.0,2025-11-26,fm5331,1.927,2.349,2.632,3.457,0.064,0.073,0.08,0.105
0133+476,61025.5,2025-12-16,vo5351,,2.256,2.529,3.314,,0.075,0.08,0.1
0133+476,61027.1,2025-12-18,fm5352,,2.259,2.494,3.238,,0.071,0.076,0.098
0133+476,61053.6,2026-01-13,vo6014,,2.147,2.421,,,0.066,0.075,
0133+476,61068.8,2026-01-28,fm6029,1.664,2.177,2.361,2.982,0.067,0.066,0.072,0.09
0133+476,61089.0,2026-02-17,vo6049,,1.963,2.13,2.587,,0.06,0.066,0.079
0133+476,61094.4,2026-02-23,fm6054,2.044,2.483,2.672,3.126,0.067,0.076,0.082,0.095
0133+476,61095.6,2026-02-24,vo6056,,2.459,2.584,2.958,,0.075,0.079,0.09
0133+476,61105.8,2026-03-06,fm6066,,2.285,2.414,2.835,,0.071,0.073,0.086
0133+476,61130.6,2026-03-31,vo6091,,2.162,2.316,2.768,,0.067,0.071,0.084
0133+476,61131.8,2026-04-01,fm6092,,2.275,2.393,2.866,,0.07,0.072,0.087
0133+476,61158.7,2026-04-28,vo6119,,2.05,2.15,2.639,,0.066,0.067,0.081
0133+476,61159.8,2026-04-29,fm6120,,2.04,2.222,2.657,,0.07,0.068,0.083
0133+476,61187.7,2026-05-27,fm6148,,2.102,2.233,2.708,,0.067,0.07,0.082
0133+476,61201.7,2026-06-10,vo6162,,2.314,2.424,2.878,,0.097,0.081,0.088
0133+476,61226.6,2026-07-05,fm6186,,2.241,2.41,2.848,,0.08,0.074,0.086
0133+476,61235.7,2026-07-14,vo6196,,,2.496,2.838,,,0.077,0.086
0133+476,61249.6,2026-07-28,vo6210,,2.247,2.344,2.78,,0.075,0.073,0.085
0133+476,61254.4,2026-08-02,fm6214,,2.393,2.546,2.886,,0.077,0.077,0.087
0133+476,61289.4,2026-09-06,fm6249,,2.444,2.648,3.003,,0.074,0.081,0.093
0138-097,61236.0,2026-07-14,vo6196,,,1.165,1.205,,,0.045,0.048
0146+056,61096.2,2026-02-25,vo6056,,0.949,0.916,0.768,,0.032,0.031,0.029
0149+218,59957.5,2023-01-13,fm3013,,0.771,0.775,0.672,,0.024,0.024,0.022
0149+218,59976.2,2023-02-01,fm3031,,0.756,0.764,0.668,,0.025,0.023,0.021
0149+218,60078.1,2023-05-14,fm3134,,0.768,0.692,0.643,,0.026,0.022,0.021
0149+218,60092.2,2023-05-28,fm3148,,,0.704,0.648,,,0.023,0.021
0149+218,60126.9,2023-07-01,fm3182,,0.689,0.716,0.619,,0.023,0.023,0.021
0149+218,60139.7,2023-07-14,fm3195,,0.72,0.722,0.652,,0.025,0.023,0.022
0149+218,60237.4,2023-10-20,fm3293,,0.744,0.753,0.709,,0.027,0.023,0.022
0149+218,60250.4,2023-11-02,fm3306,,0.771,0.769,0.713,,0.024,0.024,0.023
0149+218,60320.5,2024-01-11,fm4011,,0.736,0.797,0.767,,0.024,0.025,0.024
0149+218,60359.3,2024-02-19,fm4050,,0.784,0.79,0.78,,0.024,0.025,0.024
0149+218,60383.6,2024-03-14,fm4074,,0.79,0.811,0.8,,0.027,0.028,0.029
0149+218,60437.0,2024-05-07,fm4128,,0.825,0.861,0.858,,0.03,0.026,0.027
0149+218,60464.9,2024-06-03,fm4155,,0.827,0.854,0.872,,0.032,0.026,0.027
0149+218,60621.4,2024-11-07,fm4312,,0.95,0.972,1.047,,0.031,0.03,0.032
0149+218,60649.2,2024-12-05,fm4340,,0.782,0.981,0.824,,0.029,0.032,0.028
0149+218,60650.4,2024-12-06,fm4341,,0.956,1.025,1.102,,0.029,0.032,0.034
0149+218,60702.0,2025-01-27,fm5027,,1.09,1.131,1.187,,0.034,0.034,0.036
0149+218,60727.3,2025-02-21,fm5052,1.042,1.068,1.147,1.268,0.039,0.033,0.035,0.039
0149+218,60728.5,2025-02-22,fm5053,1.035,1.071,1.183,1.299,0.034,0.033,0.036,0.04
0149+218,60763.0,2025-03-29,fm5087,1.035,1.158,1.172,1.302,0.043,0.035,0.035,0.04
0149+218,60789.1,2025-04-24,fm5114,,1.145,1.202,1.253,,0.038,0.036,0.038
0149+218,60814.0,2025-05-19,fm5139,0.996,1.15,1.197,1.233,0.035,0.04,0.036,0.037
0149+218,60858.7,2025-07-02,fm5183,1.067,1.126,1.176,1.257,0.035,0.036,0.036,0.039
0149+218,60872.7,2025-07-16,fm5197,1.086,1.199,,1.246,0.051,0.04,,0.038
0149+218,60939.5,2025-09-21,fm5264,,1.171,1.215,1.254,,0.037,0.037,0.038
0149+218,60981.4,2025-11-02,fm5306,,1.191,1.257,1.326,,0.044,0.039,0.04
0149+218,61006.3,2025-11-27,fm5331,,1.253,1.311,1.37,,0.04,0.04,0.042
0149+218,61027.4,2025-12-18,fm5352,1.231,1.249,1.313,1.382,0.042,0.04,0.04,0.042
0149+218,61069.2,2026-01-29,fm6029,1.177,1.261,1.307,1.352,0.038,0.039,0.039,0.041
0149+218,61094.5,2026-02-23,fm6054,1.141,1.199,1.27,1.35,0.038,0.036,0.039,0.041
0149+218,61106.1,2026-03-07,fm6066,1.154,1.237,1.302,1.341,0.042,0.039,0.04,0.041
0149+218,61132.0,2026-04-02,fm6092,,1.177,1.253,1.289,,0.04,0.039,0.04
0149+218,61159.9,2026-04-29,fm6120,,1.204,1.255,1.299,,0.038,0.038,0.04
0149+218,61187.9,2026-05-27,fm6148,,1.173,1.183,1.26,,0.04,0.036,0.038
0149+218,61226.7,2026-07-05,fm6186,,1.183,1.221,1.263,,0.046,0.038,0.039
0149+218,61254.7,2026-08-02,fm6214,,1.172,1.243,1.287,,0.042,0.04,0.04
0149+218,61289.6,2026-09-06,fm6249,,1.205,1.263,1.329,,0.04,0.039,0.042
0159+723,59957.6,2023-01-13,fm3013,,0.674,0.648,0.642,,0.022,0.02,0.021
0159+723,59975.7,2023-01-31,fm3031,,0.681,0.676,0.652,,0.021,0.021,0.02
0159+723,60078.2,2023-05-14,fm3134,,,0.656,0.679,,,0.02,0.022
0159+723,60092.2,2023-05-28,fm3148,,,0.69,0.703,,,0.023,0.022
0159+723,60126.3,2023-07-01,fm3182,,0.668,0.665,0.679,,0.021,0.021,0.021
0159+723,60139.5,2023-07-14,fm3195,,0.68,0.679,0.681,,0.023,0.021,0.021
0159+723,60237.3,2023-10-20,fm3293,,0.703,0.707,0.724,,0.025,0.022,0.023
0159+723,60250.4,2023-11-02,fm3306,,0.693,0.705,0.723,,0.023,0.022,0.023
0159+723,60320.4,2024-01-11,fm4011,,0.709,0.701,0.719,,0.025,0.022,0.022
0159+723,60359.4,2024-02-19,fm4050,,0.72,0.725,0.746,,0.024,0.023,0.023
0159+723,60383.4,2024-03-14,fm4074,,0.736,0.759,0.753,,0.024,0.025,0.024
0159+723,60437.6,2024-05-07,fm4128,,0.73,0.761,0.759,,0.025,0.024,0.025
0159+723,60464.5,2024-06-03,fm4155,,0.731,0.748,0.715,,0.029,0.025,0.023
0159+723,60621.4,2024-11-07,fm4312,,0.712,0.716,0.674,,0.022,0.023,0.021
0159+723,60649.3,2024-12-05,fm4340,,0.714,0.725,0.707,,0.023,0.023,0.024
0159+723,60650.5,2024-12-06,fm4341,,0.674,0.699,0.671,,0.023,0.022,0.021
0159+723,60702.2,2025-01-27,fm5027,,0.639,0.651,0.622,,0.021,0.02,0.019
0159+723,60727.3,2025-02-21,fm5052,,0.629,0.635,0.596,,0.022,0.02,0.019
0159+723,60728.4,2025-02-22,fm5053,,0.645,0.668,0.634,,0.02,0.02,0.02
0159+723,60762.5,2025-03-28,fm5087,,0.599,0.603,0.569,,0.022,0.02,0.018
0159+723,60789.1,2025-04-24,fm5114,,0.591,0.57,0.551,,0.02,0.018,0.017
0159+723,60814.1,2025-05-19,fm5139,,0.579,0.547,0.509,,0.019,0.018,0.017
0159+723,60858.2,2025-07-02,fm5183,,0.556,0.549,0.503,,0.019,0.017,0.016
0159+723,60872.2,2025-07-16,fm5197,,0.528,,0.475,,0.018,,0.015
0159+723,60939.4,2025-09-21,fm5264,,0.527,0.508,0.479,,0.02,0.016,0.015
0159+723,60981.3,2025-11-02,fm5306,,0.528,0.523,0.475,,0.017,0.016,0.015
0159+723,61006.0,2025-11-27,fm5331,,0.525,0.51,0.487,,0.019,0.016,0.016
0159+723,61027.1,2025-12-18,fm5352,,0.539,0.526,0.475,,0.017,0.018,0.018
0159+723,61053.6,2026-01-13,vo6014,,0.48,0.48,,,0.018,0.019,
0159+723,61069.0,2026-01-28,fm6029,,0.518,0.484,0.478,,0.02,0.016,0.016
0159+723,61088.9,2026-02-17,vo6049,,0.5,0.49,0.462,,0.018,0.018,0.015
0159+723,61094.4,2026-02-23,fm6054,,0.498,0.505,0.477,,0.016,0.016,0.015
0159+723,61095.6,2026-02-24,vo6056,,0.494,0.511,0.456,,0.017,0.017,0.015
0159+723,61105.9,2026-03-06,fm6066,,0.489,0.49,0.446,,0.016,0.015,0.014
0159+723,61130.6,2026-03-31,vo6091,,0.49,0.504,0.454,,0.018,0.018,0.016
0159+723,61131.8,2026-04-01,fm6092,,0.505,0.474,0.459,,0.016,0.015,0.014
0159+723,61158.6,2026-04-28,vo6119,,0.53,0.503,0.451,,0.022,0.017,0.015
0159+723,61160.4,2026-04-30,fm6120,,0.463,0.485,0.457,,0.016,0.016,0.015
0159+723,61187.7,2026-05-27,fm6148,,0.502,0.478,0.461,,0.017,0.015,0.014
0159+723,61201.6,2026-06-10,vo6162,,,0.578,0.467,,,0.02,0.015
0159+723,61226.6,2026-07-05,fm6186,,,0.484,0.447,,,0.019,0.014
0159+723,61236.6,2026-07-15,vo6196,,,,0.461,,,,0.018
0159+723,61249.6,2026-07-28,vo6210,,,0.521,0.454,,,0.019,0.016
0159+723,61254.5,2026-08-02,fm6214,,0.467,0.484,0.454,,0.017,0.015,0.014
0159+723,61289.5,2026-09-06,fm6249,,0.491,0.489,0.451,,0.016,0.017,0.015
0202+149,61054.3,2026-01-14,vo6014,,3.202,3.191,2.672,,0.106,0.101,0.088
0202+149,61131.2,2026-04-01,vo6091,,2.949,2.79,2.375,,0.092,0.089,0.074
0202+319,59957.6,2023-01-13,fm3013,,2.0,2.064,2.077,,0.065,0.062,0.063
0202+319,59975.7,2023-01-31,fm3031,,1.967,2.015,2.054,,0.061,0.061,0.062
0202+319,60078.2,2023-05-14,fm3134,,1.969,2.01,2.02,,0.062,0.061,0.061
0202+319,60092.2,2023-05-28,fm3148,,,1.932,2.019,,,0.061,0.061
0202+319,60126.8,2023-07-01,fm3182,,1.934,1.97,2.027,,0.065,0.06,0.062
0202+319,60139.7,2023-07-14,fm3195,,1.916,2.002,2.046,,0.066,0.061,0.062
0202+319,60237.4,2023-10-20,fm3293,,1.924,2.019,2.129,,0.067,0.062,0.065
0202+319,60243.3,2023-10-26,vo3299,,2.003,2.06,2.195,,0.061,0.063,0.066
0202+319,60250.3,2023-11-02,fm3306,,1.935,2.014,2.094,,0.06,0.061,0.063
0202+319,60320.5,2024-01-11,fm4011,,2.026,2.023,2.076,,0.064,0.062,0.063
0202+319,60359.4,2024-02-19,fm4050,1.718,1.966,2.023,2.074,0.055,0.06,0.061,0.063
0202+319,60383.6,2024-03-14,fm4074,,1.879,1.911,1.936,,0.058,0.058,0.061
0202+319,60424.1,2024-04-24,vo4115,1.577,1.91,1.994,2.012,0.062,0.062,0.061,0.061
0202+319,60437.0,2024-05-06,fm4128,,1.986,2.055,2.008,,0.064,0.062,0.061
0202+319,60459.0,2024-05-29,vo4150,,1.934,1.995,2.123,,0.06,0.061,0.065
0202+319,60464.4,2024-06-03,fm4155,,1.765,1.883,1.891,,0.054,0.057,0.057
0202+319,60557.5,2024-09-04,vo4248,,1.948,1.978,1.977,,0.062,0.06,0.06
0202+319,60578.4,2024-09-25,vo4269,1.756,2.033,2.067,2.083,0.061,0.062,0.063,0.063
0202+319,60620.3,2024-11-06,vo4311,1.779,1.952,1.988,1.976,0.06,0.066,0.06,0.06
0202+319,60621.4,2024-11-07,fm4312,,1.967,2.019,1.941,,0.066,0.062,0.059
0202+319,60648.0,2024-12-04,vo4339,,2.015,2.072,2.034,,0.068,0.064,0.062
0202+319,60649.3,2024-12-05,fm4340,,2.016,2.103,2.08,,0.064,0.067,0.07
0202+319,60650.4,2024-12-06,fm4341,,1.938,1.985,1.934,,0.059,0.06,0.059
0202+319,60655.0,2024-12-11,vo4346,,1.969,2.198,2.012,,0.061,0.067,0.061
0202+319,60696.6,2025-01-21,vo5022,,1.902,1.927,1.883,,0.059,0.058,0.057
0202+319,60702.2,2025-01-27,fm5027,1.806,1.955,1.986,1.939,0.07,0.059,0.06,0.059
0202+319,60703.5,2025-01-28,vo5029,,1.946,1.92,1.887,,0.059,0.058,0.057
0202+319,60717.5,2025-02-11,vo5043,,1.946,1.939,1.863,,0.059,0.059,0.056
0202+319,60727.3,2025-02-21,fm5052,1.636,1.883,1.92,1.884,0.057,0.057,0.058,0.058
0202+319,60728.3,2025-02-22,fm5053,1.663,1.92,1.955,1.963,0.053,0.058,0.059,0.06
0202+319,60762.5,2025-03-28,fm5087,1.743,1.876,1.891,1.849,0.057,0.058,0.057,0.056
0202+319,60773.8,2025-04-08,vo5099,,1.857,1.899,1.864,,0.058,0.057,0.056
0202+319,60789.1,2025-04-24,fm5114,,1.921,1.968,1.903,,0.061,0.059,0.058
0202+319,60808.8,2025-05-13,vo5134,,1.891,1.888,1.87,,0.06,0.057,0.057
0202+319,60814.1,2025-05-19,fm5139,,1.907,1.889,1.878,,0.06,0.057,0.057
0202+319,60850.7,2025-06-24,vo5176,,1.903,1.924,1.948,,0.059,0.06,0.059
0202+319,60858.1,2025-07-02,fm5183,,1.913,1.922,1.973,,0.058,0.058,0.062
0202+319,60872.1,2025-07-16,fm5197,1.633,1.926,,1.896,0.057,0.061,,0.058
0202+319,60906.5,2025-08-19,vo5232,,1.939,1.958,1.933,,0.059,0.06,0.058
0202+319,60939.4,2025-09-21,fm5264,,1.898,1.886,1.832,,0.063,0.057,0.056
0202+319,60955.6,2025-10-07,vo5281,,1.848,1.863,1.78,,0.057,0.057,0.054
0202+319,60976.6,2025-10-28,vo5302,,1.866,1.898,1.849,,0.062,0.058,0.056
0202+319,60981.4,2025-11-02,fm5306,1.781,1.883,1.891,1.804,0.075,0.057,0.057,0.055
0202+319,61005.2,2025-11-26,vo5330,,1.856,1.846,1.783,,0.057,0.056,0.055
0202+319,61006.3,2025-11-27,fm5331,,1.875,1.885,1.766,,0.057,0.057,0.054
0202+319,61025.5,2025-12-16,vo5351,,1.835,1.841,1.76,,0.056,0.056,0.054
0202+319,61027.4,2025-12-18,fm5352,1.64,1.847,1.855,1.761,0.06,0.057,0.056,0.053
0202+319,61053.5,2026-01-13,vo6014,,1.826,1.8,,,0.056,0.055,
0202+319,61069.1,2026-01-29,fm6029,1.851,1.904,1.885,1.769,0.068,0.059,0.057,0.054
0202+319,61089.0,2026-02-17,vo6049,,1.862,1.844,1.767,,0.06,0.056,0.054
0202+319,61094.6,2026-02-23,fm6054,,1.833,1.852,1.717,,0.056,0.056,0.052
0202+319,61096.0,2026-02-24,vo6056,,1.802,1.81,1.662,,0.06,0.055,0.051
0202+319,61106.0,2026-03-06,fm6066,,1.813,1.828,1.714,,0.06,0.055,0.052
0202+319,61130.8,2026-03-31,vo6091,,1.822,1.812,1.669,,0.055,0.056,0.051
0202+319,61131.9,2026-04-01,fm6092,,1.88,1.859,1.726,,0.057,0.056,0.053
0202+319,61158.8,2026-04-28,vo6119,,1.778,1.712,1.645,,0.067,0.052,0.05
0202+319,61159.9,2026-04-29,fm6120,1.591,1.798,1.787,1.653,0.057,0.06,0.054,0.05
0202+319,61187.9,2026-05-27,fm6148,,1.76,1.771,1.621,,0.058,0.054,0.049
0202+319,61201.7,2026-06-10,vo6162,,1.789,1.757,1.604,,0.056,0.054,0.049
0202+319,61226.7,2026-07-05,fm6186,,1.761,1.753,1.581,,0.065,0.053,0.048
0202+319,61235.6,2026-07-14,vo6196,,,1.695,1.543,,,0.052,0.047
0202+319,61249.5,2026-07-28,vo6210,,,1.729,1.563,,,0.053,0.048
0202+319,61254.6,2026-08-02,fm6214,,1.769,1.726,1.556,,0.058,0.053,0.047
0202+319,61289.5,2026-09-06,fm6249,,1.701,1.672,1.468,,0.052,0.051,0.047
0202-172,59958.6,2023-01-14,fm3013,,1.641,1.614,1.563,,0.053,0.049,0.048
0202-172,59976.5,2023-02-01,fm3031,1.593,1.606,1.599,1.539,0.054,0.051,0.049,0.048
0202-172,60078.4,2023-05-14,fm3134,,,1.654,1.62,,,0.052,0.05
0202-172,60092.4,2023-05-28,fm3148,,,1.573,1.566,,,0.052,0.049
0202-172,60127.2,2023-07-02,fm3182,,1.658,1.64,1.615,,0.052,0.05,0.049
0202-172,60140.1,2023-07-15,fm3195,1.632,1.618,1.644,1.583,0.071,0.051,0.051,0.048
0202-172,60237.8,2023-10-20,fm3293,1.628,1.623,1.601,1.483,0.057,0.049,0.048,0.045
0202-172,60250.8,2023-11-02,fm3306,1.685,1.652,1.604,1.463,0.061,0.054,0.049,0.045
0202-172,60320.6,2024-01-11,fm4011,,1.511,1.478,1.372,,0.055,0.047,0.044
0202-172,60359.5,2024-02-19,fm4050,1.629,1.558,1.521,1.431,0.051,0.048,0.046,0.044
0202-172,60437.3,2024-05-07,fm4128,1.585,,1.509,1.386,0.067,,0.046,0.043
0202-172,60465.2,2024-06-04,fm4155,1.618,1.52,1.496,1.369,0.06,0.049,0.045,0.042
0202-172,60621.7,2024-11-07,fm4312,,1.529,1.46,1.271,,0.049,0.052,0.039
0202-172,60649.8,2024-12-05,fm4340,,0.982,1.234,1.193,,0.035,0.04,0.043
0202-172,60650.2,2024-12-06,fm4341,,1.479,1.421,1.272,,0.045,0.043,0.039
0202-172,60702.5,2025-01-27,fm5027,1.539,1.471,1.407,1.271,0.053,0.054,0.043,0.04
0202-172,60727.1,2025-02-21,fm5052,,1.49,1.409,1.284,,0.046,0.043,0.04
0202-172,60729.4,2025-02-23,fm5053,1.606,1.489,1.414,1.347,0.057,0.046,0.043,0.043
0202-172,60763.4,2025-03-29,fm5087,,1.435,1.36,1.261,,0.044,0.042,0.039
0202-172,60788.9,2025-04-23,fm5114,1.651,1.441,1.379,1.281,0.062,0.044,0.042,0.04
0202-172,60813.9,2025-05-18,fm5139,,1.424,1.379,1.293,,0.045,0.042,0.041
0202-172,60859.1,2025-07-03,fm5183,1.527,1.419,1.354,1.349,0.06,0.045,0.041,0.043
0202-172,60873.0,2025-07-17,fm5197,1.475,1.377,,1.291,0.048,0.043,,0.04
0202-172,60939.9,2025-09-21,fm5264,,1.454,1.356,1.363,,0.048,0.042,0.042
0202-172,60981.8,2025-11-02,fm5306,1.532,1.407,1.39,1.393,0.061,0.044,0.042,0.043
0202-172,61006.7,2025-11-27,fm5331,1.583,1.421,1.37,1.362,0.057,0.046,0.042,0.043
0202-172,61027.7,2025-12-18,fm5352,,1.424,1.405,1.435,,0.046,0.043,0.044
0202-172,61054.5,2026-01-14,vo6014,,1.357,1.336,,,0.047,0.045,
0202-172,61069.5,2026-01-29,fm6029,1.561,1.403,1.404,1.419,0.064,0.044,0.043,0.043
0202-172,61089.5,2026-02-18,vo6049,,1.344,1.412,1.464,,0.049,0.05,0.049
0202-172,61095.6,2026-02-24,fm6054,,1.408,1.414,1.46,,0.043,0.044,0.045
0202-172,61096.4,2026-02-25,vo6056,,1.43,1.299,1.351,,0.054,0.046,0.046
0202-172,61106.4,2026-03-07,fm6066,,1.407,1.41,1.426,,0.045,0.043,0.043
0202-172,61131.3,2026-04-01,vo6091,,1.425,1.354,1.422,,0.053,0.051,0.047
0202-172,61132.3,2026-04-02,fm6092,1.524,1.402,1.419,1.481,0.053,0.045,0.043,0.045
0202-172,61159.2,2026-04-29,vo6119,,1.4,1.36,1.423,,0.053,0.047,0.047
0202-172,61160.3,2026-04-30,fm6120,1.473,1.428,1.431,1.462,0.051,0.047,0.043,0.045
0202-172,61188.2,2026-05-28,fm6148,,1.41,1.422,1.466,,0.045,0.043,0.045
0202-172,61202.1,2026-06-11,vo6162,,1.424,1.46,1.476,,0.05,0.049,0.05
0202-172,61236.0,2026-07-15,vo6196,,,1.455,1.499,,,0.049,0.048
0202-172,61250.0,2026-07-28,vo6210,,,1.364,1.432,,,0.049,0.05
0202-172,61255.0,2026-08-03,fm6214,,1.515,1.477,1.492,,0.049,0.045,0.046
0202-172,61289.9,2026-09-06,fm6249,,1.46,1.487,1.479,,0.045,0.046,0.047
0203+625,61053.6,2026-01-13,vo6014,,1.288,1.174,,,0.041,0.037,
0203+625,61089.1,2026-02-18,vo6049,,1.293,1.152,0.841,,0.041,0.037,0.027
0203+625,61158.6,2026-04-28,vo6119,,1.285,1.178,0.832,,0.042,0.037,0.026
0203+625,61235.7,2026-07-14,vo6196,,,1.156,0.834,,,0.036,0.026
0203+625,61249.7,2026-07-28,vo6210,,1.344,1.189,0.858,,0.046,0.037,0.027
0208+106,61159.2,2026-04-29,vo6119,,,1.595,1.726,,,0.052,0.054
0212+735,61089.1,2026-02-18,vo6049,,3.588,3.551,3.556,,0.111,0.113,0.111
0212+735,61130.6,2026-03-31,vo6091,,3.492,3.515,3.381,,0.117,0.107,0.102
0212+735,61201.6,2026-06-10,vo6162,,3.646,3.542,3.366,,0.12,0.109,0.103
0212+735,61235.7,2026-07-14,vo6196,,,3.617,3.36,,,0.111,0.102
0215+015,59957.5,2023-01-13,fm3013,,1.635,1.652,1.546,,0.052,0.051,0.051
0215+015,59976.4,2023-02-01,fm3031,1.581,1.692,1.723,1.642,0.062,0.053,0.054,0.05
0215+015,60078.0,2023-05-14,fm3134,,,1.558,1.519,,,0.048,0.048
0215+015,60092.1,2023-05-28,fm3148,,,1.441,1.404,,,0.046,0.043
0215+015,60127.0,2023-07-02,fm3182,1.126,1.257,1.249,1.147,0.044,0.04,0.038,0.036
0215+015,60139.9,2023-07-14,fm3195,,1.138,1.135,1.059,,0.036,0.035,0.033
0215+015,60237.6,2023-10-20,fm3293,,0.947,0.916,0.841,,0.033,0.03,0.026
0215+015,60250.6,2023-11-02,fm3306,,0.87,0.859,0.79,,0.028,0.027,0.026
0215+015,60320.6,2024-01-11,fm4011,,0.642,0.579,0.522,,0.023,0.018,0.017
0215+015,60359.5,2024-02-19,fm4050,0.707,0.567,0.525,0.477,0.025,0.019,0.017,0.016
0215+015,60383.4,2024-03-14,fm4074,,0.505,0.487,0.448,,0.019,0.017,0.02
0215+015,60437.2,2024-05-07,fm4128,,0.483,0.495,0.466,,0.019,0.017,0.016
0215+015,60465.0,2024-06-04,fm4155,,0.457,0.474,0.505,,0.015,0.016,0.016
0215+015,60621.6,2024-11-07,fm4312,,,0.788,0.887,,,0.028,0.03
0215+015,60649.5,2024-12-05,fm4340,,0.854,0.945,1.061,,0.028,0.031,0.037
0215+015,60650.3,2024-12-06,fm4341,,0.798,0.873,0.99,,0.027,0.027,0.031
0215+015,60655.6,2024-12-11,vo4346,,0.881,1.049,1.1,,0.028,0.033,0.035
0215+015,60697.4,2025-01-22,vo5022,,0.934,1.033,1.234,,0.029,0.032,0.038
0215+015,60702.4,2025-01-27,fm5027,,0.9,1.01,1.251,,0.03,0.032,0.038
0215+015,60704.3,2025-01-29,vo5029,,0.938,1.03,1.242,,0.034,0.032,0.038
0215+015,60727.2,2025-02-21,fm5052,,0.947,1.057,1.308,,0.032,0.032,0.04
0215+015,60728.3,2025-02-22,fm5053,,0.959,1.095,1.374,,0.038,0.034,0.043
0215+015,60763.2,2025-03-29,fm5087,,0.967,1.114,1.413,,0.036,0.034,0.043
0215+015,60774.1,2025-04-09,vo5099,,0.933,1.07,1.386,,0.029,0.033,0.042
0215+015,60789.0,2025-04-23,fm5114,,0.99,1.114,1.456,,0.033,0.035,0.045
0215+015,60814.0,2025-05-19,fm5139,,1.036,1.136,1.436,,0.036,0.035,0.044
0215+015,60858.1,2025-07-02,fm5183,,0.999,1.101,1.348,,0.031,0.034,0.042
0215+015,60872.9,2025-07-16,fm5197,,1.024,,1.348,,0.035,,0.042
0215+015,60906.6,2025-08-19,vo5232,,1.046,1.199,1.423,,0.044,0.04,0.044
0215+015,60939.7,2025-09-21,fm5264,,1.104,1.213,1.6,,0.034,0.038,0.049
0215+015,60956.8,2025-10-08,vo5281,,1.039,1.243,1.454,,0.042,0.052,0.048
0215+015,60976.6,2025-10-28,vo5302,,1.223,1.301,1.555,,0.043,0.041,0.047
0215+015,60981.6,2025-11-02,fm5306,,1.242,1.379,1.55,,0.044,0.042,0.047
0215+015,61005.5,2025-11-26,vo5330,,1.345,1.506,1.74,,0.044,0.048,0.054
0215+015,61006.5,2025-11-27,fm5331,,1.411,1.573,1.815,,0.045,0.048,0.056
0215+015,61025.6,2025-12-16,vo5351,,1.474,1.59,1.814,,0.049,0.05,0.055
0215+015,61027.6,2025-12-18,fm5352,,1.512,1.665,1.845,,0.053,0.054,0.056
0215+015,61069.4,2026-01-29,fm6029,,1.641,1.743,1.922,,0.051,0.053,0.058
0215+015,61089.2,2026-02-18,vo6049,,1.628,1.671,1.827,,0.053,0.052,0.057
0215+015,61094.4,2026-02-23,fm6054,,1.574,1.674,1.832,,0.052,0.051,0.056
0215+015,61106.2,2026-03-07,fm6066,,1.523,1.647,1.803,,0.057,0.05,0.055
0215+015,61131.1,2026-04-01,vo6091,,1.565,1.642,1.828,,0.052,0.052,0.056
0215+015,61132.2,2026-04-02,fm6092,,1.592,1.669,1.87,,0.05,0.053,0.057
0215+015,61160.1,2026-04-30,fm6120,,1.491,1.581,1.75,,0.049,0.051,0.053
0215+015,61188.0,2026-05-28,fm6148,,1.534,1.661,1.81,,0.05,0.05,0.055
0215+015,61226.9,2026-07-05,fm6186,,1.578,1.649,1.742,,0.052,0.05,0.053
0215+015,61235.8,2026-07-14,vo6196,,,1.562,1.7,,,0.049,0.052
0215+015,61254.8,2026-08-02,fm6214,,1.619,1.673,1.776,,0.051,0.051,0.054
0215+015,61289.8,2026-09-06,fm6249,,1.628,1.764,1.848,,0.054,0.054,0.058
0221+067,59957.6,2023-01-13,fm3013,,0.92,0.993,1.134,,0.029,0.032,0.035
0221+067,59976.3,2023-02-01,fm3031,0.781,0.92,1.007,1.199,0.027,0.03,0.032,0.037
0221+067,60078.2,2023-05-14,fm3134,,,1.051,1.403,,,0.034,0.043
0221+067,60092.1,2023-05-28,fm3148,,,1.045,1.448,,,0.034,0.044
0221+067,60127.0,2023-07-02,fm3182,,1.042,1.13,1.5,,0.035,0.036,0.046
0221+067,60139.9,2023-07-14,fm3195,,1.042,1.155,1.533,,0.033,0.037,0.047
0221+067,60237.6,2023-10-20,fm3293,,1.049,1.165,1.512,,0.037,0.039,0.046
0221+067,60250.6,2023-11-02,fm3306,,1.008,1.121,1.459,,0.034,0.036,0.045
0221+067,60383.4,2024-03-14,fm4074,,0.925,1.052,1.363,,0.03,0.034,0.043
0221+067,60437.2,2024-05-07,fm4128,,0.957,1.111,1.402,,0.031,0.034,0.043
0221+067,60465.0,2024-06-04,fm4155,0.704,0.92,1.054,1.39,0.027,0.033,0.035,0.042
0221+067,60621.5,2024-11-07,fm4312,,0.933,1.036,1.213,,0.03,0.035,0.037
0221+067,60649.5,2024-12-05,fm4340,,0.943,1.051,1.34,,0.03,0.038,0.046
0221+067,60650.3,2024-12-06,fm4341,,0.906,1.001,1.232,,0.03,0.033,0.038
0221+067,60702.3,2025-01-27,fm5027,,0.937,1.021,1.208,,0.029,0.034,0.038
0221+067,60727.2,2025-02-21,fm5052,,0.941,1.005,1.168,,0.03,0.032,0.037
0221+067,60728.3,2025-02-22,fm5053,,0.93,1.033,1.22,,0.031,0.033,0.038
0221+067,60763.2,2025-03-29,fm5087,0.775,0.893,0.994,1.141,0.042,0.034,0.032,0.035
0221+067,60789.0,2025-04-23,fm5114,,,0.991,1.086,,,0.042,0.033
0221+067,60814.0,2025-05-19,fm5139,,,0.945,1.013,,,0.03,0.032
0221+067,60858.1,2025-07-02,fm5183,,0.865,0.902,0.978,,0.027,0.028,0.031
0221+067,60872.9,2025-07-16,fm5197,,0.84,,0.968,,0.027,,0.031
0221+067,60939.7,2025-09-21,fm5264,,0.822,0.89,0.906,,0.026,0.029,0.028
0221+067,60981.6,2025-11-02,fm5306,,0.795,0.827,0.808,,0.028,0.026,0.025
0221+067,61006.5,2025-11-27,fm5331,,0.796,0.815,0.798,,0.025,0.025,0.026
0221+067,61027.6,2025-12-18,fm5352,,0.728,0.761,0.751,,0.023,0.024,0.023
0221+067,61069.3,2026-01-29,fm6029,,0.759,0.759,0.76,,0.029,0.023,0.024
0221+067,61094.4,2026-02-23,fm6054,,0.757,0.768,0.779,,0.026,0.024,0.024
0221+067,61106.2,2026-03-07,fm6066,,0.756,0.757,0.774,,0.027,0.025,0.025
0221+067,61132.2,2026-04-02,fm6092,0.772,0.756,0.787,0.83,0.035,0.025,0.025,0.026
0221+067,61160.1,2026-04-30,fm6120,,0.681,0.8,0.888,,0.024,0.027,0.028
0221+067,61188.0,2026-05-27,fm6148,,0.723,0.76,0.918,,0.024,0.024,0.028
0221+067,61226.9,2026-07-05,fm6186,,0.75,0.81,0.97,,0.024,0.025,0.03
0221+067,61254.8,2026-08-02,fm6214,,0.767,0.834,1.05,,0.028,0.026,0.032
0221+067,61289.7,2026-09-06,fm6249,,0.755,0.849,,,0.027,0.028,
0227+403,59957.5,2023-01-13,fm3013,,0.59,0.591,0.576,,0.018,0.018,0.018
0227+403,59975.6,2023-01-31,fm3031,,0.595,0.575,0.602,,0.02,0.019,0.019
0227+403,60078.2,2023-05-14,fm3134,,0.571,0.53,0.484,,0.025,0.017,0.016
0227+403,60092.2,2023-05-28,fm3148,,,0.498,0.495,,,0.018,0.016
0227+403,60126.7,2023-07-01,fm3182,,0.495,0.477,0.46,,0.017,0.016,0.019
0227+403,60139.5,2023-07-14,fm3195,,0.484,0.468,0.461,,0.017,0.015,0.015
0227+403,60237.3,2023-10-20,fm3293,,0.408,0.398,0.351,,0.014,0.013,0.013
0227+403,60250.3,2023-11-02,fm3306,,0.393,0.378,0.342,,0.013,0.013,0.013
0227+403,60320.4,2024-01-11,fm4011,,0.428,0.467,0.577,,0.016,0.015,0.018
0227+403,60359.4,2024-02-19,fm4050,,0.485,0.514,0.557,,0.016,0.017,0.018
0227+403,60383.4,2024-03-14,fm4074,,0.462,0.486,0.529,,0.017,0.016,0.018
0227+403,60437.1,2024-05-07,fm4128,,,0.626,0.774,,,0.02,0.025
0227+403,60464.5,2024-06-03,fm4155,,0.647,0.685,0.784,,0.021,0.021,0.024
0227+403,60621.4,2024-11-07,fm4312,,0.638,0.637,0.653,,0.02,0.021,0.02
0227+403,60649.3,2024-12-05,fm4340,,0.696,0.708,0.735,,0.022,0.023,0.025
0227+403,60650.4,2024-12-06,fm4341,,0.658,0.665,0.687,,0.02,0.02,0.021
0227+403,60702.1,2025-01-27,fm5027,,0.631,0.632,0.625,,0.02,0.02,0.02
0227+403,60727.3,2025-02-21,fm5052,,0.634,0.629,0.577,,0.019,0.019,0.018
0227+403,60728.4,2025-02-22,fm5053,,0.647,0.624,0.599,,0.02,0.019,0.019
0227+403,60762.5,2025-03-28,fm5087,,0.541,0.514,0.45,,0.018,0.018,0.014
0227+403,60789.1,2025-04-24,fm5114,,0.493,0.466,0.437,,0.016,0.014,0.014
0227+403,60814.0,2025-05-18,fm5139,,0.498,0.503,0.507,,0.018,0.016,0.016
0227+403,60858.1,2025-07-02,fm5183,,0.519,0.502,0.527,,0.017,0.016,0.017
0227+403,60872.2,2025-07-16,fm5197,,0.525,,0.507,,0.025,,0.016
0227+403,60939.3,2025-09-21,fm5264,,,0.481,0.486,,,0.016,0.016
0227+403,60981.2,2025-11-02,fm5306,,0.51,0.529,0.572,,0.016,0.016,0.018
0227+403,61006.1,2025-11-27,fm5331,,0.614,0.608,0.647,,0.019,0.019,0.02
0227+403,61027.2,2025-12-18,fm5352,,0.648,0.665,0.681,,0.021,0.021,0.021
0227+403,61068.9,2026-01-28,fm6029,,0.657,0.656,0.6,,0.021,0.02,0.018
0227+403,61094.5,2026-02-23,fm6054,,0.609,0.591,0.549,,0.019,0.018,0.017
0227+403,61131.8,2026-04-01,fm6092,,0.611,0.583,0.545,,0.019,0.018,0.017
0227+403,61159.8,2026-04-29,fm6120,,0.569,0.555,0.501,,0.018,0.017,0.017
0227+403,61187.8,2026-05-27,fm6148,,0.549,0.535,0.481,,0.02,0.017,0.015
0227+403,61226.6,2026-07-05,fm6186,,0.481,0.48,0.444,,0.016,0.017,0.014
0227+403,61254.4,2026-08-02,fm6214,,0.513,0.482,0.423,,0.017,0.015,0.014
0227+403,61289.4,2026-09-06,fm6249,,0.559,0.576,0.606,,0.018,0.018,0.02
0229+131,60578.6,2024-09-25,vo4269,,1.875,1.85,1.922,,0.057,0.056,0.059
0229+131,60620.5,2024-11-06,vo4311,1.949,1.756,1.774,1.813,0.064,0.059,0.054,0.055
0229+131,61089.2,2026-02-18,vo6049,,1.757,1.755,1.686,,0.055,0.055,0.053
0229+131,61096.2,2026-02-25,vo6056,,1.863,1.755,1.622,,0.062,0.054,0.05
0229+131,61131.0,2026-04-01,vo6091,,1.73,1.704,1.651,,0.055,0.054,0.052
0229+131,61202.2,2026-06-11,vo6162,,,,1.612,,,,0.051
0234+285,61053.5,2026-01-13,vo6014,,1.832,1.804,1.997,,0.058,0.058,0.067
0234+285,61089.2,2026-02-18,vo6049,,1.813,1.852,2.073,,0.057,0.057,0.064
0234+285,61096.1,2026-02-25,vo6056,,1.845,1.879,2.038,,0.058,0.059,0.062
0234+285,61159.0,2026-04-28,vo6119,,1.912,1.949,2.249,,0.07,0.061,0.069
0234+285,61202.3,2026-06-11,vo6162,,1.968,1.947,2.283,,0.069,0.064,0.071
0234+285,61236.3,2026-07-15,vo6196,,,1.919,2.22,,,0.06,0.07
0234+285,61249.8,2026-07-28,vo6210,,2.01,2.042,2.337,,0.071,0.064,0.072
0235+164,59957.7,2023-01-13,fm3013,,1.421,1.328,1.104,,0.043,0.04,0.035
0235+164,59976.2,2023-02-01,fm3031,1.681,1.361,1.27,1.073,0.067,0.042,0.039,0.033
0235+164,60078.1,2023-05-14,fm3134,,1.189,1.109,1.0,,0.042,0.035,0.031
0235+164,60092.2,2023-05-28,fm3148,,,1.034,0.96,,,0.036,0.03
0235+164,60127.0,2023-07-01,fm3182,,1.053,1.008,0.927,,0.04,0.031,0.03
0235+164,60139.8,2023-07-14,fm3195,,1.053,1.031,0.957,,0.033,0.032,0.03
0235+164,60237.5,2023-10-20,fm3293,,1.254,1.328,1.494,,0.039,0.04,0.046
0235+164,60243.3,2023-10-26,vo3299,,1.342,1.378,1.558,,0.041,0.043,0.047
0235+164,60250.5,2023-11-02,fm3306,,1.263,1.333,1.438,,0.04,0.041,0.044
0235+164,60359.5,2024-02-19,fm4050,1.446,1.819,1.915,2.208,0.048,0.058,0.058,0.067
0235+164,60437.0,2024-05-07,fm4128,,,,2.87,,,,0.087
0235+164,60459.0,2024-05-29,vo4150,,2.467,2.567,2.861,,0.079,0.079,0.087
0235+164,60465.0,2024-06-03,fm4155,,2.665,3.038,2.691,,0.085,0.092,0.083
0235+164,60557.6,2024-09-04,vo4248,,1.661,1.65,1.679,,0.056,0.05,0.051
0235+164,60592.5,2024-10-09,vo4283,,1.586,1.646,1.612,,0.051,0.05,0.049
0235+164,60621.5,2024-11-07,fm4312,1.605,1.637,1.657,1.547,0.052,0.05,0.057,0.047
0235+164,60648.3,2024-12-04,vo4339,,1.655,1.698,1.696,,0.061,0.053,0.052
0235+164,60649.4,2024-12-05,fm4340,,1.676,1.703,1.689,,0.054,0.055,0.057
0235+164,60650.3,2024-12-06,fm4341,,1.633,1.65,1.666,,0.05,0.05,0.051
0235+164,60655.3,2024-12-11,vo4346,,1.665,1.866,1.754,,0.053,0.057,0.054
0235+164,60696.6,2025-01-21,vo5022,,1.652,1.669,1.671,,0.051,0.051,0.051
0235+164,60702.2,2025-01-27,fm5027,1.454,1.683,1.717,1.713,0.063,0.054,0.052,0.052
0235+164,60704.2,2025-01-29,vo5029,,1.691,1.704,1.668,,0.052,0.052,0.05
0235+164,60718.2,2025-02-12,vo5043,,1.72,1.713,1.695,,0.052,0.052,0.051
0235+164,60727.2,2025-02-21,fm5052,1.536,1.764,1.799,1.779,0.053,0.053,0.054,0.054
0235+164,60728.3,2025-02-22,fm5053,1.472,1.773,1.832,1.87,0.049,0.054,0.055,0.058
0235+164,60762.5,2025-03-28,fm5087,1.791,2.067,2.085,2.101,0.066,0.064,0.063,0.064
0235+164,60774.0,2025-04-08,vo5099,,2.038,2.079,2.103,,0.062,0.063,0.064
0235+164,60789.0,2025-04-24,fm5114,,2.081,2.152,2.131,,0.064,0.065,0.065
0235+164,60814.0,2025-05-19,fm5139,,2.03,2.027,1.881,,0.063,0.061,0.057
0235+164,60850.9,2025-06-24,vo5176,,1.788,,1.526,,0.058,,0.047
0235+164,60858.1,2025-07-02,fm5183,1.871,1.799,1.735,1.589,0.061,0.057,0.053,0.05
0235+164,60872.1,2025-07-16,fm5197,1.944,1.835,,1.547,0.072,0.062,,0.048
0235+164,60906.6,2025-08-19,vo5232,,1.875,1.84,1.628,,0.06,0.061,0.049
0235+164,60939.6,2025-09-21,fm5264,,1.81,1.751,1.541,,0.064,0.057,0.047
0235+164,60955.5,2025-10-07,vo5281,,1.716,1.62,1.413,,0.053,0.05,0.044
0235+164,60976.5,2025-10-28,vo5302,,1.551,1.496,1.347,,0.048,0.046,0.041
0235+164,60981.5,2025-11-02,fm5306,1.736,1.535,1.489,1.314,0.06,0.049,0.046,0.04
0235+164,61005.4,2025-11-26,vo5330,,1.445,1.38,1.298,,0.046,0.044,0.04
0235+164,61006.4,2025-11-27,fm5331,,1.404,1.369,1.26,,0.044,0.042,0.039
0235+164,61025.6,2025-12-16,vo5351,,1.338,1.332,1.272,,0.042,0.041,0.039
0235+164,61027.5,2025-12-18,fm5352,1.478,1.331,1.331,1.241,0.052,0.043,0.04,0.038
0235+164,61054.4,2026-01-14,vo6014,,1.366,1.29,,,0.048,0.043,
0235+164,61069.3,2026-01-29,fm6029,,1.246,1.225,1.164,,0.039,0.038,0.035
0235+164,61089.4,2026-02-18,vo6049,,1.177,1.181,1.098,,0.04,0.039,0.036
0235+164,61094.4,2026-02-23,fm6054,1.407,1.258,1.19,1.097,0.049,0.045,0.037,0.034
0235+164,61096.5,2026-02-25,vo6056,,1.166,1.114,1.003,,0.046,0.044,0.037
0235+164,61106.2,2026-03-07,fm6066,,1.183,1.122,1.058,,0.044,0.034,0.032
0235+164,61131.3,2026-04-01,vo6091,,1.126,1.069,1.108,,0.039,0.039,0.036
0235+164,61132.1,2026-04-02,fm6092,1.148,1.127,1.137,1.1,0.042,0.036,0.035,0.034
0235+164,61187.9,2026-05-27,fm6148,,1.229,1.247,1.258,,0.041,0.038,0.038
0235+164,61202.0,2026-06-11,vo6162,,1.206,1.214,1.2,,0.046,0.04,0.042
0235+164,61226.8,2026-07-05,fm6186,,1.245,1.237,1.154,,0.04,0.039,0.035
0235+164,61236.0,2026-07-14,vo6196,,,1.148,1.173,,,0.04,0.038
0235+164,61249.9,2026-07-28,vo6210,,,1.066,1.141,,,0.039,0.037
0235+164,61254.8,2026-08-02,fm6214,,1.11,1.107,1.111,,0.036,0.036,0.034
0235+164,61289.7,2026-09-06,fm6249,,1.182,1.229,,,0.045,0.04,
0237-027,59958.4,2023-01-14,fm3013,,0.431,0.486,0.543,,0.015,0.017,0.018
0237-027,59976.4,2023-02-01,fm3031,0.422,0.531,0.556,0.617,0.019,0.018,0.018,0.02
0237-027,60078.1,2023-05-14,fm3134,,,0.514,0.569,,,0.017,0.021
0237-027,60092.2,2023-05-28,fm3148,,,0.514,0.58,,,0.019,0.019
0237-027,60127.1,2023-07-02,fm3182,,0.5,0.537,0.583,,0.019,0.019,0.02
0237-027,60139.9,2023-07-14,fm3195,,0.482,0.552,0.62,,0.017,0.018,0.021
0237-027,60237.7,2023-10-20,fm3293,,0.542,0.589,0.678,,0.019,0.019,0.023
0237-027,60250.6,2023-11-02,fm3306,,0.552,0.614,0.684,,0.018,0.019,0.022
0237-027,60320.6,2024-01-11,fm4011,,,0.628,0.694,,,0.02,0.022
0237-027,60359.5,2024-02-19,fm4050,0.393,0.583,0.625,0.71,0.018,0.019,0.02,0.023
0237-027,60465.1,2024-06-04,fm4155,,0.629,0.699,0.735,,0.023,0.022,0.023
0237-027,60621.6,2024-11-07,fm4312,,0.596,0.646,0.662,,0.019,0.021,0.022
0237-027,60649.6,2024-12-05,fm4340,,0.59,0.638,0.692,,0.021,0.021,0.024
0237-027,60650.4,2024-12-06,fm4341,,0.555,0.643,0.688,,0.021,0.021,0.022
0237-027,60702.4,2025-01-27,fm5027,,0.606,0.627,0.686,,0.02,0.019,0.021
0237-027,60727.3,2025-02-21,fm5052,,0.625,0.65,0.7,,0.021,0.02,0.022
0237-027,60763.2,2025-03-29,fm5087,,,0.632,0.687,,,0.02,0.021
0237-027,60814.0,2025-05-18,fm5139,,0.667,0.691,0.737,,0.023,0.022,0.023
0237-027,60859.0,2025-07-02,fm5183,,0.604,0.664,0.731,,0.02,0.02,0.023
0237-027,60872.9,2025-07-16,fm5197,,0.64,,0.732,,0.02,,0.023
0237-027,60939.7,2025-09-21,fm5264,,0.601,0.682,0.742,,0.019,0.022,0.023
0237-027,60981.6,2025-11-02,fm5306,,0.672,0.745,0.803,,0.025,0.023,0.025
0237-027,61006.6,2025-11-27,fm5331,,0.708,0.746,0.812,,0.028,0.035,0.026
0237-027,61027.6,2025-12-18,fm5352,,0.731,0.792,0.847,,0.024,0.024,0.026
0237-027,61069.4,2026-01-29,fm6029,,0.672,0.729,0.815,,0.022,0.022,0.025
0237-027,61095.3,2026-02-24,fm6054,,0.674,0.741,0.807,,0.023,0.023,0.025
0237-027,61106.3,2026-03-07,fm6066,,0.754,0.734,0.797,,0.024,0.026,0.024
0237-027,61132.2,2026-04-02,fm6092,,0.694,0.742,0.802,,0.024,0.023,0.025
0237-027,61160.1,2026-04-30,fm6120,,0.706,0.722,0.806,,0.024,0.024,0.026
0237-027,61188.1,2026-05-28,fm6148,,0.652,0.718,0.751,,0.022,0.023,0.023
0237-027,61227.0,2026-07-05,fm6186,,0.658,0.705,0.727,,0.022,0.022,0.022
0237-027,61254.9,2026-08-02,fm6214,,0.619,0.661,0.697,,0.021,0.021,0.022
0237-027,61289.8,2026-09-06,fm6249,,0.597,0.636,,,0.02,0.02,
0239+175,59957.6,2023-01-13,fm3013,,0.307,0.299,0.3,,0.011,0.011,0.011
0239+175,59976.2,2023-02-01,fm3031,,,,0.312,,,,0.012
0239+175,60078.2,2023-05-14,fm3134,,,0.274,0.288,,,0.01,0.012
0239+175,60092.2,2023-05-28,fm3148,,,0.247,0.253,,,0.011,0.011
0239+175,60127.0,2023-07-01,fm3182,,0.283,0.285,0.309,,0.011,0.012,0.014
0239+175,60139.8,2023-07-14,fm3195,,,0.304,0.329,,,0.012,0.012
0239+175,60237.5,2023-10-20,fm3293,,,0.339,0.362,,,0.012,0.013
0239+175,60250.5,2023-11-02,fm3306,,,0.337,0.377,,,0.012,0.013
0239+175,60320.6,2024-01-11,fm4011,,,0.403,0.449,,,0.013,0.015
0239+175,60359.5,2024-02-19,fm4050,,,0.389,0.465,,,0.015,0.015
0239+175,60383.4,2024-03-14,fm4074,,0.348,0.359,0.42,,0.014,0.013,0.015
0239+175,60437.3,2024-05-07,fm4128,,,2.675,,,,0.125,
0239+175,60465.0,2024-06-03,fm4155,,,1.08,0.401,,,0.04,0.017
0239+175,60621.4,2024-11-07,fm4312,,0.435,0.449,0.476,,0.016,0.014,0.015
0239+175,60649.4,2024-12-05,fm4340,,0.409,0.435,0.457,,0.014,0.014,0.016
0239+175,60650.5,2024-12-06,fm4341,,0.39,0.418,0.446,,0.014,0.013,0.014
0239+175,60702.2,2025-01-27,fm5027,,0.438,0.444,0.469,,0.016,0.014,0.015
0239+175,60727.3,2025-02-21,fm5052,,0.433,0.447,0.496,,0.014,0.014,0.017
0239+175,60728.4,2025-02-22,fm5053,,0.437,0.45,0.487,,0.015,0.014,0.016
0239+175,60762.5,2025-03-28,fm5087,,0.48,0.482,0.527,,0.016,0.015,0.016
0239+175,60789.1,2025-04-24,fm5114,,0.479,0.48,0.514,,0.015,0.015,0.016
0239+175,60814.1,2025-05-19,fm5139,,0.468,0.471,0.489,,0.016,0.015,0.015
0239+175,60858.8,2025-07-02,fm5183,,0.485,0.467,0.492,,0.016,0.015,0.016
0239+175,60872.8,2025-07-16,fm5197,,0.48,,0.486,,0.016,,0.015
0239+175,60939.6,2025-09-21,fm5264,,0.473,0.451,0.464,,0.022,0.015,0.015
0239+175,60981.5,2025-11-02,fm5306,,0.465,0.485,0.486,,0.015,0.015,0.015
0239+175,61006.4,2025-11-27,fm5331,,0.535,,0.467,,0.026,,0.016
0239+175,61027.5,2025-12-18,fm5352,,0.442,0.435,0.466,,0.014,0.014,0.015
0239+175,61069.2,2026-01-29,fm6029,,,,0.478,,,,0.015
0239+175,61094.4,2026-02-23,fm6054,0.462,0.46,0.451,0.489,0.021,0.015,0.015,0.016
0239+175,61106.2,2026-03-07,fm6066,,,,0.483,,,,0.015
0239+175,61132.1,2026-04-02,fm6092,0.544,,0.486,0.489,0.023,,0.017,0.016
0239+175,61187.9,2026-05-27,fm6148,,0.451,0.463,0.48,,0.015,0.014,0.015
0239+175,61226.8,2026-07-05,fm6186,,,0.514,0.483,,,0.017,0.016
0239+175,61254.8,2026-08-02,fm6214,,,,0.456,,,,0.014
0239+175,61289.6,2026-09-06,fm6249,,,0.481,,,,0.016,
0256-005,60078.6,2023-05-14,fm3134,,,0.462,,,,0.019,
0256-005,60092.2,2023-05-28,fm3148,,,,0.445,,,,0.019
0256-005,60127.1,2023-07-02,fm3182,,0.487,0.424,0.429,,0.018,0.015,0.018
0256-005,60139.9,2023-07-14,fm3195,,0.5,0.468,0.433,,0.017,0.015,0.017
0256-005,60237.7,2023-10-20,fm3293,,0.496,0.438,0.43,,0.017,0.014,0.018
0256-005,60250.6,2023-11-02,fm3306,,0.485,0.455,0.414,,0.019,0.015,0.015
0256-005,60320.7,2024-01-11,fm4011,,0.513,0.461,0.433,,0.018,0.015,0.015
0256-005,60437.3,2024-05-07,fm4128,,0.487,0.446,0.425,,0.016,0.015,0.014
0256-005,60465.1,2024-06-04,fm4155,,,0.444,0.417,,,0.015,0.015
0256-005,60621.7,2024-11-07,fm4312,,0.456,0.437,0.425,,0.015,0.015,0.013
0256-005,60649.6,2024-12-05,fm4340,,0.455,0.464,0.466,,0.02,0.015,0.017
0256-005,60650.4,2024-12-06,fm4341,,0.459,0.434,0.432,,0.016,0.014,0.014
0256-005,60702.4,2025-01-27,fm5027,,0.476,0.443,0.446,,0.017,0.014,0.015
0256-005,60727.3,2025-02-21,fm5052,,0.463,0.45,0.43,,0.016,0.014,0.015
0256-005,60763.2,2025-03-29,fm5087,,,0.427,0.423,,,0.014,0.014
0256-005,60789.1,2025-04-24,fm5114,,0.48,0.455,0.427,,0.016,0.014,0.014
0256-005,60814.0,2025-05-19,fm5139,,0.459,0.445,0.435,,0.017,0.014,0.014
0256-005,60858.9,2025-07-02,fm5183,0.551,0.453,0.447,0.438,0.022,0.016,0.014,0.015
0256-005,60872.9,2025-07-16,fm5197,,,,0.426,,,,0.014
0256-005,60939.7,2025-09-21,fm5264,,0.465,,0.424,,0.019,,0.014
0256-005,60981.6,2025-11-02,fm5306,,0.454,0.429,0.424,,0.015,0.014,0.014
0256-005,61006.6,2025-11-27,fm5331,,0.466,0.453,0.436,,0.015,0.016,0.014
0256-005,61027.6,2025-12-18,fm5352,,0.448,0.42,0.414,,0.014,0.015,0.014
0256-005,61069.4,2026-01-29,fm6029,,0.462,0.438,0.416,,0.016,0.014,0.014
0256-005,61095.3,2026-02-24,fm6054,,0.445,0.425,0.428,,0.016,0.014,0.014
0256-005,61106.3,2026-03-07,fm6066,,0.491,0.435,0.418,,0.02,0.014,0.013
0256-005,61132.2,2026-04-02,fm6092,,0.425,0.421,0.429,,0.015,0.014,0.014
0256-005,61160.1,2026-04-30,fm6120,,0.418,0.419,0.417,,0.015,0.013,0.014
0256-005,61188.0,2026-05-28,fm6148,,,0.419,0.425,,,0.015,0.014
0256-005,61227.0,2026-07-05,fm6186,,0.471,0.439,0.427,,0.016,0.014,0.014
0256-005,61254.9,2026-08-02,fm6214,,0.447,0.426,0.402,,0.015,0.014,0.013
0256-005,61289.8,2026-09-06,fm6249,,0.453,0.406,0.406,,0.016,0.015,0.015
0259+681,61053.6,2026-01-13,vo6014,,0.738,0.726,,,0.027,0.023,
0259+681,61095.6,2026-02-24,vo6056,,0.729,0.715,0.595,,0.033,0.025,0.019
0259+681,61130.6,2026-03-31,vo6091,,0.742,0.689,0.601,,0.026,0.023,0.02
0259+681,61158.6,2026-04-28,vo6119,,0.718,0.698,0.597,,0.034,0.023,0.02
0300+470,59957.6,2023-01-13,fm3013,,1.226,1.19,1.077,,0.038,0.036,0.034
0300+470,59975.7,2023-01-31,fm3031,,1.205,1.19,1.086,,0.037,0.036,0.034
0300+470,60078.2,2023-05-14,fm3134,,,1.126,1.019,,,0.036,0.031
0300+470,60092.2,2023-05-28,fm3148,,,1.128,1.045,,,0.035,0.032
0300+470,60126.6,2023-07-01,fm3182,,1.146,1.105,0.995,,0.035,0.035,0.031
0300+470,60139.5,2023-07-14,fm3195,,1.171,1.151,1.065,,0.037,0.035,0.033
0300+470,60237.2,2023-10-20,fm3293,1.217,1.185,1.185,1.119,0.049,0.041,0.036,0.034
0300+470,60250.3,2023-11-02,fm3306,,1.174,1.14,1.078,,0.037,0.035,0.033
0300+470,60320.4,2024-01-11,fm4011,,1.375,1.339,1.222,,0.044,0.041,0.037
0300+470,60359.3,2024-02-19,fm4050,1.483,1.342,1.294,1.202,0.046,0.042,0.039,0.037
0300+470,60383.8,2024-03-14,fm4074,,1.288,1.241,1.172,,0.045,0.039,0.037
0300+470,60437.0,2024-05-07,fm4128,1.419,1.242,1.212,1.113,0.052,0.041,0.037,0.034
0300+470,60464.4,2024-06-03,fm4155,,1.162,1.234,1.071,,0.038,0.037,0.033
0300+470,60621.3,2024-11-07,fm4312,,1.188,1.152,1.049,,0.036,0.035,0.032
0300+470,60649.2,2024-12-05,fm4340,,1.122,1.17,1.041,,0.039,0.038,0.036
0300+470,60650.4,2024-12-06,fm4341,,1.114,1.102,1.034,,0.034,0.033,0.032
0300+470,60702.1,2025-01-27,fm5027,,1.098,1.074,0.997,,0.036,0.033,0.031
0300+470,60727.3,2025-02-21,fm5052,,1.058,1.058,0.989,,0.032,0.032,0.031
0300+470,60728.4,2025-02-22,fm5053,1.132,1.045,1.02,0.981,0.042,0.032,0.031,0.031
0300+470,60762.4,2025-03-28,fm5087,,0.958,0.932,0.872,,0.03,0.029,0.027
0300+470,60789.1,2025-04-24,fm5114,,1.006,0.953,0.837,,0.031,0.029,0.026
0300+470,60814.0,2025-05-19,fm5139,,0.823,0.82,0.864,,0.026,0.025,0.027
0300+470,60858.1,2025-07-02,fm5183,,0.929,0.948,0.95,,0.034,0.029,0.03
0300+470,60872.1,2025-07-16,fm5197,,1.06,,0.897,,0.035,,0.029
0300+470,60939.2,2025-09-21,fm5264,,0.921,0.878,0.819,,0.032,0.028,0.025
0300+470,60981.3,2025-11-02,fm5306,,0.904,0.882,0.786,,0.032,0.027,0.025
0300+470,61006.0,2025-11-26,fm5331,,0.944,0.912,0.838,,0.032,0.028,0.026
0300+470,61027.1,2025-12-18,fm5352,,0.928,0.891,0.799,,0.03,0.028,0.025
0300+470,61068.8,2026-01-28,fm6029,,0.947,0.921,0.869,,0.03,0.028,0.027
0300+470,61094.4,2026-02-23,fm6054,,0.921,0.872,0.837,,0.03,0.027,0.026
0300+470,61105.8,2026-03-06,fm6066,,0.943,0.903,0.828,,0.029,0.028,0.026
0300+470,61131.8,2026-04-01,fm6092,,0.942,0.913,0.848,,0.031,0.028,0.026
0300+470,61159.8,2026-04-29,fm6120,,0.973,0.926,0.856,,0.03,0.028,0.027
0300+470,61187.7,2026-05-27,fm6148,,0.872,0.879,0.833,,0.031,0.027,0.026
0300+470,61226.6,2026-07-05,fm6186,,0.886,0.872,0.808,,0.029,0.028,0.025
0300+470,61254.4,2026-08-02,fm6214,,0.856,0.834,0.765,,0.027,0.026,0.024
0300+470,61289.4,2026-09-06,fm6249,,0.87,0.844,,,0.03,0.027,
0302+625,59957.6,2023-01-13,fm3013,,0.258,0.267,0.279,,0.01,0.009,0.01
0302+625,59975.6,2023-01-31,fm3031,,0.289,0.297,0.3,,0.01,0.01,0.01
0302+625,60078.2,2023-05-14,fm3134,,,0.29,0.263,,,0.01,0.009
0302+625,60092.1,2023-05-28,fm3148,,,0.302,0.284,,,0.011,0.01
0302+625,60126.6,2023-07-01,fm3182,,0.298,0.28,0.25,,0.012,0.011,0.011
0302+625,60139.5,2023-07-14,fm3195,,0.305,0.282,0.256,,0.012,0.01,0.01
0302+625,60237.2,2023-10-20,fm3293,,0.313,0.317,0.277,,0.011,0.011,0.011
0302+625,60250.3,2023-11-02,fm3306,,0.326,0.327,,,0.012,0.011,
0302+625,60320.4,2024-01-11,fm4011,,,0.303,0.256,,,0.01,0.01
0302+625,60359.3,2024-02-19,fm4050,,0.311,0.292,0.258,,0.011,0.01,0.01
0302+625,60383.4,2024-03-14,fm4074,,0.271,0.285,0.247,,0.013,0.011,0.011
0302+625,60437.0,2024-05-07,fm4128,,0.304,0.295,0.24,,0.013,0.01,0.009
0302+625,60464.4,2024-06-03,fm4155,,0.299,0.298,0.253,,0.012,0.01,0.011
0302+625,60621.3,2024-11-07,fm4312,,0.416,0.377,0.314,,0.013,0.012,0.01
0302+625,60649.2,2024-12-05,fm4340,,0.322,0.317,0.302,,0.011,0.011,0.012
0302+625,60650.5,2024-12-06,fm4341,,0.359,0.376,0.332,,0.012,0.012,0.012
0302+625,60702.2,2025-01-27,fm5027,,0.387,0.376,0.349,,0.014,0.012,0.012
0302+625,60727.4,2025-02-21,fm5052,,0.413,0.399,0.33,,0.013,0.012,0.011
0302+625,60728.5,2025-02-22,fm5053,,0.438,0.416,,,0.014,0.013,
0302+625,60762.5,2025-03-28,fm5087,,0.407,0.397,0.324,,0.014,0.013,0.01
0302+625,60789.1,2025-04-24,fm5114,,0.414,0.401,0.341,,0.014,0.012,0.011
0302+625,60814.2,2025-05-19,fm5139,,0.356,0.361,0.312,,0.013,0.012,0.01
0302+625,60858.2,2025-07-02,fm5183,,0.379,0.369,0.309,,0.013,0.012,0.011
0302+625,60872.2,2025-07-16,fm5197,,0.394,,0.299,,0.014,,0.01
0302+625,60939.4,2025-09-21,fm5264,,0.379,,0.293,,0.02,,0.01
0302+625,60981.4,2025-11-02,fm5306,,0.362,0.34,0.283,,0.012,0.011,0.009
0302+625,61006.0,2025-11-27,fm5331,,0.343,0.325,0.282,,0.011,0.011,0.01
0302+625,61027.0,2025-12-17,fm5352,,0.355,0.335,0.284,,0.012,0.011,0.01
0302+625,61069.0,2026-01-28,fm6029,,0.361,0.343,0.305,,0.012,0.012,0.01
0302+625,61094.7,2026-02-23,fm6054,,0.371,0.355,0.324,,0.013,0.012,0.012
0302+625,61105.8,2026-03-06,fm6066,,0.378,0.375,0.327,,0.013,0.012,0.011
0302+625,61131.8,2026-04-01,fm6092,,0.39,0.394,0.341,,0.013,0.013,0.011
0302+625,61160.4,2026-04-30,fm6120,,0.426,0.4,0.347,,0.014,0.013,0.012
0302+625,61187.8,2026-05-27,fm6148,,0.375,0.367,0.322,,0.012,0.012,0.01
0302+625,61226.6,2026-07-05,fm6186,,0.38,0.376,0.335,,0.013,0.012,0.011
0302+625,61254.5,2026-08-02,fm6214,,0.422,0.383,0.331,,0.015,0.012,0.011
0302+625,61289.5,2026-09-06,fm6249,,0.386,0.37,,,0.014,0.012,
0305+039,59957.6,2023-01-13,fm3013,,2.058,1.613,1.0,,0.07,0.053,0.033
0305+039,59976.4,2023-02-01,fm3031,3.899,2.289,1.892,1.213,0.133,0.083,0.06,0.038
0305+039,60078.2,2023-05-14,fm3134,,,2.204,1.36,,,0.07,0.043
0305+039,60092.1,2023-05-28,fm3148,,,2.154,1.334,,,0.072,0.043
0305+039,60127.1,2023-07-02,fm3182,3.265,1.557,1.168,0.737,0.128,0.056,0.04,0.025
0305+039,60139.9,2023-07-14,fm3195,3.691,2.254,1.83,1.166,0.166,0.079,0.06,0.037
0305+039,60237.6,2023-10-20,fm3293,3.803,2.008,1.619,0.946,0.14,0.081,0.053,0.031
0305+039,60250.6,2023-11-02,fm3306,3.789,2.124,1.72,1.011,0.133,0.072,0.056,0.031
0305+039,60320.5,2024-01-11,fm4011,,2.192,1.779,1.094,,0.079,0.056,0.034
0305+039,60359.4,2024-02-19,fm4050,3.798,2.232,1.817,1.138,0.149,0.07,0.056,0.035
0305+039,60465.1,2024-06-04,fm4155,3.58,1.854,1.511,0.856,0.124,0.069,0.049,0.028
0305+039,60621.6,2024-11-07,fm4312,3.798,2.187,,1.074,0.132,0.095,,0.035
0305+039,60649.5,2024-12-05,fm4340,,2.286,1.891,1.136,,0.078,0.061,0.039
0305+039,60650.3,2024-12-06,fm4341,,,1.508,0.871,,,0.051,0.028
0305+039,60702.4,2025-01-27,fm5027,,2.204,1.772,1.114,,0.073,0.056,0.034
0305+039,60727.2,2025-02-21,fm5052,3.923,2.284,1.864,1.148,0.132,0.074,0.059,0.036
0305+039,60728.3,2025-02-22,fm5053,,2.234,1.849,1.062,,0.076,0.058,0.033
0305+039,60763.2,2025-03-29,fm5087,4.035,2.163,1.834,1.179,0.146,0.082,0.058,0.036
0305+039,60789.0,2025-04-23,fm5114,3.797,2.175,1.746,1.085,0.136,0.071,0.055,0.034
0305+039,60814.0,2025-05-19,fm5139,,1.988,1.892,1.142,,0.067,0.061,0.035
0305+039,60858.0,2025-07-02,fm5183,3.745,2.274,1.868,1.147,0.159,0.089,0.059,0.037
0305+039,60872.1,2025-07-16,fm5197,3.578,1.982,,0.861,0.148,0.074,,0.027
0305+039,60939.7,2025-09-21,fm5264,,2.208,1.802,1.127,,0.072,0.059,0.035
0305+039,60981.6,2025-11-02,fm5306,3.896,2.178,1.814,1.101,0.15,0.073,0.058,0.034
0305+039,61006.6,2025-11-27,fm5331,3.851,2.171,1.756,0.924,0.138,0.07,0.055,0.03
0305+039,61027.6,2025-12-18,fm5352,3.656,1.626,1.274,0.734,0.128,0.051,0.041,0.024
0305+039,61069.4,2026-01-29,fm6029,3.511,2.145,1.73,1.045,0.127,0.076,0.053,0.033
0305+039,61094.3,2026-02-23,fm6054,3.929,2.4,2.021,1.178,0.166,0.086,0.064,0.036
0305+039,61106.3,2026-03-07,fm6066,3.56,2.033,1.751,1.087,0.123,0.076,0.054,0.034
0305+039,61132.2,2026-04-02,fm6092,3.801,2.168,1.717,0.999,0.16,0.081,0.053,0.032
0305+039,61160.1,2026-04-30,fm6120,3.329,2.13,1.753,1.049,0.121,0.07,0.054,0.033
0305+039,61188.0,2026-05-28,fm6148,3.674,2.117,1.756,1.043,0.136,0.072,0.057,0.033
0305+039,61226.9,2026-07-05,fm6186,,2.199,1.843,1.103,,0.078,0.059,0.034
0305+039,61254.9,2026-08-02,fm6214,,2.145,1.728,1.044,,0.09,0.057,0.032
0305+039,61289.8,2026-09-06,fm6249,,2.087,1.757,1.037,,0.064,0.054,0.034
0307+380,59957.6,2023-01-13,fm3013,,0.451,0.475,0.45,,0.015,0.015,0.015
0307+380,59975.8,2023-01-31,fm3031,,0.386,0.396,0.379,,0.013,0.013,0.013
0307+380,60078.1,2023-05-14,fm3134,,,0.369,0.333,,,0.012,0.011
0307+380,60092.3,2023-05-28,fm3148,,,0.318,0.312,,,0.012,0.012
0307+380,60126.8,2023-07-01,fm3182,,0.271,0.264,0.236,,0.011,0.01,0.012
0307+380,60139.6,2023-07-14,fm3195,,0.293,0.277,0.279,,0.012,0.011,0.011
0307+380,60237.4,2023-10-20,fm3293,,0.224,0.242,0.339,,0.01,0.01,0.013
0307+380,60250.4,2023-11-02,fm3306,,0.236,0.27,0.344,,0.009,0.01,0.013
0307+380,60320.4,2024-01-11,fm4011,,,0.39,0.464,,,0.013,0.015
0307+380,60359.4,2024-02-19,fm4050,,0.32,0.34,0.38,,0.011,0.012,0.013
0307+380,60383.4,2024-03-14,fm4074,,0.294,0.337,0.364,,0.014,0.012,0.015
0307+380,60437.0,2024-05-07,fm4128,,0.329,0.323,0.295,,0.013,0.011,0.011
0307+380,60464.4,2024-06-03,fm4155,,0.286,0.264,0.234,,0.011,0.011,0.011
0307+380,60621.3,2024-11-07,fm4312,,0.295,0.337,0.4,,0.011,0.011,0.013
0307+380,60649.2,2024-12-05,fm4340,,0.282,0.293,0.367,,0.01,0.01,0.014
0307+380,60650.5,2024-12-06,fm4341,,0.357,0.393,0.477,,0.011,0.014,0.015
0307+380,60702.2,2025-01-27,fm5027,,0.375,0.426,0.548,,0.012,0.013,0.017
0307+380,60727.3,2025-02-21,fm5052,,0.406,0.462,0.579,,0.013,0.015,0.018
0307+380,60728.6,2025-02-22,fm5053,,0.425,0.483,0.601,,0.014,0.016,0.019
0307+380,60762.5,2025-03-28,fm5087,,0.487,0.514,0.565,,0.016,0.017,0.017
0307+380,60789.1,2025-04-24,fm5114,0.428,0.5,0.532,0.537,0.019,0.017,0.016,0.017
0307+380,60814.1,2025-05-19,fm5139,,0.491,0.508,0.502,,0.016,0.016,0.016
0307+380,60858.1,2025-07-02,fm5183,,0.525,0.536,0.568,,0.017,0.017,0.018
0307+380,60872.2,2025-07-16,fm5197,,0.546,,0.601,,0.018,,0.019
0307+380,60981.3,2025-11-02,fm5306,,0.574,0.552,0.489,,0.02,0.017,0.016
0307+380,61006.2,2025-11-27,fm5331,,0.443,0.427,0.388,,0.014,0.014,0.014
0307+380,61028.0,2025-12-19,fm5352,,0.404,0.391,0.381,,0.014,0.012,0.012
0307+380,61069.0,2026-01-29,fm6029,,0.539,0.561,0.612,,0.017,0.017,0.019
0307+380,61094.6,2026-02-23,fm6054,,0.515,0.519,0.575,,0.016,0.016,0.018
0307+380,61105.9,2026-03-06,fm6066,,0.542,0.543,0.578,,0.017,0.017,0.018
0307+380,61131.8,2026-04-01,fm6092,,0.604,0.622,0.593,,0.019,0.019,0.019
0307+380,61159.9,2026-04-29,fm6120,,0.511,0.509,0.461,,0.018,0.016,0.015
0307+380,61187.8,2026-05-27,fm6148,,0.44,0.403,0.364,,0.016,0.013,0.012
0307+380,61226.6,2026-07-05,fm6186,,,0.26,0.248,,,0.01,0.009
0307+380,61254.5,2026-08-02,fm6214,,0.243,0.234,0.28,,0.009,0.008,0.01
0307+380,61289.5,2026-09-06,fm6249,,0.233,0.253,0.252,,0.009,0.01,0.01
0312+100,59957.5,2023-01-13,fm3013,,0.544,0.487,0.367,,0.017,0.016,0.013
0312+100,59976.3,2023-02-01,fm3031,,0.565,0.501,0.375,,0.02,0.016,0.013
0312+100,60078.1,2023-05-14,fm3134,,,0.513,0.364,,,0.018,0.014
0312+100,60092.2,2023-05-28,fm3148,,,0.51,0.414,,,0.018,0.017
0312+100,60127.0,2023-07-02,fm3182,,0.541,0.472,0.343,,0.02,0.016,0.015
0312+100,60139.9,2023-07-14,fm3195,,0.564,0.496,0.38,,0.028,0.016,0.016
0312+100,60237.6,2023-10-20,fm3293,,0.516,0.464,0.361,,0.017,0.015,0.013
0312+100,60250.6,2023-11-02,fm3306,,0.564,0.495,0.369,,0.021,0.016,0.013
0312+100,60320.6,2024-01-11,fm4011,,0.59,0.509,0.379,,0.019,0.017,0.013
0312+100,60383.3,2024-03-14,fm4074,0.84,0.572,0.509,,0.037,0.02,0.017,
0312+100,60437.2,2024-05-07,fm4128,,,,0.357,,,,0.015
0312+100,60465.0,2024-06-04,fm4155,0.874,0.563,0.495,0.359,0.04,0.02,0.017,0.013
0312+100,60621.6,2024-11-07,fm4312,,0.565,0.507,0.365,,0.02,0.017,0.012
0312+100,60649.5,2024-12-05,fm4340,,0.603,0.524,0.377,,0.02,0.017,0.014
0312+100,60702.4,2025-01-27,fm5027,0.87,0.587,0.515,0.382,0.033,0.021,0.016,0.012
0312+100,60727.3,2025-02-21,fm5052,0.924,0.573,0.523,0.389,0.035,0.02,0.016,0.014
0312+100,60763.2,2025-03-29,fm5087,,0.563,0.5,0.376,,0.022,0.016,0.013
0312+100,60789.1,2025-04-24,fm5114,,0.57,0.5,0.375,,0.018,0.016,0.012
0312+100,60814.0,2025-05-19,fm5139,,0.543,0.5,0.37,,0.02,0.016,0.012
0312+100,60858.9,2025-07-02,fm5183,,0.568,0.505,0.403,,0.02,0.016,0.015
0312+100,60872.9,2025-07-16,fm5197,,0.609,,0.382,,0.021,,0.013
0312+100,60939.7,2025-09-21,fm5264,,0.57,,0.37,,0.02,,0.012
0312+100,60981.6,2025-11-02,fm5306,,0.551,0.457,0.351,,0.017,0.014,0.012
0312+100,61006.6,2025-11-27,fm5331,,0.574,0.5,0.376,,0.019,0.016,0.012
0312+100,61027.6,2025-12-18,fm5352,,0.541,0.482,0.36,,0.017,0.015,0.012
0312+100,61069.3,2026-01-29,fm6029,0.838,0.566,0.485,0.368,0.031,0.019,0.015,0.012
0312+100,61094.4,2026-02-23,fm6054,,0.563,0.491,0.356,,0.018,0.016,0.012
0312+100,61106.2,2026-03-07,fm6066,,0.531,0.496,0.376,,0.022,0.016,0.012
0312+100,61132.2,2026-04-02,fm6092,,0.551,0.512,0.384,,0.018,0.016,0.013
0312+100,61160.1,2026-04-30,fm6120,,0.558,0.49,0.364,,0.019,0.015,0.013
0312+100,61188.0,2026-05-28,fm6148,,0.553,0.488,0.359,,0.018,0.015,0.012
0312+100,61226.9,2026-07-05,fm6186,,0.554,0.494,0.371,,0.021,0.015,0.012
0312+100,61254.8,2026-08-02,fm6214,,0.579,0.512,0.375,,0.022,0.016,0.012
0312+100,61289.7,2026-09-06,fm6249,,0.544,0.476,,,0.018,0.019,
0316+413,61053.9,2026-01-13,vo6014,,50.104,52.006,,,1.519,1.569,
0316+413,61089.2,2026-02-18,vo6049,,52.892,55.932,56.098,,1.634,1.686,1.713
0316+413,61096.6,2026-02-25,vo6056,36.747,51.341,54.474,53.27,1.601,1.824,1.645,1.642
0316+413,61131.1,2026-04-01,vo6091,,53.091,55.456,55.597,,1.614,1.677,1.674
0316+413,61159.0,2026-04-28,vo6119,,53.347,54.937,56.223,,1.877,1.659,1.699
0316+413,61236.5,2026-07-15,vo6196,,,55.41,54.765,,,1.665,1.663
0316+413,61249.7,2026-07-28,vo6210,,55.183,56.616,55.493,,1.905,1.715,1.692
0322+222,59957.5,2023-01-13,fm3013,,0.483,0.508,0.553,,0.016,0.016,0.018
0322+222,59975.6,2023-01-31,fm3031,,0.448,0.447,0.504,,0.015,0.015,0.016
0322+222,60092.1,2023-05-28,fm3148,,,0.509,0.747,,,0.017,0.023
0322+222,60126.2,2023-07-01,fm3182,,0.519,0.575,0.758,,0.018,0.019,0.025
0322+222,60139.8,2023-07-14,fm3195,,0.562,0.607,0.799,,0.02,0.019,0.025
0322+222,60237.5,2023-10-20,fm3293,,0.618,0.648,0.937,,0.022,0.025,0.029
0322+222,60243.3,2023-10-26,vo3299,,0.68,0.739,1.06,,0.022,0.024,0.032
0322+222,60250.5,2023-11-02,fm3306,,0.59,0.657,0.96,,0.019,0.021,0.03
0322+222,60320.5,2024-01-11,fm4011,,0.637,0.733,1.06,,0.022,0.024,0.032
0322+222,60359.4,2024-02-19,fm4050,0.556,0.772,0.892,1.181,0.022,0.025,0.027,0.036
0322+222,60383.6,2024-03-14,fm4074,,,0.848,1.082,,,0.03,0.039
0322+222,60417.1,2024-04-17,vo4108,,0.754,0.868,1.099,,0.031,0.028,0.033
0322+222,60424.1,2024-04-24,vo4115,,0.751,0.841,1.047,,0.026,0.026,0.032
0322+222,60437.2,2024-05-07,fm4128,,,0.985,1.081,,,0.038,0.033
0322+222,60464.4,2024-06-03,fm4155,,0.678,0.842,0.956,,0.024,0.026,0.03
0322+222,60557.6,2024-09-04,vo4248,,,0.81,0.827,,,0.026,0.026
0322+222,60578.5,2024-09-25,vo4269,,0.781,0.813,0.826,,0.025,0.026,0.026
0322+222,60592.4,2024-10-09,vo4283,,0.728,0.762,0.775,,0.023,0.024,0.024
0322+222,60620.4,2024-11-06,vo4311,,0.758,0.781,0.771,,0.027,0.024,0.023
0322+222,60621.3,2024-11-07,fm4312,,0.769,0.793,0.756,,0.024,0.027,0.023
0322+222,60648.3,2024-12-04,vo4339,,0.728,0.772,0.773,,0.026,0.025,0.024
0322+222,60649.4,2024-12-05,fm4340,,0.742,0.78,0.784,,0.024,0.025,0.027
0322+222,60650.4,2024-12-06,fm4341,,0.693,0.732,0.736,,0.024,0.022,0.023
0322+222,60655.2,2024-12-11,vo4346,,0.717,0.807,0.701,,0.023,0.025,0.022
0322+222,60696.6,2025-01-21,vo5022,,0.703,0.723,0.733,,0.024,0.023,0.023
0322+222,60702.2,2025-01-27,fm5027,,0.742,0.764,0.789,,0.023,0.023,0.024
0322+222,60703.5,2025-01-28,vo5029,,0.731,0.743,0.774,,0.024,0.023,0.024
0322+222,60717.5,2025-02-11,vo5043,,0.698,0.717,0.782,,0.022,0.022,0.024
0322+222,60727.3,2025-02-21,fm5052,,0.721,0.757,0.832,,0.023,0.023,0.026
0322+222,60728.5,2025-02-22,fm5053,0.687,0.726,0.772,0.863,0.024,0.024,0.024,0.027
0322+222,60762.5,2025-03-28,fm5087,,0.712,0.751,0.865,,0.022,0.023,0.026
0322+222,60773.9,2025-04-08,vo5099,,0.745,0.79,0.912,,0.024,0.024,0.028
0322+222,60789.1,2025-04-24,fm5114,,0.725,0.792,0.938,,0.024,0.024,0.029
0322+222,60814.1,2025-05-19,fm5139,,0.783,0.819,1.001,,0.033,0.026,0.03
0322+222,60850.9,2025-06-24,vo5176,,0.765,0.819,1.045,,0.024,0.026,0.032
0322+222,60858.3,2025-07-02,fm5183,,0.76,0.81,1.065,,0.024,0.025,0.033
0322+222,60906.5,2025-08-19,vo5232,,0.862,0.976,1.184,,0.029,0.031,0.036
0322+222,60939.6,2025-09-21,fm5264,,0.949,,1.262,,0.03,,0.039
0322+222,60955.5,2025-10-07,vo5281,,0.906,1.004,1.238,,0.029,0.032,0.038
0322+222,60976.8,2025-10-28,vo5302,,1.001,1.093,1.389,,0.033,0.034,0.042
0322+222,60981.5,2025-11-02,fm5306,0.789,1.035,1.15,1.408,0.029,0.032,0.035,0.043
0322+222,61005.5,2025-11-26,vo5330,,1.174,1.263,1.5,,0.037,0.039,0.046
0322+222,61006.4,2025-11-27,fm5331,,1.207,1.338,1.566,,0.039,0.041,0.048
0322+222,61025.6,2025-12-16,vo5351,,1.18,1.278,1.442,,0.038,0.04,0.044
0322+222,61027.5,2025-12-18,fm5352,,1.212,1.321,1.469,,0.037,0.04,0.044
0322+222,61053.6,2026-01-13,vo6014,,1.167,1.241,,,0.037,0.039,
0322+222,61089.2,2026-02-18,vo6049,,1.147,1.209,1.216,,0.037,0.037,0.038
0322+222,61094.6,2026-02-23,fm6054,0.996,1.17,1.197,1.185,0.035,0.037,0.036,0.036
0322+222,61096.2,2026-02-25,vo6056,,1.096,1.119,1.136,,0.035,0.035,0.035
0322+222,61106.1,2026-03-07,fm6066,0.903,1.08,1.155,1.153,0.034,0.038,0.035,0.035
0322+222,61131.0,2026-03-31,vo6091,,1.0,1.07,1.09,,0.033,0.034,0.034
0322+222,61132.1,2026-04-02,fm6092,,1.065,1.056,1.118,,0.038,0.032,0.035
0322+222,61158.9,2026-04-28,vo6119,,1.008,0.987,1.051,,0.038,0.031,0.033
0322+222,61160.3,2026-04-30,fm6120,,1.063,1.087,1.094,,0.036,0.034,0.034
0322+222,61187.9,2026-05-27,fm6148,,1.026,1.045,1.06,,0.034,0.032,0.033
0322+222,61201.9,2026-06-10,vo6162,,1.057,1.051,1.074,,0.034,0.034,0.033
0322+222,61226.8,2026-07-05,fm6186,,1.01,1.038,0.998,,0.037,0.032,0.031
0322+222,61235.6,2026-07-14,vo6196,,,0.998,0.982,,,0.032,0.03
0322+222,61249.6,2026-07-28,vo6210,,1.028,0.983,0.943,,0.043,0.031,0.03
0322+222,61254.7,2026-08-02,fm6214,,0.974,0.995,0.913,,0.035,0.031,0.028
0322+222,61289.6,2026-09-06,fm6249,,0.905,0.916,0.885,,0.031,0.029,0.028
0327-241,61250.3,2026-07-29,vo6210,,,0.511,,,,0.047,
0334-131,59957.4,2023-01-13,fm3013,,0.197,0.229,0.245,,0.01,0.01,0.013
0334-131,59976.5,2023-02-01,fm3031,,0.218,,0.245,,0.01,,0.012
0334-131,60078.4,2023-05-14,fm3134,,,0.268,0.325,,,0.01,0.013
0334-131,60092.4,2023-05-28,fm3148,,,0.246,,,,0.01,
0334-131,60127.2,2023-07-02,fm3182,,,0.211,,,,0.015,
0334-131,60140.1,2023-07-15,fm3195,,,0.25,0.284,,,0.012,0.015
0334-131,60237.8,2023-10-20,fm3293,,0.283,0.294,0.369,,0.013,0.011,0.014
0334-131,60250.8,2023-11-02,fm3306,,,0.26,0.343,,,0.01,0.014
0334-131,60359.5,2024-02-19,fm4050,,0.322,0.365,0.461,,0.012,0.014,0.017
0334-131,60437.3,2024-05-07,fm4128,,,0.288,0.378,,,0.013,0.017
0334-131,60465.2,2024-06-04,fm4155,,0.301,0.317,0.355,,0.012,0.011,0.013
0334-131,60621.7,2024-11-07,fm4312,,0.31,0.297,0.293,,0.011,0.01,0.01
0334-131,60649.7,2024-12-05,fm4340,,,0.185,0.189,,,0.008,0.011
0334-131,60650.4,2024-12-06,fm4341,,,0.27,0.319,,,0.009,0.012
0334-131,60702.5,2025-01-27,fm5027,,0.264,0.287,0.346,,0.009,0.01,0.011
0334-131,60727.2,2025-02-21,fm5052,,0.256,0.279,0.342,,0.01,0.009,0.013
0334-131,60728.4,2025-02-22,fm5053,,0.295,0.323,,,0.012,0.011,
0334-131,60763.4,2025-03-29,fm5087,,,0.332,0.349,,,0.011,0.011
0334-131,60788.9,2025-04-23,fm5114,,0.31,0.306,0.333,,0.011,0.011,0.011
0334-131,60939.9,2025-09-21,fm5264,,0.292,0.289,0.349,,0.011,0.012,0.013
0334-131,61006.7,2025-11-27,fm5331,,0.258,0.257,0.275,,0.009,0.009,0.01
0334-131,61027.7,2025-12-18,fm5352,,0.283,0.277,0.31,,0.01,0.01,0.011
0334-131,61069.5,2026-01-29,fm6029,,,0.28,0.372,,,0.01,0.012
0334-131,61096.6,2026-02-25,vo6056,,,,0.274,,,,0.02
0334-131,61132.4,2026-04-02,fm6092,,0.262,0.279,0.367,,0.01,0.01,0.013
0334-131,61160.3,2026-04-30,fm6120,,0.252,0.259,0.301,,0.01,0.009,0.011
0334-131,61188.2,2026-05-28,fm6148,,,0.253,0.274,,,0.009,0.01
0334-131,61227.1,2026-07-06,fm6186,,0.277,0.279,0.325,,0.011,0.01,0.011
0334-131,61255.0,2026-08-03,fm6214,,0.302,0.332,0.391,,0.011,0.011,0.013
0334-131,61289.9,2026-09-06,fm6249,,,0.298,,,,0.012,
0336-019,60417.1,2024-04-17,vo4108,,1.29,1.508,1.971,,0.047,0.048,0.061
0336-019,60424.0,2024-04-24,vo4115,,1.255,1.462,1.992,,0.041,0.047,0.06
0336-019,60459.0,2024-05-29,vo4150,,1.489,1.655,2.236,,0.046,0.052,0.069
0336-019,60557.8,2024-09-04,vo4248,,1.396,1.571,2.088,,0.048,0.049,0.064
0336-019,60578.7,2024-09-25,vo4269,,1.384,1.582,2.075,,0.044,0.049,0.063
0336-019,60592.7,2024-10-09,vo4283,,1.425,1.58,1.917,,0.049,0.048,0.059
0336-019,60620.6,2024-11-06,vo4311,,1.392,1.519,1.838,,0.045,0.046,0.056
0336-019,60648.5,2024-12-04,vo4339,,1.366,1.546,1.822,,0.047,0.048,0.055
0336-019,60697.4,2025-01-22,vo5022,,1.454,1.585,1.765,,0.048,0.048,0.054
0336-019,60704.4,2025-01-29,vo5029,,1.437,1.484,1.642,,0.044,0.045,0.05
0336-019,60774.2,2025-04-09,vo5099,,1.34,1.399,1.46,,0.041,0.042,0.044
0336-019,60809.0,2025-05-14,vo5134,,1.312,1.36,1.401,,0.042,0.042,0.043
0336-019,60850.9,2025-06-24,vo5176,,1.421,,1.419,,0.043,,0.043
0336-019,60906.8,2025-08-19,vo5232,,1.293,1.318,1.338,,0.042,0.044,0.041
0336-019,60955.5,2025-10-07,vo5281,,1.068,1.1,1.164,,0.035,0.035,0.036
0336-019,60976.5,2025-10-28,vo5302,,1.196,1.201,1.287,,0.042,0.037,0.039
0336-019,61005.6,2025-11-26,vo5330,,1.077,1.129,1.23,,0.039,0.036,0.038
0336-019,61025.6,2025-12-16,vo5351,,1.157,1.215,1.334,,0.046,0.039,0.041
0345+460,60417.1,2024-04-17,vo4108,,0.852,0.782,0.672,,0.028,0.024,0.02
0345+460,60424.0,2024-04-24,vo4115,,0.802,0.774,0.656,,0.025,0.024,0.02
0345+460,60459.0,2024-05-29,vo4150,,0.784,0.747,0.658,,0.025,0.023,0.021
0345+460,60578.0,2024-09-25,vo4269,,0.732,0.693,0.598,,0.024,0.021,0.018
0345+460,60592.0,2024-10-09,vo4283,,0.718,0.685,0.563,,0.023,0.021,0.018
0345+460,60620.0,2024-11-06,vo4311,,0.708,0.665,0.557,,0.023,0.02,0.017
0345+460,60717.6,2025-02-11,vo5043,,0.645,0.602,0.506,,0.02,0.019,0.015
0345+460,60956.8,2025-10-08,vo5281,,0.584,,0.447,,0.022,,0.017
0345+460,61053.6,2026-01-13,vo6014,,0.543,0.517,0.443,,0.02,0.02,0.018
0345+460,61089.0,2026-02-17,vo6049,,0.572,0.518,0.439,,0.02,0.019,0.016
0345+460,61095.5,2026-02-24,vo6056,,0.571,0.551,0.445,,0.02,0.019,0.015
0345+460,61130.6,2026-03-31,vo6091,,0.544,0.519,0.445,,0.019,0.018,0.015
0345+460,61202.2,2026-06-11,vo6162,,0.574,0.541,0.455,,0.024,0.02,0.016
0345+460,61250.0,2026-07-28,vo6210,,0.567,0.526,0.475,,0.025,0.018,0.016
0346+800,59957.7,2023-01-13,fm3013,,,,0.188,,,,0.008
0346+800,59975.7,2023-01-31,fm3031,,0.238,0.228,0.21,,0.009,0.008,0.009
0346+800,60078.3,2023-05-14,fm3134,,,0.203,0.183,,,0.008,0.008
0346+800,60092.2,2023-05-28,fm3148,,,0.212,0.186,,,0.01,0.009
0346+800,60127.0,2023-07-02,fm3182,,,0.252,,,,0.01,
0346+800,60139.5,2023-07-14,fm3195,,0.322,0.24,0.219,,0.012,0.009,0.01
0346+800,60237.3,2023-10-20,fm3293,,0.301,0.273,0.226,,0.012,0.01,0.01
0346+800,60250.3,2023-11-02,fm3306,,,0.247,0.204,,,0.009,0.01
0346+800,60320.4,2024-01-11,fm4011,,,0.234,0.208,,,0.009,0.01
0346+800,60359.3,2024-02-19,fm4050,,0.299,0.247,0.215,,0.011,0.009,0.01
0346+800,60383.8,2024-03-14,fm4074,,,0.258,,,,0.01,
0346+800,60437.1,2024-05-07,fm4128,,0.307,0.275,,,0.013,0.01,
0346+800,60464.4,2024-06-03,fm4155,,,,0.248,,,,0.01
0346+800,60621.4,2024-11-07,fm4312,,0.269,0.275,0.218,,0.01,0.01,0.008
0346+800,60649.3,2024-12-05,fm4340,,,,0.228,,,,0.01
0346+800,60650.4,2024-12-06,fm4341,,,0.269,0.218,,,0.011,0.008
0346+800,60702.1,2025-01-27,fm5027,,,0.245,0.191,,,0.009,0.007
0346+800,60727.3,2025-02-21,fm5052,,0.294,0.26,0.213,,0.01,0.009,0.008
0346+800,60762.5,2025-03-28,fm5087,,0.257,,0.221,,0.009,,0.008
0346+800,60789.1,2025-04-24,fm5114,,0.29,0.277,0.228,,0.011,0.009,0.008
0346+800,60814.1,2025-05-19,fm5139,,0.308,,0.224,,0.012,,0.008
0346+800,60858.2,2025-07-02,fm5183,,0.296,0.302,0.237,,0.011,0.012,0.009
0346+800,60872.2,2025-07-16,fm5197,,,,0.232,,,,0.009
0346+800,60939.3,2025-09-21,fm5264,,,0.251,0.206,,,0.01,0.007
0346+800,60981.3,2025-11-02,fm5306,,,0.218,0.191,,,0.008,0.008
0346+800,61006.1,2025-11-27,fm5331,,0.234,0.227,0.188,,0.009,0.009,0.009
0346+800,61027.1,2025-12-18,fm5352,,,0.24,0.192,,,0.009,0.009
0346+800,61068.9,2026-01-28,fm6029,,0.245,0.218,0.17,,0.009,0.008,0.007
0346+800,61094.4,2026-02-23,fm6054,,,,0.168,,,,0.006
0346+800,61105.9,2026-03-06,fm6066,,0.256,,0.171,,0.01,,0.007
0346+800,61130.7,2026-03-31,vo6091,,0.29,,0.171,,0.015,,0.008
0346+800,61131.8,2026-04-01,fm6092,,,0.221,0.171,,,0.008,0.007
0346+800,61158.6,2026-04-28,vo6119,,,,0.186,,,,0.009
0346+800,61187.8,2026-05-27,fm6148,,,0.222,0.189,,,0.009,0.007
0346+800,61201.8,2026-06-10,vo6162,,,,0.19,,,,0.01
0346+800,61226.6,2026-07-05,fm6186,,0.263,0.221,0.197,,0.01,0.009,0.007
0346+800,61249.6,2026-07-28,vo6210,,,0.258,,,,0.016,
0346+800,61254.5,2026-08-02,fm6214,,,0.249,0.181,,,0.009,0.008
0346+800,61289.4,2026-09-06,fm6249,,,0.23,,,,0.01,
0347-211,59958.7,2023-01-14,fm3013,,,0.41,,,,0.017,
0347-211,59976.7,2023-02-01,fm3031,,0.391,0.388,0.361,,0.015,0.016,0.015
0347-211,60078.5,2023-05-14,fm3134,,,0.412,,,,0.017,
0347-211,60092.5,2023-05-28,fm3148,,,0.399,0.383,,,0.017,0.02
0347-211,60140.2,2023-07-15,fm3195,,0.377,0.386,0.332,,0.016,0.015,0.019
0347-211,60558.0,2024-09-04,vo4248,,,0.523,0.485,,,0.024,0.02
0347-211,60592.9,2024-10-09,vo4283,,0.497,0.492,0.467,,0.018,0.018,0.016
0347-211,60648.7,2024-12-04,vo4339,,0.487,0.495,0.454,,0.018,0.018,0.015
0347-211,60697.6,2025-01-22,vo5022,,0.448,0.462,0.429,,0.017,0.016,0.015
0347-211,60955.5,2025-10-07,vo5281,,0.466,0.465,0.41,,0.018,0.022,0.016
0347-211,60976.6,2025-10-28,vo5302,,0.431,0.471,0.431,,0.021,0.019,0.017
0347-211,61005.8,2025-11-26,vo5330,,0.414,0.42,0.406,,0.02,0.022,0.018
0347-211,61027.8,2025-12-18,fm5352,,0.422,0.422,0.398,,0.016,0.015,0.013
0355+508,60243.3,2023-10-26,vo3299,,6.083,6.569,8.749,,0.186,0.202,0.267
0355+508,60557.1,2024-09-04,vo4248,,7.332,8.128,9.916,,0.234,0.248,0.302
0355+508,60648.0,2024-12-04,vo4339,,7.459,8.564,10.802,,0.259,0.26,0.327
0355+508,60655.0,2024-12-11,vo4346,,7.567,9.209,10.844,,0.239,0.278,0.333
0355+508,60773.5,2025-04-08,vo5099,,8.758,9.525,10.642,,0.272,0.287,0.32
0355+508,60850.7,2025-06-24,vo5176,6.377,8.522,,9.737,0.225,0.261,,0.295
0355+508,60907.4,2025-08-20,vo5232,,9.034,9.85,10.375,,0.275,0.297,0.312
0355+508,60976.5,2025-10-28,vo5302,,8.479,8.928,9.862,,0.259,0.269,0.297
0355+508,61025.5,2025-12-16,vo5351,6.803,9.222,9.882,10.176,0.215,0.295,0.298,0.308
0403-132,59958.6,2023-01-14,fm3013,,2.48,2.411,2.16,,0.077,0.079,0.068
0403-132,59976.5,2023-02-01,fm3031,2.898,2.612,2.536,2.239,0.094,0.082,0.081,0.068
0403-132,60078.5,2023-05-14,fm3134,,,2.43,2.105,,,0.074,0.065
0403-132,60092.5,2023-05-28,fm3148,,,2.431,2.129,,,0.081,0.065
0403-132,60127.2,2023-07-02,fm3182,2.66,2.427,2.28,1.886,0.098,0.085,0.071,0.059
0403-132,60140.1,2023-07-15,fm3195,2.959,2.504,2.395,1.96,0.119,0.094,0.075,0.061
0403-132,60237.8,2023-10-20,fm3293,2.719,2.275,2.182,1.836,0.087,0.071,0.067,0.056
0403-132,60250.8,2023-11-02,fm3306,,2.289,2.179,1.839,,0.069,0.066,0.056
0403-132,60359.5,2024-02-19,fm4050,2.882,2.416,2.321,2.021,0.096,0.074,0.07,0.061
0403-132,60437.3,2024-05-07,fm4128,,,2.341,2.004,,,0.071,0.061
0403-132,60465.2,2024-06-04,fm4155,2.843,2.487,2.338,1.992,0.113,0.088,0.072,0.061
0403-132,60621.8,2024-11-07,fm4312,2.752,2.22,2.095,1.797,0.127,0.072,0.071,0.055
0403-132,60649.7,2024-12-05,fm4340,,2.353,2.251,1.971,,0.075,0.072,0.066
0403-132,60650.7,2024-12-06,fm4341,,2.235,2.143,1.84,,0.074,0.065,0.056
0403-132,60702.6,2025-01-27,fm5027,2.76,2.316,2.207,1.974,0.086,0.072,0.067,0.06
0403-132,60727.1,2025-02-21,fm5052,2.767,2.29,2.197,1.89,0.105,0.076,0.067,0.058
0403-132,60728.2,2025-02-22,fm5053,2.789,2.287,2.213,1.996,0.092,0.074,0.067,0.062
0403-132,60763.4,2025-03-29,fm5087,2.928,,2.19,1.929,0.095,,0.068,0.059
0403-132,60788.9,2025-04-23,fm5114,2.699,2.357,2.216,1.932,0.085,0.076,0.067,0.059
0403-132,60813.9,2025-05-18,fm5139,,2.291,2.223,1.894,,0.085,0.067,0.059
0403-132,60858.0,2025-07-02,fm5183,3.074,2.263,2.156,1.87,0.096,0.08,0.065,0.058
0403-132,60939.9,2025-09-21,fm5264,,2.345,2.166,1.832,,0.082,0.067,0.056
0403-132,60981.8,2025-11-02,fm5306,2.757,2.336,2.267,1.967,0.109,0.074,0.068,0.06
0403-132,61006.7,2025-11-27,fm5331,2.939,2.459,2.368,2.026,0.102,0.085,0.072,0.062
0403-132,61027.8,2025-12-18,fm5352,2.849,2.459,2.366,2.075,0.117,0.075,0.072,0.063
0403-132,61069.5,2026-01-29,fm6029,2.968,2.532,2.456,2.098,0.094,0.085,0.075,0.063
0403-132,61089.6,2026-02-18,vo6049,,2.483,2.381,2.108,,0.078,0.074,0.066
0403-132,61094.3,2026-02-23,fm6054,2.882,2.527,2.458,2.219,0.092,0.079,0.074,0.067
0403-132,61096.5,2026-02-25,vo6056,,2.403,2.313,2.025,,0.08,0.074,0.064
0403-132,61106.4,2026-03-07,fm6066,2.882,2.516,2.442,2.152,0.102,0.079,0.074,0.065
0403-132,61131.4,2026-04-01,vo6091,2.935,2.498,2.367,2.177,0.15,0.078,0.074,0.067
0403-132,61132.4,2026-04-02,fm6092,2.882,2.512,2.471,2.287,0.093,0.083,0.074,0.07
0403-132,61160.3,2026-04-30,fm6120,2.917,2.592,2.566,2.314,0.104,0.088,0.078,0.07
0403-132,61188.2,2026-05-28,fm6148,,2.644,2.527,2.281,,0.091,0.077,0.069
0403-132,61202.2,2026-06-11,vo6162,,2.736,2.504,2.301,,0.093,0.077,0.072
0403-132,61227.1,2026-07-06,fm6186,,2.587,2.562,2.321,,0.081,0.077,0.071
0403-132,61250.1,2026-07-29,vo6210,,2.693,2.537,2.304,,0.105,0.079,0.08
0403-132,61255.0,2026-08-03,fm6214,,2.618,2.561,2.277,,0.087,0.078,0.069
0403-132,61289.9,2026-09-06,fm6249,2.738,2.657,2.605,2.296,0.093,0.082,0.079,0.071
0406-127,59957.5,2023-01-13,fm3013,,,,0.165,,,,0.011
0406-127,59976.5,2023-02-01,fm3031,,0.193,,0.176,,0.01,,0.009
0406-127,60237.8,2023-10-20,fm3293,,,0.209,,,,0.01,
0406-127,60250.8,2023-11-02,fm3306,,0.185,0.195,,,0.01,0.009,
0406-127,60465.2,2024-06-04,fm4155,,0.178,0.185,,,0.01,0.008,
0406-127,60649.7,2024-12-05,fm4340,,,0.175,0.149,,,0.008,0.01
0406-127,60650.7,2024-12-06,fm4341,,,0.178,0.18,,,0.006,0.01
0406-127,60702.6,2025-01-27,fm5027,,0.181,0.21,0.161,,0.008,0.01,0.008
0406-127,60727.2,2025-02-21,fm5052,,0.181,0.182,0.167,,0.008,0.008,0.009
0406-127,60728.3,2025-02-22,fm5053,,0.193,0.195,,,0.008,0.008,
0406-127,60763.4,2025-03-29,fm5087,,,0.193,0.157,,,0.009,0.008
0406-127,60788.9,2025-04-23,fm5114,,0.175,0.194,0.157,,0.008,0.007,0.008
0406-127,60939.9,2025-09-21,fm5264,,,,0.165,,,,0.008
0406-127,60981.8,2025-11-02,fm5306,,0.197,,,,0.009,,
0406-127,61006.7,2025-11-27,fm5331,,0.211,0.193,0.152,,0.009,0.009,0.009
0406-127,61027.8,2025-12-18,fm5352,,0.221,0.224,0.177,,0.009,0.008,0.007
0406-127,61069.5,2026-01-29,fm6029,,,0.178,0.163,,,0.007,0.007
0406-127,61106.4,2026-03-07,fm6066,,,0.195,0.164,,,0.008,0.007
0406-127,61132.4,2026-04-02,fm6092,,0.172,0.181,0.167,,0.008,0.008,0.008
0406-127,61188.2,2026-05-28,fm6148,,,0.186,0.176,,,0.008,0.008
0406-127,61227.1,2026-07-06,fm6186,,0.213,0.207,0.154,,0.01,0.008,0.009
0406-127,61255.0,2026-08-03,fm6214,,0.209,0.174,0.188,,0.009,0.008,0.009
0415+398,59957.6,2023-01-13,fm3013,,0.365,0.349,0.319,,0.013,0.012,0.011
0415+398,59975.6,2023-01-31,fm3031,,0.362,0.357,0.32,,0.012,0.012,0.012
0415+398,60078.2,2023-05-14,fm3134,,0.366,0.356,0.338,,0.016,0.012,0.012
0415+398,60092.2,2023-05-28,fm3148,,,0.341,0.319,,,0.012,0.012
0415+398,60126.6,2023-07-01,fm3182,,,0.331,0.32,,,0.013,0.015
0415+398,60139.5,2023-07-14,fm3195,,0.329,0.337,0.305,,0.012,0.012,0.012
0415+398,60237.4,2023-10-20,fm3293,,0.351,0.34,0.342,,0.012,0.012,0.013
0415+398,60250.3,2023-11-02,fm3306,,0.341,0.354,0.337,,0.012,0.013,0.013
0415+398,60320.4,2024-01-11,fm4011,,,0.334,0.314,,,0.011,0.011
0415+398,60359.3,2024-02-19,fm4050,,0.349,0.342,0.33,,0.012,0.012,0.012
0415+398,60383.4,2024-03-14,fm4074,,0.32,0.319,0.308,,0.013,0.011,0.013
0415+398,60437.5,2024-05-07,fm4128,,,0.322,0.321,,,0.012,0.013
0415+398,60464.4,2024-06-03,fm4155,,,0.34,0.303,,,0.013,0.011
0415+398,60621.3,2024-11-07,fm4312,,0.349,0.346,0.317,,0.011,0.011,0.01
0415+398,60649.2,2024-12-05,fm4340,,0.377,0.357,0.344,,0.013,0.012,0.013
0415+398,60650.4,2024-12-06,fm4341,,0.348,0.332,0.322,,0.011,0.011,0.011
0415+398,60702.1,2025-01-27,fm5027,,0.355,0.341,0.326,,0.011,0.011,0.011
0415+398,60727.4,2025-02-21,fm5052,,0.359,0.377,0.355,,0.012,0.012,0.012
0415+398,60728.5,2025-02-22,fm5053,,0.338,0.345,0.333,,0.011,0.011,0.012
0415+398,60762.5,2025-03-28,fm5087,0.368,0.356,0.376,0.371,0.017,0.012,0.012,0.012
0415+398,60789.1,2025-04-24,fm5114,,0.35,0.337,0.333,,0.011,0.011,0.011
0415+398,60814.2,2025-05-19,fm5139,,0.366,0.37,0.368,,0.013,0.012,0.012
0415+398,60858.0,2025-07-02,fm5183,,0.368,0.362,0.367,,0.012,0.012,0.013
0415+398,60872.2,2025-07-16,fm5197,,0.358,,0.353,,0.012,,0.012
0415+398,60939.4,2025-09-21,fm5264,,0.356,0.336,0.322,,0.012,0.012,0.011
0415+398,60981.3,2025-11-02,fm5306,,0.356,0.346,0.321,,0.013,0.011,0.011
0415+398,61006.2,2025-11-27,fm5331,,0.339,0.341,0.312,,0.011,0.011,0.012
0415+398,61027.3,2025-12-18,fm5352,,0.362,0.361,0.333,,0.013,0.012,0.011
0415+398,61069.0,2026-01-29,fm6029,,0.334,0.339,0.323,,0.011,0.011,0.01
0415+398,61094.6,2026-02-23,fm6054,,0.354,0.337,0.332,,0.011,0.012,0.011
0415+398,61105.9,2026-03-06,fm6066,,0.32,0.313,0.305,,0.012,0.011,0.01
0415+398,61131.9,2026-04-01,fm6092,,0.34,0.348,0.333,,0.011,0.011,0.011
0415+398,61159.8,2026-04-29,fm6120,,0.337,0.328,0.323,,0.012,0.011,0.011
0415+398,61187.8,2026-05-27,fm6148,,,0.319,0.311,,,0.01,0.01
0415+398,61226.6,2026-07-05,fm6186,,0.319,0.323,0.302,,0.011,0.011,0.01
0415+398,61254.5,2026-08-02,fm6214,,0.348,0.311,0.3,,0.013,0.011,0.01
0415+398,61289.4,2026-09-06,fm6249,,0.303,0.3,0.305,,0.011,0.011,0.012
0420+022,59957.6,2023-01-13,fm3013,,0.869,0.81,0.675,,0.027,0.026,0.023
0420+022,59975.6,2023-01-31,fm3031,0.884,0.815,0.791,0.624,0.033,0.027,0.025,0.021
0420+022,60078.3,2023-05-14,fm3134,,,0.785,0.607,,,0.025,0.019
0420+022,60092.4,2023-05-28,fm3148,,,0.796,0.621,,,0.027,0.02
0420+022,60126.3,2023-07-01,fm3182,,0.772,0.726,0.59,,0.029,0.024,0.021
0420+022,60140.0,2023-07-14,fm3195,,0.795,0.748,0.613,,0.025,0.024,0.02
0420+022,60237.7,2023-10-20,fm3293,0.854,0.703,0.671,0.543,0.031,0.024,0.022,0.018
0420+022,60243.9,2023-10-26,vo3299,,0.792,0.723,0.586,,0.027,0.024,0.019
0420+022,60250.7,2023-11-02,fm3306,,0.754,0.683,0.543,,0.025,0.022,0.019
0420+022,60320.6,2024-01-11,fm4011,,,0.651,0.515,,,0.02,0.017
0420+022,60359.5,2024-02-19,fm4050,0.838,0.644,0.625,0.485,0.03,0.02,0.019,0.016
0420+022,60383.7,2024-03-14,fm4074,,0.598,0.602,0.481,,0.021,0.019,0.018
0420+022,60437.2,2024-05-07,fm4128,,0.636,0.62,0.465,,0.023,0.02,0.016
0420+022,60459.1,2024-05-29,vo4150,,,0.559,0.46,,,0.02,0.018
0420+022,60465.1,2024-06-04,fm4155,0.75,0.638,0.587,0.457,0.03,0.021,0.02,0.015
0420+022,60557.8,2024-09-04,vo4248,,0.572,0.525,0.418,,0.025,0.017,0.014
0420+022,60621.7,2024-11-07,fm4312,,,0.53,0.396,,,0.021,0.015
0420+022,60648.6,2024-12-04,vo4339,,0.545,0.518,0.403,,0.018,0.018,0.013
0420+022,60649.6,2024-12-05,fm4340,,0.521,0.52,0.399,,0.017,0.017,0.017
0420+022,60650.4,2024-12-06,fm4341,,0.572,0.515,0.391,,0.018,0.016,0.013
0420+022,60702.4,2025-01-27,fm5027,0.74,0.538,0.495,0.388,0.03,0.018,0.015,0.012
0420+022,60727.2,2025-02-21,fm5052,0.751,0.541,0.495,0.377,0.028,0.017,0.015,0.013
0420+022,60728.3,2025-02-22,fm5053,,0.553,0.515,0.393,,0.017,0.016,0.013
0420+022,60763.2,2025-03-29,fm5087,,0.48,0.466,0.371,,0.02,0.015,0.012
0420+022,60789.0,2025-04-23,fm5114,,0.492,0.454,0.369,,0.017,0.015,0.012
0420+022,60814.0,2025-05-19,fm5139,,,0.467,0.356,,,0.015,0.012
0420+022,60872.9,2025-07-16,fm5197,,0.499,,0.358,,0.017,,0.012
0420+022,60907.1,2025-08-20,vo5232,,,0.48,0.39,,,0.02,0.014
0420+022,60939.8,2025-09-21,fm5264,,0.499,0.427,0.358,,0.017,0.015,0.012
0420+022,60955.5,2025-10-07,vo5281,,0.474,0.45,0.346,,0.02,0.017,0.013
0420+022,60976.6,2025-10-28,vo5302,,0.451,0.427,0.348,,0.016,0.016,0.013
0420+022,60981.7,2025-11-02,fm5306,,0.475,0.423,0.349,,0.016,0.014,0.012
0420+022,61005.6,2025-11-26,vo5330,,0.445,0.416,0.346,,0.017,0.018,0.013
0420+022,61006.6,2025-11-27,fm5331,,0.462,0.436,0.344,,0.015,0.014,0.012
0420+022,61025.5,2025-12-16,vo5351,,,0.426,0.348,,,0.016,0.015
0420+022,61027.7,2025-12-18,fm5352,,0.431,0.417,0.336,,0.014,0.014,0.011
0420+022,61069.4,2026-01-29,fm6029,,0.476,0.411,0.353,,0.017,0.013,0.011
0420+022,61094.4,2026-02-23,fm6054,,0.444,0.388,0.357,,0.018,0.013,0.012
0420+022,61106.4,2026-03-07,fm6066,,,0.394,0.34,,,0.013,0.011
0420+022,61132.3,2026-04-02,fm6092,,0.429,0.421,0.354,,0.014,0.013,0.012
0420+022,61160.2,2026-04-30,fm6120,,0.39,0.378,,,0.016,0.013,
0420+022,61188.1,2026-05-28,fm6148,,0.421,0.417,0.329,,0.014,0.018,0.011
0420+022,61227.0,2026-07-06,fm6186,,0.425,0.406,0.343,,0.014,0.013,0.012
0420+022,61255.0,2026-08-02,fm6214,,0.375,0.368,0.314,,0.013,0.012,0.011
0420+022,61289.8,2026-09-06,fm6249,,0.389,0.367,,,0.017,0.013,
0420-014,60578.7,2024-09-25,vo4269,4.429,5.768,6.086,6.709,0.15,0.174,0.184,0.204
0420-014,60592.7,2024-10-09,vo4283,,5.626,6.039,6.431,,0.176,0.186,0.194
0420-014,60696.5,2025-01-21,vo5022,,5.549,6.022,6.356,,0.201,0.182,0.192
0420-014,60774.2,2025-04-09,vo5099,,5.888,6.116,6.524,,0.181,0.184,0.196
0420-014,61089.4,2026-02-18,vo6049,,5.345,5.591,5.745,,0.161,0.17,0.176
0420-014,61096.3,2026-02-25,vo6056,,5.451,5.55,5.541,,0.185,0.169,0.167
0420-014,61131.2,2026-04-01,vo6091,4.906,5.376,5.509,5.524,0.16,0.177,0.17,0.167
0420-014,61159.2,2026-04-29,vo6119,,5.329,5.315,5.419,,0.167,0.161,0.164
0420-014,61202.1,2026-06-11,vo6162,,4.511,4.429,4.734,,0.152,0.136,0.145
0420-014,61235.9,2026-07-14,vo6196,,,5.552,5.639,,,0.168,0.17
0430+289,59957.6,2023-01-13,fm3013,,,0.178,0.162,,,0.008,0.01
0430+289,59975.7,2023-01-31,fm3031,,0.182,0.176,0.163,,0.009,0.009,0.009
0430+289,60078.3,2023-05-14,fm3134,,,,0.288,,,,0.011
0430+289,60092.2,2023-05-28,fm3148,,,,0.285,,,,0.011
0430+289,60126.5,2023-07-01,fm3182,,0.26,0.267,,,0.012,0.014,
0430+289,60139.8,2023-07-14,fm3195,,0.278,0.279,0.31,,0.011,0.011,0.012
0430+289,60237.5,2023-10-20,fm3293,,0.312,0.332,0.389,,0.014,0.012,0.014
0430+289,60250.5,2023-11-02,fm3306,,0.309,0.371,0.441,,0.012,0.013,0.015
0430+289,60320.5,2024-01-11,fm4011,,0.51,0.494,0.509,,0.017,0.016,0.016
0430+289,60359.4,2024-02-19,fm4050,,,0.358,0.337,,,0.012,0.012
0430+289,60383.7,2024-03-14,fm4074,,,0.289,0.286,,,0.013,0.014
0430+289,60437.2,2024-05-07,fm4128,,,0.312,0.286,,,0.011,0.011
0430+289,60464.4,2024-06-03,fm4155,,0.417,0.307,0.273,,0.015,0.011,0.011
0430+289,60621.5,2024-11-07,fm4312,,0.315,0.338,0.343,,0.011,0.011,0.011
0430+289,60649.5,2024-12-05,fm4340,,,0.272,0.293,,,0.009,0.011
0430+289,60650.5,2024-12-06,fm4341,,0.258,0.282,0.268,,0.011,0.009,0.01
0430+289,60702.3,2025-01-27,fm5027,,0.355,0.351,0.377,,0.014,0.012,0.012
0430+289,60727.3,2025-02-21,fm5052,,0.358,0.399,,,0.012,0.013,
0430+289,60728.4,2025-02-22,fm5053,,0.383,0.439,,,0.013,0.014,
0430+289,60762.4,2025-03-28,fm5087,,0.331,0.362,0.344,,0.011,0.012,0.011
0430+289,60789.1,2025-04-24,fm5114,,0.266,0.273,0.262,,0.01,0.009,0.009
0430+289,60814.1,2025-05-19,fm5139,,0.31,0.287,0.246,,0.014,0.01,0.009
0430+289,60858.3,2025-07-02,fm5183,,0.337,0.33,0.298,,0.012,0.011,0.011
0430+289,60872.3,2025-07-16,fm5197,,0.333,,0.262,,0.012,,0.01
0430+289,60939.6,2025-09-21,fm5264,,,0.222,0.185,,,0.009,0.008
0430+289,60981.5,2025-11-02,fm5306,,0.244,0.231,0.185,,0.009,0.009,0.008
0430+289,61006.4,2025-11-27,fm5331,,0.212,0.215,0.173,,0.008,0.008,0.008
0430+289,61027.5,2025-12-18,fm5352,,0.221,0.195,0.159,,0.009,0.007,0.007
0430+289,61069.2,2026-01-29,fm6029,,0.257,0.253,0.224,,0.009,0.008,0.008
0430+289,61094.5,2026-02-23,fm6054,,0.275,0.267,0.211,,0.01,0.01,0.009
0430+289,61106.1,2026-03-07,fm6066,,,0.26,0.236,,,0.009,0.008
0430+289,61132.1,2026-04-02,fm6092,,,0.326,0.308,,,0.011,0.01
0430+289,61160.0,2026-04-30,fm6120,,0.521,0.524,0.472,,0.016,0.017,0.015
0430+289,61187.9,2026-05-27,fm6148,,0.494,0.492,0.481,,0.018,0.015,0.015
0430+289,61226.8,2026-07-05,fm6186,,0.365,0.341,0.28,,0.013,0.011,0.009
0430+289,61254.7,2026-08-02,fm6214,,0.305,0.306,0.249,,0.011,0.01,0.009
0430+289,61289.6,2026-09-06,fm6249,,0.33,0.335,,,0.012,0.011,
0434-188,60417.0,2024-04-17,vo4108,,1.058,0.911,0.717,,0.037,0.029,0.023
0434-188,60578.9,2024-09-25,vo4269,,0.971,0.908,0.741,,0.033,0.03,0.024
0434-188,60648.7,2024-12-04,vo4339,,0.939,0.939,0.737,,0.034,0.03,0.023
0434-188,60809.3,2025-05-14,vo5134,,0.916,0.886,0.693,,0.03,0.028,0.022
0434-188,60907.0,2025-08-20,vo5232,,1.066,0.929,0.734,,0.042,0.032,0.025
0444+634,61130.6,2026-03-31,vo6091,,0.684,0.719,0.871,,0.024,0.024,0.027
0446+112,60417.1,2024-04-17,vo4108,,1.494,1.629,1.958,,0.049,0.051,0.06
0446+112,60424.0,2024-04-24,vo4115,,1.409,1.553,1.912,,0.044,0.049,0.058
0446+112,60557.8,2024-09-04,vo4248,,1.669,1.872,2.38,,0.054,0.059,0.073
0446+112,60578.6,2024-09-25,vo4269,,2.114,2.211,2.506,,0.064,0.067,0.076
0446+112,60592.6,2024-10-09,vo4283,,1.9,2.033,2.323,,0.06,0.062,0.07
0446+112,60620.6,2024-11-06,vo4311,1.418,1.919,2.217,2.48,0.048,0.065,0.068,0.075
0446+112,60648.5,2024-12-04,vo4339,,2.271,2.417,2.528,,0.076,0.075,0.076
0446+112,60655.5,2024-12-11,vo4346,,1.956,2.332,2.341,,0.061,0.071,0.072
0446+112,60696.6,2025-01-21,vo5022,,2.123,2.13,2.331,,0.069,0.065,0.071
0446+112,60703.6,2025-01-28,vo5029,,2.038,2.102,2.285,,0.063,0.064,0.069
0446+112,60718.3,2025-02-12,vo5043,,1.867,1.883,2.02,,0.057,0.057,0.061
0446+112,60774.1,2025-04-09,vo5099,,1.697,1.746,1.824,,0.058,0.053,0.055
0446+112,60809.0,2025-05-14,vo5134,,1.594,1.658,1.759,,0.05,0.051,0.054
0446+112,60851.1,2025-06-25,vo5176,,1.392,1.461,1.62,,0.044,0.046,0.049
0446+112,60906.8,2025-08-19,vo5232,,1.642,1.717,1.775,,0.051,0.053,0.054
0446+112,60955.6,2025-10-07,vo5281,,1.464,1.512,1.594,,0.047,0.047,0.049
0446+112,60976.5,2025-10-28,vo5302,,1.558,1.57,1.577,,0.049,0.049,0.048
0446+112,61005.6,2025-11-26,vo5330,,1.386,1.462,1.464,,0.052,0.046,0.045
0446+112,61025.6,2025-12-16,vo5351,,1.335,1.335,1.348,,0.051,0.042,0.042
0446+112,61053.5,2026-01-13,vo6014,,1.275,1.32,1.292,,0.042,0.044,0.041
0446+112,61089.3,2026-02-18,vo6049,1.34,1.114,1.173,1.291,0.058,0.042,0.039,0.04
0446+112,61159.3,2026-04-29,vo6119,,,1.311,1.297,,,0.043,0.042
0446+112,61236.0,2026-07-14,vo6196,,,1.158,1.063,,,0.037,0.033
0446+112,61250.5,2026-07-29,vo6210,,,1.149,1.101,,,0.058,0.057
0454+844,59957.6,2023-01-13,fm3013,,,0.249,0.247,,,0.009,0.009
0454+844,59975.7,2023-01-31,fm3031,,,0.261,0.249,,,0.01,0.01
0454+844,60078.3,2023-05-14,fm3134,,,0.237,0.242,,,0.009,0.01
0454+844,60092.2,2023-05-28,fm3148,,,0.235,0.246,,,0.01,0.01
0454+844,60126.3,2023-07-01,fm3182,,,0.235,0.25,,,0.009,0.01
0454+844,60139.6,2023-07-14,fm3195,,,0.25,0.245,,,0.009,0.01
0454+844,60237.3,2023-10-20,fm3293,,0.249,0.275,0.25,,0.01,0.011,0.01
0454+844,60250.3,2023-11-02,fm3306,,0.262,0.242,0.233,,0.011,0.01,0.012
0454+844,60320.5,2024-01-11,fm4011,,,0.271,0.25,,,0.009,0.009
0454+844,60359.4,2024-02-19,fm4050,,0.275,0.27,0.249,,0.011,0.01,0.01
0454+844,60383.4,2024-03-14,fm4074,,,0.238,0.255,,,0.01,0.012
0454+844,60437.1,2024-05-07,fm4128,,,0.259,0.267,,,0.01,0.011
0454+844,60464.4,2024-06-03,fm4155,,,,0.247,,,,0.01
0454+844,60621.3,2024-11-07,fm4312,,0.279,,,,0.011,,
0454+844,60650.4,2024-12-06,fm4341,,,,0.251,,,,0.009
0454+844,60702.2,2025-01-27,fm5027,,,,0.26,,,,0.009
0454+844,60727.3,2025-02-21,fm5052,,0.282,0.28,,,0.011,0.009,
0454+844,60728.5,2025-02-22,fm5053,,,,0.269,,,,0.01
0454+844,60762.5,2025-03-28,fm5087,,,,0.267,,,,0.009
0454+844,60789.1,2025-04-24,fm5114,,0.362,0.277,0.27,,0.015,0.009,0.009
0454+844,60814.2,2025-05-19,fm5139,,0.307,,0.267,,0.013,,0.009
0454+844,60858.2,2025-07-02,fm5183,,,,0.278,,,,0.01
0454+844,60872.2,2025-07-16,fm5197,,,,0.272,,,,0.01
0454+844,60939.3,2025-09-21,fm5264,,,,0.289,,,,0.01
0454+844,60981.3,2025-11-02,fm5306,,,0.324,0.288,,,0.014,0.01
0454+844,61006.0,2025-11-27,fm5331,,,,0.31,,,,0.011
0454+844,61027.2,2025-12-18,fm5352,,,,0.292,,,,0.01
0454+844,61068.9,2026-01-28,fm6029,,0.313,0.303,0.308,,0.012,0.011,0.01
0454+844,61094.4,2026-02-23,fm6054,,,0.298,0.318,,,0.013,0.011
0454+844,61105.9,2026-03-06,fm6066,,0.293,,0.311,,0.011,,0.01
0454+844,61131.8,2026-04-01,fm6092,,0.325,,0.321,,0.014,,0.01
0454+844,61160.4,2026-04-30,fm6120,,,,0.311,,,,0.011
0454+844,61187.8,2026-05-27,fm6148,,,0.323,0.31,,,0.012,0.01
0454+844,61226.6,2026-07-05,fm6186,,0.311,0.299,0.303,,0.012,0.011,0.01
0454+844,61254.5,2026-08-02,fm6214,,0.32,0.302,0.299,,0.012,0.011,0.011
0454+844,61289.5,2026-09-06,fm6249,,,,0.289,,,,0.012
0454-234,60243.9,2023-10-26,vo3299,,2.557,2.487,2.272,,0.078,0.076,0.069
0454-234,60459.0,2024-05-29,vo4150,,2.74,2.738,2.862,,0.085,0.083,0.087
0454-234,60558.0,2024-09-05,vo4248,,3.102,3.005,2.967,,0.109,0.092,0.092
0454-234,60593.0,2024-10-09,vo4283,,2.715,2.884,2.912,,0.087,0.088,0.089
0454-234,60620.9,2024-11-06,vo4311,2.688,2.781,2.783,2.688,0.1,0.094,0.085,0.081
0454-234,60655.8,2024-12-11,vo4346,,2.709,2.983,2.699,,0.085,0.091,0.084
0454-234,60697.7,2025-01-22,vo5022,,2.596,2.63,2.597,,0.082,0.08,0.08
0454-234,60704.6,2025-01-29,vo5029,,2.605,2.593,2.476,,0.082,0.079,0.076
0454-234,60718.6,2025-02-12,vo5043,,2.591,2.59,2.564,,0.083,0.079,0.078
0454-234,60774.5,2025-04-09,vo5099,,2.274,2.319,2.374,,0.077,0.074,0.076
0454-234,60851.2,2025-06-25,vo5176,,2.623,,2.686,,0.081,,0.083
0454-234,60956.0,2025-10-08,vo5281,,2.796,2.699,2.599,,0.091,0.088,0.084
0454-234,60976.5,2025-10-28,vo5302,,2.797,2.902,3.047,,0.089,0.089,0.092
0454-234,61005.9,2025-11-26,vo5330,,3.051,3.075,3.318,,0.099,0.097,0.103
0454-234,61025.5,2025-12-16,vo5351,3.074,3.324,3.312,3.41,0.104,0.102,0.102,0.104
0454-234,61054.8,2026-01-14,vo6014,,3.169,3.176,,,0.102,0.104,
0454-234,61089.7,2026-02-18,vo6049,,3.24,3.343,3.264,,0.109,0.105,0.104
0454-234,61159.5,2026-04-29,vo6119,,,3.881,4.121,,,0.127,0.128
0454-234,61202.4,2026-06-11,vo6162,,3.333,3.658,3.887,,0.123,0.121,0.121
0454-234,61236.2,2026-07-15,vo6196,,,4.038,4.137,,,0.134,0.127
0454-234,61250.2,2026-07-29,vo6210,,3.945,4.029,3.99,,0.135,0.126,0.128
0458-020,59957.5,2023-01-13,fm3013,,4.692,5.195,6.22,,0.154,0.165,0.189
0458-020,59976.5,2023-02-01,fm3031,3.014,4.695,5.125,6.088,0.108,0.148,0.167,0.184
0458-020,60078.4,2023-05-14,fm3134,,4.669,5.116,5.832,,0.145,0.155,0.177
0458-020,60092.5,2023-05-28,fm3148,,,5.032,5.792,,,0.162,0.175
0458-020,60127.2,2023-07-02,fm3182,,4.314,4.561,4.939,,0.14,0.142,0.149
0458-020,60140.0,2023-07-15,fm3195,3.444,4.568,4.862,5.255,0.157,0.141,0.148,0.159
0458-020,60237.8,2023-10-20,fm3293,,4.032,4.208,4.265,,0.128,0.126,0.129
0458-020,60250.7,2023-11-02,fm3306,3.327,3.7,3.763,3.848,0.108,0.136,0.133,0.13
0458-020,60320.5,2024-01-11,fm4011,,3.567,3.371,3.183,,0.147,0.103,0.103
0458-020,60359.5,2024-02-19,fm4050,3.018,3.159,3.143,2.99,0.102,0.101,0.095,0.091
0458-020,60417.1,2024-04-17,vo4108,,2.788,2.818,2.649,,0.094,0.086,0.08
0458-020,60424.0,2024-04-24,vo4115,,2.927,2.891,2.697,,0.095,0.087,0.081
0458-020,60437.3,2024-05-07,fm4128,2.762,2.841,2.809,2.592,0.1,0.093,0.085,0.079
0458-020,60459.0,2024-05-29,vo4150,,2.728,2.659,2.633,,0.086,0.08,0.081
0458-020,60465.2,2024-06-04,fm4155,2.693,2.7,2.648,2.456,0.091,0.101,0.082,0.074
0458-020,60557.9,2024-09-04,vo4248,,2.49,2.448,2.343,,0.104,0.075,0.071
0458-020,60578.8,2024-09-25,vo4269,2.708,2.581,2.538,2.399,0.09,0.078,0.077,0.074
0458-020,60620.7,2024-11-06,vo4311,2.321,2.375,2.391,2.254,0.072,0.084,0.072,0.068
0458-020,60621.7,2024-11-07,fm4312,2.42,2.394,2.321,2.15,0.076,0.074,0.078,0.066
0458-020,60648.6,2024-12-04,vo4339,,2.414,2.423,2.221,,0.076,0.076,0.068
0458-020,60649.6,2024-12-05,fm4340,,2.488,2.511,2.294,,0.086,0.08,0.078
0458-020,60650.6,2024-12-06,fm4341,,2.308,2.322,2.114,,0.077,0.07,0.064
0458-020,60655.6,2024-12-11,vo4346,2.259,2.324,2.497,2.179,0.103,0.071,0.077,0.067
0458-020,60702.5,2025-01-27,fm5027,,2.332,2.3,2.15,,0.078,0.07,0.065
0458-020,60703.5,2025-01-28,vo5029,,2.308,2.268,2.072,,0.071,0.068,0.063
0458-020,60718.4,2025-02-12,vo5043,,2.259,2.241,2.051,,0.071,0.068,0.062
0458-020,60727.1,2025-02-21,fm5052,2.335,2.307,2.259,2.052,0.088,0.071,0.07,0.065
0458-020,60728.3,2025-02-22,fm5053,2.328,2.321,2.308,2.16,0.072,0.071,0.071,0.067
0458-020,60762.4,2025-03-28,fm5087,2.211,2.201,2.219,2.023,0.073,0.071,0.069,0.062
0458-020,60774.2,2025-04-09,vo5099,,2.113,2.138,1.948,,0.072,0.065,0.06
0458-020,60789.2,2025-04-24,fm5114,2.51,2.271,2.206,1.978,0.107,0.072,0.066,0.06
0458-020,60809.2,2025-05-14,vo5134,,2.196,2.085,1.873,,0.08,0.064,0.057
0458-020,60814.0,2025-05-18,fm5139,,2.021,2.098,1.92,,0.069,0.063,0.058
0458-020,60851.0,2025-06-25,vo5176,2.353,2.144,,1.836,0.085,0.068,,0.056
0458-020,60858.0,2025-07-01,fm5183,2.334,2.148,2.074,1.883,0.078,0.074,0.063,0.059
0458-020,60872.0,2025-07-16,fm5197,2.107,2.012,,1.771,0.081,0.073,,0.055
0458-020,60907.0,2025-08-19,vo5232,,2.048,1.964,1.787,,0.065,0.063,0.054
0458-020,60939.8,2025-09-21,fm5264,,2.006,1.903,1.701,,0.078,0.059,0.052
0458-020,60955.5,2025-10-07,vo5281,,1.83,1.785,1.629,,0.058,0.055,0.05
0458-020,60976.5,2025-10-28,vo5302,,1.931,1.837,1.676,,0.059,0.056,0.051
0458-020,60981.7,2025-11-02,fm5306,2.343,1.865,1.815,1.625,0.077,0.062,0.055,0.05
0458-020,61005.7,2025-11-26,vo5330,,1.945,1.82,1.634,,0.064,0.057,0.052
0458-020,61006.7,2025-11-27,fm5331,,1.971,1.875,1.658,,0.064,0.057,0.052
0458-020,61025.5,2025-12-16,vo5351,2.185,1.786,1.735,1.615,0.078,0.056,0.053,0.05
0458-020,61027.7,2025-12-18,fm5352,,1.787,1.678,1.556,,0.057,0.057,0.048
0458-020,61054.5,2026-01-14,vo6014,2.645,1.68,1.665,,0.146,0.057,0.055,
0458-020,61069.5,2026-01-29,fm6029,2.034,1.782,1.727,1.608,0.066,0.061,0.052,0.049
0458-020,61089.4,2026-02-18,vo6049,,1.716,1.711,1.646,,0.06,0.055,0.053
0458-020,61094.3,2026-02-23,fm6054,2.035,1.716,1.68,1.611,0.072,0.058,0.054,0.049
0458-020,61096.4,2026-02-25,vo6056,,1.742,1.673,1.545,,0.061,0.056,0.05
0458-020,61106.4,2026-03-07,fm6066,,1.707,1.659,1.596,,0.06,0.051,0.048
0458-020,61131.3,2026-04-01,vo6091,,1.79,1.73,1.554,,0.059,0.058,0.051
0458-020,61132.3,2026-04-02,fm6092,,1.762,1.734,1.654,,0.056,0.053,0.05
0458-020,61159.2,2026-04-29,vo6119,,,1.641,1.647,,,0.054,0.054
0458-020,61160.2,2026-04-30,fm6120,1.832,1.747,1.69,1.638,0.069,0.056,0.052,0.05
0458-020,61188.2,2026-05-28,fm6148,,1.746,1.682,1.634,,0.061,0.052,0.05
0458-020,61202.2,2026-06-11,vo6162,,1.77,1.683,1.686,,0.059,0.054,0.053
0458-020,61227.0,2026-07-06,fm6186,,1.684,1.652,1.656,,0.052,0.05,0.05
0458-020,61236.0,2026-07-15,vo6196,,,1.667,1.704,,,0.054,0.053
0458-020,61250.0,2026-07-28,vo6210,,,1.711,1.693,,,0.065,0.063
0458-020,61255.0,2026-08-02,fm6214,,1.76,1.747,1.738,,0.057,0.053,0.053
0458-020,61289.9,2026-09-06,fm6249,,1.784,1.811,1.815,,0.056,0.055,0.057
0506+101,59957.6,2023-01-13,fm3013,,0.403,0.381,0.36,,0.014,0.014,0.013
0506+101,59975.6,2023-01-31,fm3031,,0.356,0.349,0.345,,0.012,0.012,0.012
0506+101,60078.3,2023-05-14,fm3134,,,0.397,0.355,,,0.014,0.012
0506+101,60092.4,2023-05-28,fm3148,,,0.425,0.364,,,0.014,0.012
0506+101,60127.2,2023-07-02,fm3182,,0.383,,,,0.016,,
0506+101,60140.0,2023-07-14,fm3195,,0.374,0.341,0.304,,0.013,0.012,0.012
0506+101,60237.7,2023-10-20,fm3293,,0.38,0.337,0.303,,0.015,0.013,0.012
0506+101,60250.7,2023-11-02,fm3306,,0.347,0.327,0.299,,0.013,0.011,0.012
0506+101,60320.6,2024-01-11,fm4011,,0.367,0.327,0.314,,0.013,0.011,0.011
0506+101,60359.5,2024-02-19,fm4050,,0.31,0.3,0.286,,0.011,0.011,0.01
0506+101,60437.5,2024-05-07,fm4128,,0.271,0.26,0.218,,0.013,0.012,0.01
0506+101,60465.1,2024-06-04,fm4155,,0.233,0.216,0.195,,0.011,0.01,0.011
0506+101,60621.6,2024-11-07,fm4312,,0.26,0.26,0.331,,0.01,0.01,0.011
0506+101,60649.6,2024-12-05,fm4340,,0.174,0.162,0.203,,0.007,0.007,0.009
0506+101,60650.3,2024-12-06,fm4341,,0.284,0.289,0.331,,0.01,0.01,0.011
0506+101,60702.4,2025-01-27,fm5027,,0.257,0.258,0.277,,0.009,0.009,0.009
0506+101,60727.2,2025-02-21,fm5052,,0.256,0.259,0.268,,0.009,0.009,0.01
0506+101,60728.4,2025-02-22,fm5053,,0.25,0.249,0.307,,0.009,0.009,0.011
0506+101,60762.4,2025-03-28,fm5087,,0.243,0.242,0.285,,0.009,0.009,0.01
0506+101,60789.0,2025-04-23,fm5114,,0.289,0.293,0.346,,0.01,0.01,0.011
0506+101,60814.1,2025-05-19,fm5139,,0.422,0.411,0.388,,0.017,0.013,0.013
0506+101,60858.0,2025-07-02,fm5183,,0.337,0.343,0.365,,0.011,0.011,0.012
0506+101,60872.9,2025-07-16,fm5197,,0.458,,0.369,,0.016,,0.012
0506+101,60939.8,2025-09-21,fm5264,,,,0.345,,,,0.011
0506+101,60981.6,2025-11-02,fm5306,,0.302,0.299,0.256,,0.011,0.01,0.009
0506+101,61006.6,2025-11-27,fm5331,,0.268,0.251,0.231,,0.01,0.009,0.009
0506+101,61027.7,2025-12-18,fm5352,,0.235,0.229,0.215,,0.009,0.008,0.009
0506+101,61069.4,2026-01-29,fm6029,,,0.221,0.199,,,0.008,0.008
0506+101,61094.5,2026-02-23,fm6054,,,0.208,0.215,,,0.008,0.009
0506+101,61106.4,2026-03-07,fm6066,,,0.22,0.229,,,0.008,0.008
0506+101,61132.2,2026-04-02,fm6092,,0.188,0.201,0.217,,0.008,0.008,0.008
0506+101,61160.2,2026-04-30,fm6120,,0.186,0.197,,,0.008,0.007,
0506+101,61188.1,2026-05-28,fm6148,,,0.202,0.217,,,0.008,0.008
0506+101,61227.0,2026-07-05,fm6186,,0.248,0.221,0.201,,0.01,0.008,0.008
0506+101,61255.0,2026-08-02,fm6214,,0.208,0.197,0.183,,0.009,0.007,0.007
0506+101,61289.8,2026-09-06,fm6249,,0.206,0.208,0.188,,0.009,0.008,0.009
0507+179,59957.6,2023-01-13,fm3013,,1.024,1.038,1.254,,0.033,0.036,0.039
0507+179,59975.7,2023-01-31,fm3031,0.94,1.076,1.128,1.29,0.032,0.033,0.038,0.039
0507+179,60078.4,2023-05-14,fm3134,,,1.125,1.34,,,0.034,0.041
0507+179,60092.2,2023-05-28,fm3148,,,1.074,1.381,,,0.034,0.042
0507+179,60127.1,2023-07-02,fm3182,,0.916,1.024,1.159,,0.033,0.033,0.041
0507+179,60139.9,2023-07-14,fm3195,,0.992,1.059,1.255,,0.035,0.033,0.039
0507+179,60237.6,2023-10-20,fm3293,0.895,0.975,1.037,1.264,0.039,0.03,0.033,0.04
0507+179,60250.6,2023-11-02,fm3306,,0.993,1.078,1.384,,0.033,0.036,0.042
0507+179,60320.5,2024-01-11,fm4011,,0.991,1.101,1.357,,0.036,0.034,0.042
0507+179,60359.5,2024-02-19,fm4050,0.846,1.112,1.216,1.409,0.03,0.035,0.038,0.044
0507+179,60383.5,2024-03-14,fm4074,,0.932,1.074,1.361,,0.031,0.033,0.042
0507+179,60437.5,2024-05-07,fm4128,,1.018,1.12,1.417,,0.034,0.034,0.043
0507+179,60464.4,2024-06-03,fm4155,,0.884,1.051,1.271,,0.03,0.042,0.04
0507+179,60621.6,2024-11-07,fm4312,,1.116,1.212,1.357,,0.037,0.046,0.041
0507+179,60649.5,2024-12-05,fm4340,,1.082,1.235,1.377,,0.039,0.04,0.047
0507+179,60650.5,2024-12-06,fm4341,,1.097,1.19,1.266,,0.044,0.037,0.039
0507+179,60702.4,2025-01-27,fm5027,,1.136,1.189,1.284,,0.042,0.037,0.04
0507+179,60727.2,2025-02-21,fm5052,,1.134,1.205,1.39,,0.035,0.037,0.043
0507+179,60728.4,2025-02-22,fm5053,,1.168,1.205,1.381,,0.038,0.038,0.044
0507+179,60762.3,2025-03-28,fm5087,,1.102,1.128,1.296,,0.037,0.034,0.039
0507+179,60789.2,2025-04-24,fm5114,,1.121,1.18,1.356,,0.038,0.036,0.041
0507+179,60814.0,2025-05-18,fm5139,,1.124,1.143,1.294,,0.037,0.035,0.039
0507+179,60858.1,2025-07-02,fm5183,,1.111,1.16,1.247,,0.035,0.036,0.039
0507+179,60872.0,2025-07-16,fm5197,,1.166,,1.206,,0.038,,0.037
0507+179,60939.7,2025-09-21,fm5264,,1.027,0.963,1.112,,0.033,0.039,0.034
0507+179,60981.6,2025-11-02,fm5306,,0.94,0.987,1.066,,0.036,0.031,0.033
0507+179,61006.5,2025-11-27,fm5331,,1.081,1.055,1.161,,0.038,0.035,0.036
0507+179,61027.6,2025-12-18,fm5352,,0.95,0.949,1.009,,0.03,0.036,0.031
0507+179,61053.5,2026-01-13,vo6014,,0.97,0.986,1.034,,0.034,0.035,0.035
0507+179,61069.4,2026-01-29,fm6029,,0.847,0.915,0.975,,0.037,0.034,0.03
0507+179,61089.2,2026-02-18,vo6049,,0.956,0.944,0.971,,0.033,0.032,0.032
0507+179,61094.4,2026-02-23,fm6054,,0.89,0.899,0.993,,0.029,0.028,0.031
0507+179,61095.6,2026-02-24,vo6056,,0.929,0.891,0.956,,0.036,0.03,0.033
0507+179,61106.2,2026-03-07,fm6066,,,0.878,0.973,,,0.028,0.031
0507+179,61131.2,2026-04-01,vo6091,,0.876,0.914,0.926,,0.035,0.035,0.031
0507+179,61132.2,2026-04-02,fm6092,,,0.923,0.993,,,0.032,0.031
0507+179,61159.2,2026-04-29,vo6119,,,0.837,0.969,,,0.032,0.034
0507+179,61160.1,2026-04-30,fm6120,,0.862,0.885,0.971,,0.032,0.037,0.03
0507+179,61188.0,2026-05-28,fm6148,,0.829,0.912,0.936,,0.027,0.032,0.029
0507+179,61202.0,2026-06-11,vo6162,,0.923,,0.937,,0.038,,0.031
0507+179,61226.9,2026-07-05,fm6186,,0.775,0.792,0.958,,0.029,0.025,0.03
0507+179,61235.9,2026-07-14,vo6196,,,0.823,0.889,,,0.031,0.029
0507+179,61249.9,2026-07-28,vo6210,,0.838,0.868,1.018,,0.038,0.03,0.033
0507+179,61254.8,2026-08-02,fm6214,,,,0.968,,,,0.03
0507+179,61289.8,2026-09-06,fm6249,,0.803,0.866,1.073,,0.027,0.027,0.034
0509+406,61158.6,2026-04-28,vo6119,,0.998,0.984,0.926,,0.038,0.032,0.032
0509+406,61201.7,2026-06-10,vo6162,,0.982,0.948,0.864,,0.033,0.03,0.027
0510+559,59957.6,2023-01-13,fm3013,,0.264,0.247,0.235,,0.01,0.009,0.009
0510+559,59975.7,2023-01-31,fm3031,,0.256,0.255,0.236,,0.009,0.009,0.009
0510+559,60078.2,2023-05-14,fm3134,,,0.243,0.238,,,0.009,0.009
0510+559,60092.2,2023-05-28,fm3148,,,0.264,0.25,,,0.01,0.009
0510+559,60126.2,2023-07-01,fm3182,,,,0.233,,,,0.014
0510+559,60139.5,2023-07-14,fm3195,,0.26,0.254,0.239,,0.012,0.009,0.01
0510+559,60237.2,2023-10-20,fm3293,,0.266,0.249,0.26,,0.01,0.009,0.01
0510+559,60250.4,2023-11-02,fm3306,,0.266,0.27,0.251,,0.01,0.01,0.01
0510+559,60320.4,2024-01-11,fm4011,,,0.258,0.25,,,0.009,0.01
0510+559,60359.3,2024-02-19,fm4050,,0.271,0.252,0.256,,0.01,0.01,0.01
0510+559,60383.5,2024-03-14,fm4074,,,0.249,0.255,,,0.01,0.013
0510+559,60437.1,2024-05-07,fm4128,,0.246,0.257,0.249,,0.011,0.009,0.01
0510+559,60464.4,2024-06-03,fm4155,,0.233,0.259,0.242,,0.01,0.011,0.01
0510+559,60621.4,2024-11-07,fm4312,,0.273,0.263,0.244,,0.009,0.009,0.008
0510+559,60649.2,2024-12-05,fm4340,,,0.274,0.28,,,0.01,0.012
0510+559,60650.4,2024-12-06,fm4341,,0.276,0.263,0.243,,0.009,0.008,0.009
0510+559,60702.1,2025-01-27,fm5027,,0.262,0.262,0.254,,0.009,0.009,0.009
0510+559,60727.4,2025-02-21,fm5052,,0.26,0.252,0.241,,0.009,0.008,0.009
0510+559,60728.4,2025-02-22,fm5053,,0.261,0.261,,,0.01,0.009,
0510+559,60762.6,2025-03-28,fm5087,,0.277,0.254,0.257,,0.01,0.009,0.009
0510+559,60789.1,2025-04-24,fm5114,,,0.268,0.259,,,0.009,0.009
0510+559,60814.1,2025-05-19,fm5139,,0.275,0.268,0.253,,0.01,0.009,0.009
0510+559,60858.2,2025-07-02,fm5183,,0.281,0.271,0.259,,0.01,0.009,0.01
0510+559,60872.2,2025-07-16,fm5197,,0.278,,0.25,,0.011,,0.009
0510+559,60939.3,2025-09-21,fm5264,,0.251,0.263,0.241,,0.01,0.01,0.009
0510+559,60981.3,2025-11-02,fm5306,,0.25,0.253,0.242,,0.01,0.009,0.009
0510+559,61006.1,2025-11-27,fm5331,,0.278,0.265,0.259,,0.009,0.009,0.009
0510+559,61027.0,2025-12-17,fm5352,,0.258,0.259,0.245,,0.009,0.009,0.009
0510+559,61069.0,2026-01-28,fm6029,,0.292,0.276,0.261,,0.01,0.009,0.009
0510+559,61094.5,2026-02-23,fm6054,,0.265,0.266,0.255,,0.009,0.009,0.009
0510+559,61105.8,2026-03-06,fm6066,,0.294,0.275,0.265,,0.011,0.009,0.009
0510+559,61131.8,2026-04-01,fm6092,,0.274,0.268,0.256,,0.009,0.009,0.009
0510+559,61159.8,2026-04-29,fm6120,,0.289,0.278,,,0.011,0.009,
0510+559,61187.8,2026-05-27,fm6148,,,,0.252,,,,0.009
0510+559,61226.6,2026-07-05,fm6186,,0.285,0.264,0.247,,0.011,0.009,0.009
0510+559,61254.4,2026-08-02,fm6214,,0.263,0.254,0.25,,0.01,0.009,0.009
0510+559,61289.5,2026-09-06,fm6249,,,0.277,0.257,,,0.01,0.01
0515+208,59957.6,2023-01-13,fm3013,,,0.511,0.475,,,0.019,0.016
0515+208,59975.8,2023-01-31,fm3031,,0.448,0.475,0.455,,0.015,0.016,0.015
0515+208,60078.5,2023-05-14,fm3134,,,0.503,0.444,,,0.019,0.015
0515+208,60092.3,2023-05-28,fm3148,,,0.495,0.454,,,0.017,0.015
0515+208,60126.5,2023-07-01,fm3182,,0.467,0.472,0.43,,0.017,0.016,0.016
0515+208,60139.9,2023-07-14,fm3195,,0.464,0.457,0.451,,0.017,0.015,0.015
0515+208,60237.6,2023-10-20,fm3293,,0.491,0.487,0.444,,0.016,0.016,0.015
0515+208,60250.6,2023-11-02,fm3306,,,0.48,0.424,,,0.016,0.015
0515+208,60320.5,2024-01-11,fm4011,,0.508,0.478,0.426,,0.019,0.015,0.015
0515+208,60359.5,2024-02-19,fm4050,,0.46,0.448,0.401,,0.015,0.014,0.014
0515+208,60383.3,2024-03-14,fm4074,,0.455,0.465,0.408,,0.016,0.015,0.015
0515+208,60437.2,2024-05-07,fm4128,,0.456,0.471,0.388,,0.017,0.016,0.013
0515+208,60464.4,2024-06-03,fm4155,,,,0.355,,,,0.014
0515+208,60621.6,2024-11-07,fm4312,,0.409,0.413,0.349,,0.014,0.013,0.012
0515+208,60649.5,2024-12-05,fm4340,,0.459,0.448,0.343,,0.015,0.015,0.013
0515+208,60650.3,2024-12-06,fm4341,,0.43,0.397,0.34,,0.016,0.013,0.011
0515+208,60702.4,2025-01-27,fm5027,,0.436,0.426,0.367,,0.014,0.014,0.013
0515+208,60727.2,2025-02-21,fm5052,,,0.395,0.352,,,0.02,0.013
0515+208,60728.5,2025-02-22,fm5053,,,0.424,0.35,,,0.017,0.012
0515+208,60762.4,2025-03-28,fm5087,,0.391,0.381,0.349,,0.013,0.012,0.011
0515+208,60789.0,2025-04-24,fm5114,,0.422,0.4,0.346,,0.013,0.012,0.012
0515+208,60814.2,2025-05-19,fm5139,,0.401,0.408,0.351,,0.016,0.013,0.011
0515+208,60858.0,2025-07-02,fm5183,0.437,0.401,0.388,0.361,0.02,0.013,0.013,0.012
0515+208,60872.2,2025-07-16,fm5197,,0.37,,0.34,,0.014,,0.012
0515+208,60939.6,2025-09-21,fm5264,,0.388,,0.352,,0.013,,0.011
0515+208,60981.6,2025-11-02,fm5306,,0.353,0.363,0.34,,0.011,0.012,0.011
0515+208,61006.5,2025-11-27,fm5331,,0.393,0.397,0.381,,0.014,0.013,0.013
0515+208,61027.6,2025-12-18,fm5352,,0.404,0.385,0.358,,0.014,0.012,0.012
0515+208,61069.4,2026-01-29,fm6029,,0.387,0.392,0.36,,0.012,0.012,0.012
0515+208,61094.5,2026-02-23,fm6054,,0.426,0.406,0.369,,0.014,0.014,0.012
0515+208,61106.2,2026-03-07,fm6066,,0.45,0.436,0.366,,0.016,0.014,0.012
0515+208,61132.2,2026-04-02,fm6092,,0.43,0.387,0.354,,0.021,0.013,0.012
0515+208,61160.1,2026-04-30,fm6120,,0.467,0.402,,,0.017,0.013,
0515+208,61188.0,2026-05-28,fm6148,,,0.417,0.356,,,0.014,0.011
0515+208,61226.9,2026-07-05,fm6186,,0.392,0.385,0.313,,0.013,0.012,0.01
0515+208,61254.8,2026-08-02,fm6214,,0.39,0.37,0.309,,0.014,0.012,0.01
0515+208,61289.7,2026-09-06,fm6249,,0.427,0.392,0.311,,0.016,0.014,0.012
0524+034,59957.5,2023-01-13,fm3013,,0.153,0.13,,,0.009,0.008,
0524+034,59976.5,2023-02-01,fm3031,,0.175,0.167,0.156,,0.009,0.009,0.008
0524+034,60078.5,2023-05-14,fm3134,,,0.233,0.3,,,0.01,0.012
0524+034,60092.5,2023-05-28,fm3148,,,0.23,,,,0.011,
0524+034,60126.2,2023-07-01,fm3182,,0.285,0.333,0.354,,0.013,0.015,0.014
0524+034,60140.0,2023-07-15,fm3195,,0.411,0.413,0.43,,0.015,0.014,0.015
0524+034,60237.8,2023-10-20,fm3293,,0.228,0.233,0.297,,0.011,0.01,0.013
0524+034,60250.7,2023-11-02,fm3306,,0.219,0.24,0.249,,0.01,0.009,0.011
0524+034,60320.6,2024-01-11,fm4011,,,,0.237,,,,0.009
0524+034,60359.4,2024-02-19,fm4050,,0.187,0.19,0.232,,0.009,0.008,0.011
0524+034,60437.2,2024-05-07,fm4128,,,0.255,0.349,,,0.01,0.012
0524+034,60465.2,2024-06-04,fm4155,,0.29,0.352,0.417,,0.012,0.012,0.014
0524+034,60621.7,2024-11-07,fm4312,,0.572,0.686,0.738,,0.021,0.021,0.024
0524+034,60649.6,2024-12-05,fm4340,,0.514,0.642,0.843,,0.017,0.022,0.029
0524+034,60650.4,2024-12-06,fm4341,,0.529,0.692,0.861,,0.017,0.022,0.027
0524+034,60702.5,2025-01-27,fm5027,,0.699,0.728,0.802,,0.022,0.023,0.025
0524+034,60727.2,2025-02-21,fm5052,0.604,0.614,0.624,0.649,0.026,0.021,0.019,0.02
0524+034,60728.4,2025-02-22,fm5053,,0.632,0.634,0.672,,0.02,0.02,0.022
0524+034,60762.4,2025-03-28,fm5087,0.836,0.803,0.766,0.928,0.029,0.025,0.024,0.029
0524+034,60789.2,2025-04-24,fm5114,,0.931,1.045,1.145,,0.03,0.032,0.035
0524+034,60814.0,2025-05-19,fm5139,,0.978,1.014,1.156,,0.041,0.031,0.035
0524+034,60858.0,2025-07-02,fm5183,0.69,0.67,0.715,0.812,0.034,0.022,0.022,0.026
0524+034,60939.8,2025-09-21,fm5264,,0.623,0.556,0.563,,0.025,0.018,0.018
0524+034,60981.7,2025-11-02,fm5306,0.496,0.533,0.519,0.484,0.022,0.017,0.016,0.015
0524+034,61006.7,2025-11-27,fm5331,0.769,0.742,0.705,0.578,0.027,0.024,0.023,0.019
0524+034,61027.7,2025-12-18,fm5352,,0.646,0.689,0.68,,0.021,0.021,0.021
0524+034,61069.5,2026-01-29,fm6029,,0.604,0.594,0.561,,0.022,0.018,0.018
0524+034,61094.4,2026-02-23,fm6054,,0.71,0.695,0.688,,0.023,0.021,0.021
0524+034,61106.4,2026-03-07,fm6066,,0.679,0.652,0.624,,0.023,0.021,0.019
0524+034,61132.3,2026-04-02,fm6092,,0.669,0.663,0.581,,0.022,0.022,0.019
0524+034,61160.2,2026-04-30,fm6120,,0.529,0.533,,,0.018,0.017,
0524+034,61188.1,2026-05-28,fm6148,,0.656,0.648,0.644,,0.021,0.021,0.021
0524+034,61202.1,2026-06-11,vo6162,,0.706,0.657,0.643,,0.029,0.024,0.022
0524+034,61227.0,2026-07-06,fm6186,,0.733,0.735,0.678,,0.023,0.023,0.021
0524+034,61255.0,2026-08-02,fm6214,,0.631,0.621,0.648,,0.021,0.02,0.021
0524+034,61289.9,2026-09-06,fm6249,,0.58,0.552,,,0.019,0.019,
0528+134,61053.5,2026-01-13,vo6014,,1.271,1.494,,,0.042,0.052,
0528+134,61089.4,2026-02-18,vo6049,,1.73,1.981,2.475,,0.061,0.063,0.076
0528+134,61096.4,2026-02-25,vo6056,,1.532,1.791,2.239,,0.058,0.058,0.069
0528+134,61131.2,2026-04-01,vo6091,,1.511,1.801,2.41,,0.05,0.057,0.073
0528+134,61202.5,2026-06-11,vo6162,,1.837,2.029,2.671,,0.069,0.076,0.083
0528+134,61236.3,2026-07-15,vo6196,,,2.149,2.86,,,0.069,0.087
0528+134,61250.1,2026-07-29,vo6210,,1.751,2.066,2.924,,0.064,0.065,0.09
0529+483,59957.6,2023-01-13,fm3013,,0.546,0.517,0.442,,0.017,0.016,0.015
0529+483,59975.7,2023-01-31,fm3031,,0.515,0.486,0.412,,0.017,0.016,0.014
0529+483,60078.3,2023-05-14,fm3134,,0.431,0.421,0.357,,0.019,0.014,0.013
0529+483,60092.2,2023-05-28,fm3148,,,0.393,0.372,,,0.013,0.013
0529+483,60126.6,2023-07-01,fm3182,,0.407,0.373,0.367,,0.015,0.014,0.014
0529+483,60139.5,2023-07-14,fm3195,,0.38,0.369,0.386,,0.015,0.013,0.013
0529+483,60237.3,2023-10-20,fm3293,,0.426,0.433,0.533,,0.014,0.014,0.017
0529+483,60250.3,2023-11-02,fm3306,,0.423,0.451,0.552,,0.015,0.015,0.018
0529+483,60320.5,2024-01-11,fm4011,,0.56,0.561,0.629,,0.023,0.018,0.02
0529+483,60359.3,2024-02-19,fm4050,,0.563,0.593,0.652,,0.018,0.019,0.02
0529+483,60383.4,2024-03-14,fm4074,,0.551,0.596,0.662,,0.02,0.02,0.022
0529+483,60437.0,2024-05-07,fm4128,,0.614,0.626,0.666,,0.021,0.02,0.021
0529+483,60464.4,2024-06-03,fm4155,,0.629,0.64,0.676,,0.02,0.022,0.021
0529+483,60621.4,2024-11-07,fm4312,,0.632,0.676,0.754,,0.02,0.023,0.023
0529+483,60649.3,2024-12-05,fm4340,,0.677,0.724,0.814,,0.023,0.023,0.028
0529+483,60650.5,2024-12-06,fm4341,,0.63,0.665,0.75,,0.02,0.02,0.023
0529+483,60702.2,2025-01-27,fm5027,,0.721,0.75,0.834,,0.022,0.023,0.026
0529+483,60727.3,2025-02-21,fm5052,0.688,0.747,0.798,0.821,0.024,0.023,0.024,0.025
0529+483,60728.5,2025-02-22,fm5053,,0.766,0.801,0.845,,0.025,0.024,0.026
0529+483,60762.5,2025-03-28,fm5087,,0.836,0.854,0.874,,0.026,0.026,0.027
0529+483,60789.1,2025-04-24,fm5114,,0.793,0.82,0.847,,0.024,0.025,0.026
0529+483,60814.0,2025-05-19,fm5139,,0.775,0.804,0.824,,0.024,0.024,0.025
0529+483,60858.1,2025-07-02,fm5183,,0.751,0.78,0.826,,0.025,0.024,0.026
0529+483,60872.2,2025-07-16,fm5197,,0.756,,0.819,,0.029,,0.025
0529+483,60906.5,2025-08-19,vo5232,,0.789,0.811,0.856,,0.027,0.025,0.026
0529+483,60939.3,2025-09-21,fm5264,0.711,0.846,0.851,0.902,0.03,0.028,0.026,0.028
0529+483,60981.3,2025-11-02,fm5306,,0.826,0.861,0.897,,0.025,0.026,0.027
0529+483,61006.0,2025-11-26,fm5331,,0.842,0.904,0.942,,0.026,0.027,0.029
0529+483,61005.2,2025-11-26,vo5330,,0.836,0.866,0.911,,0.027,0.027,0.028
0529+483,61027.3,2025-12-18,fm5352,,0.856,0.877,0.921,,0.03,0.028,0.028
0529+483,61054.6,2026-01-14,vo6014,,,0.907,0.897,,,0.052,0.05
0529+483,61068.9,2026-01-28,fm6029,0.738,0.879,0.909,0.966,0.029,0.027,0.028,0.029
0529+483,61089.8,2026-02-18,vo6049,,,0.919,0.99,,,0.053,0.039
0529+483,61094.6,2026-02-23,fm6054,0.865,0.891,0.904,0.961,0.035,0.027,0.027,0.029
0529+483,61096.4,2026-02-25,vo6056,,,,0.85,,,,0.064
0529+483,61105.8,2026-03-06,fm6066,,0.921,0.938,0.953,,0.028,0.028,0.029
0529+483,61131.8,2026-04-01,fm6092,0.839,0.903,0.927,0.947,0.033,0.028,0.029,0.029
0529+483,61131.6,2026-04-01,vo6091,,0.877,0.912,1.0,,0.047,0.047,0.042
0529+483,61159.7,2026-04-29,fm6120,,0.95,0.955,0.951,,0.03,0.029,0.03
0529+483,61187.7,2026-05-27,fm6148,,0.929,0.921,0.907,,0.03,0.028,0.028
0529+483,61202.3,2026-06-11,vo6162,,0.919,0.951,0.878,,0.066,0.051,0.038
0529+483,61226.6,2026-07-05,fm6186,,0.925,0.917,0.884,,0.029,0.028,0.027
0529+483,61235.8,2026-07-14,vo6196,,,0.855,0.853,,,0.038,0.032
0529+483,61254.4,2026-08-02,fm6214,,0.876,0.875,0.83,,0.03,0.027,0.026
0529+483,61289.4,2026-09-06,fm6249,,0.853,0.861,0.818,,0.027,0.027,0.027
0532+506,61095.7,2026-02-24,vo6056,,0.671,0.714,0.702,,0.023,0.024,0.022
0536+145,59957.6,2023-01-13,fm3013,,,0.293,0.308,,,0.012,0.013
0536+145,59976.4,2023-02-01,fm3031,,0.327,0.315,0.308,,0.011,0.011,0.011
0536+145,60078.4,2023-05-14,fm3134,,,0.294,0.308,,,0.01,0.011
0536+145,60092.5,2023-05-28,fm3148,,,0.313,0.314,,,0.012,0.012
0536+145,60126.2,2023-07-01,fm3182,,0.338,0.332,0.364,,0.013,0.011,0.013
0536+145,60140.0,2023-07-14,fm3195,,0.304,0.31,0.356,,0.012,0.012,0.013
0536+145,60237.7,2023-10-20,fm3293,,0.5,0.532,0.612,,0.018,0.017,0.02
0536+145,60250.6,2023-11-02,fm3306,,0.453,0.479,0.579,,0.018,0.016,0.019
0536+145,60320.6,2024-01-11,fm4011,,0.473,0.513,0.612,,0.02,0.016,0.019
0536+145,60359.5,2024-02-19,fm4050,,0.607,0.611,0.605,,0.023,0.019,0.019
0536+145,60437.3,2024-05-07,fm4128,,0.359,0.37,0.333,,0.013,0.013,0.012
0536+145,60465.1,2024-06-04,fm4155,,0.362,0.35,0.317,,0.014,0.013,0.013
0536+145,60621.6,2024-11-07,fm4312,,0.334,0.301,0.333,,0.013,0.01,0.011
0536+145,60649.5,2024-12-05,fm4340,,0.288,0.313,0.349,,0.01,0.012,0.013
0536+145,60650.4,2024-12-06,fm4341,,0.301,0.32,0.356,,0.01,0.01,0.012
0536+145,60702.4,2025-01-27,fm5027,,0.314,0.331,0.37,,0.01,0.011,0.013
0536+145,60727.2,2025-02-21,fm5052,,0.332,0.364,0.404,,0.013,0.012,0.013
0536+145,60728.4,2025-02-22,fm5053,,0.318,0.343,0.406,,0.011,0.011,0.014
0536+145,60762.4,2025-03-28,fm5087,,0.378,0.409,0.438,,0.014,0.014,0.014
0536+145,60789.0,2025-04-23,fm5114,,0.347,0.374,0.449,,0.012,0.012,0.014
0536+145,60814.1,2025-05-19,fm5139,,,0.428,0.579,,,0.015,0.018
0536+145,60858.0,2025-07-02,fm5183,,0.426,0.461,0.594,,0.014,0.014,0.019
0536+145,60872.2,2025-07-16,fm5197,0.391,0.406,,0.564,0.018,0.013,,0.019
0536+145,60939.7,2025-09-21,fm5264,,0.48,0.478,0.522,,0.021,0.016,0.016
0536+145,60981.6,2025-11-02,fm5306,,0.43,0.432,0.434,,0.014,0.015,0.014
0536+145,61006.6,2025-11-27,fm5331,,0.414,0.419,0.438,,0.014,0.014,0.014
0536+145,61027.7,2025-12-18,fm5352,,0.354,0.381,0.412,,0.013,0.013,0.013
0536+145,61069.4,2026-01-29,fm6029,,0.418,0.414,0.461,,0.014,0.015,0.014
0536+145,61094.5,2026-02-23,fm6054,,,0.414,0.452,,,0.015,0.015
0536+145,61106.3,2026-03-07,fm6066,,,0.407,0.411,,,0.013,0.013
0536+145,61132.2,2026-04-02,fm6092,0.538,0.468,0.469,0.464,0.026,0.015,0.016,0.015
0536+145,61160.2,2026-04-30,fm6120,,0.449,0.466,0.496,,0.014,0.015,0.016
0536+145,61188.1,2026-05-28,fm6148,,0.45,0.464,0.495,,0.015,0.015,0.016
0536+145,61227.0,2026-07-05,fm6186,,,0.451,0.454,,,0.016,0.014
0536+145,61254.9,2026-08-02,fm6214,,0.503,,0.474,,0.017,,0.015
0536+145,61289.8,2026-09-06,fm6249,,0.516,0.533,,,0.018,0.017,
0538+498,59957.7,2023-01-13,fm3013,,7.037,5.978,3.839,,0.228,0.187,0.119
0538+498,59975.7,2023-01-31,fm3031,11.294,6.987,5.874,3.836,0.397,0.225,0.183,0.117
0538+498,60078.2,2023-05-14,fm3134,11.097,7.073,5.93,3.849,0.47,0.234,0.185,0.118
0538+498,60092.2,2023-05-28,fm3148,10.9,,5.852,3.822,0.351,,0.2,0.118
0538+498,60126.7,2023-07-01,fm3182,10.928,6.841,5.969,3.763,0.35,0.217,0.184,0.115
0538+498,60139.5,2023-07-14,fm3195,11.358,6.852,5.987,3.792,0.471,0.251,0.193,0.115
0538+498,60237.3,2023-10-20,fm3293,11.354,6.992,5.994,3.916,0.414,0.234,0.186,0.119
0538+498,60250.4,2023-11-02,fm3306,11.121,6.925,5.952,3.814,0.385,0.225,0.187,0.116
0538+498,60320.4,2024-01-11,fm4011,,6.946,6.004,3.807,,0.224,0.186,0.116
0538+498,60359.4,2024-02-19,fm4050,11.249,6.948,5.938,3.855,0.424,0.216,0.187,0.118
0538+498,60383.5,2024-03-14,fm4074,11.013,6.882,5.963,3.835,0.372,0.215,0.182,0.116
0538+498,60418.5,2024-04-18,vo4108,,6.991,5.943,3.837,,0.221,0.185,0.117
0538+498,60425.5,2024-04-25,vo4115,11.207,6.992,5.932,3.84,0.382,0.221,0.185,0.117
0538+498,60437.1,2024-05-07,fm4128,11.073,6.95,5.922,3.786,0.439,0.244,0.187,0.116
0538+498,60460.5,2024-05-30,vo4150,11.247,6.928,5.93,3.842,0.377,0.22,0.185,0.117
0538+498,60464.5,2024-06-03,fm4155,11.434,6.978,5.978,3.786,0.375,0.232,0.186,0.117
0538+498,60558.5,2024-09-05,vo4248,11.6,6.954,5.929,3.84,0.393,0.221,0.185,0.117
0538+498,60579.5,2024-09-26,vo4269,11.288,7.013,5.931,3.839,0.378,0.222,0.185,0.117
0538+498,60593.5,2024-10-10,vo4283,11.244,7.011,5.969,3.839,0.376,0.221,0.185,0.117
0538+498,60621.3,2024-11-07,fm4312,11.458,6.938,5.877,3.777,0.395,0.248,0.183,0.115
0538+498,60621.5,2024-11-07,vo4311,11.24,7.003,5.949,3.839,0.376,0.221,0.186,0.117
0538+498,60649.2,2024-12-05,fm4340,,7.323,6.216,4.022,,0.232,0.198,0.134
0538+498,60649.5,2024-12-05,vo4339,11.243,6.972,5.928,3.837,0.376,0.222,0.184,0.117
0538+498,60650.4,2024-12-06,fm4341,,7.014,5.952,3.757,,0.225,0.186,0.115
0538+498,60656.5,2024-12-12,vo4346,11.292,7.006,5.981,3.833,0.378,0.221,0.185,0.117
0538+498,60698.0,2025-01-22,vo5022,11.594,7.021,5.94,3.848,0.437,0.223,0.186,0.116
0538+498,60702.0,2025-01-27,fm5027,11.481,6.892,5.912,3.829,0.381,0.243,0.184,0.116
0538+498,60705.0,2025-01-29,vo5029,11.155,7.094,5.963,3.836,0.407,0.224,0.185,0.117
0538+498,60719.0,2025-02-12,vo5043,11.028,6.987,5.908,3.808,0.403,0.222,0.185,0.117
0538+498,60727.2,2025-02-21,fm5052,11.398,6.969,5.89,3.779,0.399,0.223,0.184,0.116
0538+498,60728.4,2025-02-22,fm5053,11.378,7.05,5.949,3.842,0.387,0.221,0.186,0.117
0538+498,60762.4,2025-03-28,fm5087,11.139,6.941,5.892,3.831,0.424,0.212,0.182,0.116
0538+498,60775.0,2025-04-10,vo5099,11.025,6.938,5.959,3.807,0.379,0.217,0.185,0.116
0538+498,60789.0,2025-04-24,fm5114,11.176,6.945,5.905,3.797,0.38,0.214,0.184,0.116
0538+498,60810.0,2025-05-14,vo5134,10.904,7.033,5.723,3.695,0.349,0.241,0.179,0.113
0538+498,60814.0,2025-05-19,fm5139,,6.915,5.889,3.795,,0.23,0.183,0.115
0538+498,60852.0,2025-06-25,vo5176,11.325,7.005,5.81,3.703,0.442,0.234,0.18,0.115
0538+498,60858.1,2025-07-02,fm5183,11.021,7.002,5.936,3.832,0.384,0.245,0.186,0.119
0538+498,60872.0,2025-07-16,fm5197,11.252,6.953,,3.741,0.395,0.23,,0.114
0538+498,60908.0,2025-08-20,vo5232,11.703,7.043,5.92,3.821,0.397,0.22,0.185,0.116
0538+498,60939.2,2025-09-21,fm5264,,6.856,5.851,3.767,,0.243,0.183,0.115
0538+498,60957.0,2025-10-08,vo5281,11.346,7.064,5.9,3.765,0.453,0.223,0.185,0.115
0538+498,60978.0,2025-10-29,vo5302,11.262,7.11,6.032,3.838,0.42,0.224,0.187,0.117
0538+498,60981.2,2025-11-02,fm5306,11.264,6.883,5.865,3.725,0.365,0.216,0.183,0.114
0538+498,61006.0,2025-11-26,vo5330,,7.011,6.018,3.83,,0.24,0.187,0.117
0538+498,61006.0,2025-11-27,fm5331,10.883,6.907,5.96,3.815,0.378,0.232,0.186,0.116
0538+498,61027.0,2025-12-17,vo5351,12.016,6.948,6.033,3.817,0.506,0.215,0.187,0.116
0538+498,61026.8,2025-12-17,fm5352,11.21,6.87,5.968,3.79,0.42,0.24,0.188,0.115
0538+498,61055.0,2026-01-14,vo6014,12.036,7.125,6.009,3.814,0.442,0.226,0.185,0.116
0538+498,61068.9,2026-01-28,fm6029,11.046,6.938,5.967,3.813,0.432,0.24,0.187,0.116
0538+498,61090.0,2026-02-19,vo6049,10.906,6.937,5.807,3.664,0.486,0.22,0.181,0.112
0538+498,61094.3,2026-02-23,fm6054,11.094,7.089,5.944,3.841,0.38,0.224,0.186,0.117
0538+498,61097.0,2026-02-26,vo6056,11.158,6.966,5.939,3.798,0.374,0.22,0.185,0.116
0538+498,61105.8,2026-03-06,fm6066,11.407,6.911,5.896,3.813,0.405,0.226,0.183,0.116
0538+498,61132.0,2026-04-01,vo6091,10.97,6.868,5.869,3.75,0.352,0.215,0.181,0.114
0538+498,61131.8,2026-04-01,fm6092,11.046,6.933,5.967,3.829,0.407,0.217,0.185,0.117
0538+498,61160.0,2026-04-29,vo6119,11.893,6.834,5.821,3.679,0.405,0.232,0.182,0.112
0538+498,61160.0,2026-04-30,fm6120,11.673,6.848,5.899,3.751,0.428,0.229,0.184,0.115
0538+498,61187.8,2026-05-27,fm6148,,7.019,5.921,3.769,,0.237,0.187,0.116
0538+498,61203.0,2026-06-11,vo6162,,7.029,5.757,3.643,,0.228,0.181,0.112
0538+498,61226.6,2026-07-05,fm6186,,6.868,5.903,3.739,,0.213,0.181,0.113
0538+498,61237.0,2026-07-15,vo6196,,7.078,5.996,3.784,,0.251,0.185,0.116
0538+498,61251.0,2026-07-29,vo6210,,7.234,5.999,3.836,,0.278,0.185,0.117
0538+498,61254.5,2026-08-02,fm6214,,6.945,5.853,3.753,,0.223,0.181,0.114
0538+498,61289.4,2026-09-06,fm6249,,6.91,5.73,3.612,,0.219,0.179,0.111
0539-057,59957.5,2023-01-13,fm3013,,0.861,0.87,0.852,,0.028,0.027,0.027
0539-057,59976.5,2023-02-01,fm3031,,0.868,0.879,0.769,,0.028,0.027,0.027
0539-057,60078.5,2023-05-14,fm3134,,,0.788,0.669,,,0.026,0.023
0539-057,60092.4,2023-05-28,fm3148,,,0.769,,,,0.024,
0539-057,60126.5,2023-07-01,fm3182,,0.79,0.784,0.708,,0.027,0.028,0.029
0539-057,60140.1,2023-07-15,fm3195,,0.883,0.825,0.687,,0.03,0.027,0.022
0539-057,60237.8,2023-10-20,fm3293,,0.826,0.801,0.704,,0.027,0.025,0.023
0539-057,60250.8,2023-11-02,fm3306,,0.911,0.858,0.743,,0.028,0.027,0.024
0539-057,60320.6,2024-01-11,fm4011,,0.872,0.725,0.628,,0.031,0.022,0.02
0539-057,60359.5,2024-02-19,fm4050,,0.838,0.805,0.692,,0.027,0.025,0.022
0539-057,60383.6,2024-03-14,fm4074,,0.797,0.8,,,0.025,0.025,
0539-057,60437.5,2024-05-07,fm4128,,,0.791,0.646,,,0.025,0.021
0539-057,60465.3,2024-06-04,fm4155,0.897,0.833,0.811,0.604,0.035,0.026,0.026,0.02
0539-057,60621.8,2024-11-07,fm4312,,0.774,0.728,0.625,,0.026,0.029,0.025
0539-057,60649.7,2024-12-05,fm4340,,0.589,,0.597,,0.02,,0.022
0539-057,60650.7,2024-12-06,fm4341,,0.786,0.738,,,0.027,0.024,
0539-057,60702.6,2025-01-27,fm5027,,0.825,0.772,0.66,,0.026,0.024,0.021
0539-057,60727.2,2025-02-21,fm5052,,0.872,0.824,0.646,,0.027,0.025,0.021
0539-057,60728.3,2025-02-22,fm5053,,0.883,0.843,0.678,,0.028,0.026,0.022
0539-057,60762.4,2025-03-28,fm5087,0.986,0.777,0.722,0.647,0.04,0.027,0.022,0.023
0539-057,60789.3,2025-04-24,fm5114,,0.827,0.769,0.624,,0.03,0.024,0.019
0539-057,60814.0,2025-05-18,fm5139,,0.75,0.727,0.584,,0.025,0.022,0.019
0539-057,60858.0,2025-07-02,fm5183,,0.821,0.756,0.611,,0.027,0.023,0.02
0539-057,60939.9,2025-09-21,fm5264,,,0.777,0.588,,,0.024,0.021
0539-057,60981.8,2025-11-02,fm5306,,0.731,0.723,0.57,,0.025,0.024,0.018
0539-057,61006.7,2025-11-27,fm5331,,0.783,0.777,0.611,,0.029,0.024,0.02
0539-057,61027.8,2025-12-18,fm5352,0.853,0.751,0.717,0.574,0.033,0.024,0.022,0.018
0539-057,61069.5,2026-01-29,fm6029,,0.77,0.728,0.604,,0.024,0.023,0.019
0539-057,61094.4,2026-02-23,fm6054,,0.792,0.755,0.622,,0.025,0.023,0.02
0539-057,61106.5,2026-03-07,fm6066,,0.834,0.764,0.61,,0.029,0.023,0.019
0539-057,61132.4,2026-04-02,fm6092,,0.789,0.742,0.617,,0.026,0.024,0.022
0539-057,61160.3,2026-04-30,fm6120,,0.688,0.657,,,0.023,0.021,
0539-057,61188.2,2026-05-28,fm6148,,0.712,0.677,0.555,,0.024,0.021,0.017
0539-057,61227.1,2026-07-06,fm6186,,,0.556,0.445,,,0.019,0.016
0539-057,61255.0,2026-08-03,fm6214,,0.684,0.62,0.488,,0.022,0.02,0.016
0539-057,61290.0,2026-09-06,fm6249,,0.631,0.58,,,0.023,0.019,
0544+273,59957.7,2023-01-13,fm3013,,0.664,0.661,0.729,,0.021,0.021,0.023
0544+273,59975.6,2023-01-31,fm3031,,0.732,0.728,0.773,,0.025,0.023,0.025
0544+273,60078.3,2023-05-14,fm3134,,,0.744,0.844,,,0.027,0.026
0544+273,60092.2,2023-05-28,fm3148,,,0.65,0.818,,,0.021,0.025
0544+273,60126.2,2023-07-01,fm3182,,0.638,0.718,0.864,,0.022,0.022,0.027
0544+273,60139.9,2023-07-14,fm3195,,0.644,0.683,0.798,,0.022,0.022,0.025
0544+273,60237.6,2023-10-20,fm3293,,0.644,0.696,0.855,,0.024,0.024,0.028
0544+273,60250.6,2023-11-02,fm3306,,0.945,0.98,0.982,,0.03,0.031,0.03
0544+273,60320.5,2024-01-11,fm4011,,0.549,0.69,0.876,,0.018,0.021,0.027
0544+273,60359.5,2024-02-19,fm4050,0.731,0.922,0.956,1.027,0.026,0.029,0.029,0.032
0544+273,60383.4,2024-03-14,fm4074,,0.554,0.641,0.855,,0.022,0.021,0.027
0544+273,60437.6,2024-05-07,fm4128,,0.975,1.058,1.019,,0.033,0.032,0.032
0544+273,60464.5,2024-06-03,fm4155,,0.794,0.868,0.92,,0.025,0.027,0.03
0544+273,60621.5,2024-11-07,fm4312,,0.726,0.724,0.698,,0.024,0.022,0.022
0544+273,60649.5,2024-12-05,fm4340,,0.687,0.699,0.648,,0.022,0.023,0.022
0544+273,60650.4,2024-12-06,fm4341,,0.691,0.699,0.624,,0.022,0.021,0.019
0544+273,60702.4,2025-01-27,fm5027,0.772,0.832,0.792,0.637,0.033,0.027,0.024,0.021
0544+273,60727.2,2025-02-21,fm5052,,0.583,0.58,0.555,,0.018,0.019,0.018
0544+273,60728.4,2025-02-22,fm5053,,0.592,0.594,0.555,,0.019,0.018,0.018
0544+273,60762.4,2025-03-28,fm5087,,0.596,0.615,0.543,,0.027,0.021,0.017
0544+273,60789.0,2025-04-24,fm5114,,0.758,0.831,0.633,,0.025,0.025,0.02
0544+273,60814.0,2025-05-19,fm5139,,0.53,0.535,0.501,,0.019,0.017,0.016
0544+273,60858.2,2025-07-02,fm5183,,0.643,0.613,0.536,,0.021,0.019,0.018
0544+273,60872.2,2025-07-16,fm5197,,0.727,,0.489,,0.027,,0.016
0544+273,60906.7,2025-08-19,vo5232,,0.496,0.525,0.541,,0.018,0.017,0.017
0544+273,60981.6,2025-11-02,fm5306,,0.62,0.573,0.472,,0.019,0.018,0.015
0544+273,61006.4,2025-11-27,fm5331,0.724,0.589,0.559,0.467,0.027,0.02,0.018,0.015
0544+273,61027.6,2025-12-18,fm5352,0.609,0.506,0.472,0.406,0.023,0.016,0.016,0.013
0544+273,61069.3,2026-01-29,fm6029,,0.77,,0.471,,0.034,,0.017
0544+273,61094.6,2026-02-23,fm6054,0.469,0.439,0.42,0.403,0.022,0.015,0.013,0.013
0544+273,61106.2,2026-03-07,fm6066,,0.5,0.489,0.453,,0.017,0.015,0.015
0544+273,61132.1,2026-04-02,fm6092,,0.515,0.491,0.454,,0.017,0.015,0.014
0544+273,61160.0,2026-04-30,fm6120,,0.455,0.462,0.422,,0.014,0.014,0.014
0544+273,61188.0,2026-05-27,fm6148,,0.504,0.461,0.382,,0.017,0.014,0.012
0544+273,61226.8,2026-07-05,fm6186,,0.583,0.546,0.43,,0.022,0.017,0.014
0544+273,61254.8,2026-08-02,fm6214,,0.477,0.475,0.414,,0.017,0.015,0.013
0544+273,61289.7,2026-09-06,fm6249,,0.47,0.444,,,0.015,0.014,
0548+084,59957.6,2023-01-13,fm3013,,0.226,0.224,,,0.01,0.01,
0548+084,59975.6,2023-01-31,fm3031,,0.183,0.167,0.181,,0.009,0.008,0.009
0548+084,60078.4,2023-05-14,fm3134,,,0.195,0.202,,,0.008,0.009
0548+084,60092.3,2023-05-28,fm3148,,,0.164,,,,0.008,
0548+084,60140.0,2023-07-15,fm3195,,0.155,0.159,0.203,,0.009,0.009,0.011
0548+084,60237.7,2023-10-20,fm3293,,0.178,0.16,0.19,,0.01,0.008,0.01
0548+084,60250.7,2023-11-02,fm3306,,,0.177,0.187,,,0.01,0.013
0548+084,60320.6,2024-01-11,fm4011,,,0.181,0.178,,,0.008,0.008
0548+084,60359.5,2024-02-19,fm4050,0.224,0.19,0.181,0.199,0.017,0.009,0.009,0.01
0548+084,60383.7,2024-03-14,fm4074,,,0.221,,,,0.01,
0548+084,60437.5,2024-05-07,fm4128,,,0.166,0.179,,,0.01,0.012
0548+084,60464.3,2024-06-03,fm4155,,0.173,,,,0.01,,
0548+084,60621.7,2024-11-07,fm4312,,0.165,,0.177,,0.008,,0.007
0548+084,60649.6,2024-12-05,fm4340,,0.2,0.207,0.201,,0.008,0.008,0.009
0548+084,60650.4,2024-12-06,fm4341,,0.206,0.213,0.202,,0.008,0.008,0.008
0548+084,60702.4,2025-01-27,fm5027,,0.198,0.187,0.189,,0.008,0.007,0.008
0548+084,60727.2,2025-02-21,fm5052,,0.179,0.177,0.189,,0.008,0.007,0.009
0548+084,60728.4,2025-02-22,fm5053,,0.185,0.182,,,0.008,0.007,
0548+084,60762.4,2025-03-28,fm5087,,,0.204,0.215,,,0.008,0.008
0548+084,60789.2,2025-04-24,fm5114,,,0.177,0.203,,,0.007,0.008
0548+084,60814.1,2025-05-19,fm5139,,,0.193,0.21,,,0.008,0.008
0548+084,60858.0,2025-07-02,fm5183,,,0.189,0.196,,,0.008,0.008
0548+084,60981.7,2025-11-02,fm5306,,0.19,0.209,0.205,,0.007,0.008,0.008
0548+084,61006.7,2025-11-27,fm5331,,,0.16,0.18,,,0.008,0.009
0548+084,61027.7,2025-12-18,fm5352,,,0.179,0.201,,,0.009,0.008
0548+084,61069.5,2026-01-29,fm6029,,0.177,0.194,0.189,,0.007,0.007,0.007
0548+084,61094.5,2026-02-23,fm6054,,0.194,0.207,0.211,,0.009,0.009,0.008
0548+084,61106.4,2026-03-07,fm6066,,0.204,0.211,0.193,,0.008,0.009,0.008
0548+084,61132.3,2026-04-02,fm6092,,0.156,0.173,0.196,,0.008,0.007,0.008
0548+084,61160.2,2026-04-30,fm6120,,0.2,0.211,,,0.008,0.008,
0548+084,61188.1,2026-05-28,fm6148,,0.2,0.222,0.201,,0.009,0.008,0.007
0548+084,61227.0,2026-07-06,fm6186,,0.181,0.181,0.174,,0.008,0.007,0.008
0548+084,61255.0,2026-08-02,fm6214,,0.192,0.204,0.193,,0.009,0.008,0.007
0548+084,61289.9,2026-09-06,fm6249,,0.201,,,,0.009,,
0552+398,59957.6,2023-01-13,fm3013,,3.881,3.685,3.002,,0.119,0.113,0.095
0552+398,59975.7,2023-01-31,fm3031,3.901,3.99,3.774,3.054,0.12,0.121,0.114,0.093
0552+398,60078.2,2023-05-14,fm3134,,3.934,3.782,3.069,,0.121,0.114,0.094
0552+398,60092.2,2023-05-28,fm3148,,,3.696,2.983,,,0.122,0.09
0552+398,60126.5,2023-07-01,fm3182,4.036,3.994,3.755,2.979,0.149,0.127,0.115,0.09
0552+398,60139.5,2023-07-14,fm3195,,3.971,3.848,3.031,,0.123,0.121,0.095
0552+398,60237.3,2023-10-20,fm3293,,3.94,3.766,2.996,,0.124,0.115,0.091
0552+398,60250.4,2023-11-02,fm3306,3.97,3.931,3.777,2.958,0.131,0.125,0.114,0.089
0552+398,60320.5,2024-01-11,fm4011,,4.023,3.803,2.951,,0.127,0.118,0.089
0552+398,60359.4,2024-02-19,fm4050,4.012,4.043,3.757,2.968,0.144,0.125,0.113,0.09
0552+398,60383.4,2024-03-14,fm4074,3.629,3.864,3.706,2.92,0.122,0.121,0.114,0.089
0552+398,60437.1,2024-05-07,fm4128,3.832,3.944,3.75,2.98,0.124,0.133,0.113,0.091
0552+398,60464.4,2024-06-03,fm4155,2.716,3.354,3.541,2.802,0.102,0.104,0.107,0.085
0552+398,60557.1,2024-09-04,vo4248,,3.844,3.659,2.955,,0.136,0.111,0.09
0552+398,60578.1,2024-09-25,vo4269,4.006,4.054,3.795,3.124,0.133,0.126,0.114,0.095
0552+398,60621.3,2024-11-07,fm4312,3.894,3.943,3.712,2.975,0.177,0.123,0.131,0.09
0552+398,60649.2,2024-12-05,fm4340,,4.114,3.927,3.175,,0.13,0.125,0.106
0552+398,60650.4,2024-12-06,fm4341,,3.946,3.759,3.0,,0.119,0.113,0.091
0552+398,60696.6,2025-01-21,vo5022,,3.845,3.631,2.967,,0.118,0.111,0.091
0552+398,60702.1,2025-01-27,fm5027,3.654,3.862,3.674,3.055,0.123,0.123,0.111,0.093
0552+398,60703.5,2025-01-28,vo5029,,3.804,3.566,2.936,,0.116,0.108,0.088
0552+398,60727.2,2025-02-21,fm5052,3.722,3.926,3.749,3.084,0.139,0.118,0.113,0.093
0552+398,60728.4,2025-02-22,fm5053,,3.972,3.746,3.158,,0.12,0.113,0.096
0552+398,60762.4,2025-03-28,fm5087,3.803,3.885,3.701,3.078,0.137,0.119,0.112,0.093
0552+398,60773.6,2025-04-08,vo5099,,3.845,3.663,3.012,,0.117,0.111,0.092
0552+398,60789.0,2025-04-24,fm5114,3.793,3.918,3.745,3.071,0.124,0.119,0.113,0.093
0552+398,60814.0,2025-05-19,fm5139,3.446,3.84,3.721,3.085,0.123,0.12,0.113,0.093
0552+398,60858.1,2025-07-02,fm5183,3.811,3.95,3.774,3.129,0.139,0.136,0.114,0.097
0552+398,60872.1,2025-07-16,fm5197,,3.969,,3.123,,0.136,,0.095
0552+398,60940.3,2025-09-22,fm5264,,3.899,3.742,3.134,,0.132,0.115,0.096
0552+398,60955.6,2025-10-07,vo5281,,3.826,3.625,2.958,,0.117,0.109,0.09
0552+398,60976.5,2025-10-28,vo5302,,3.946,3.766,3.161,,0.119,0.114,0.095
0552+398,60981.4,2025-11-02,fm5306,,3.828,3.693,3.021,,0.123,0.112,0.092
0552+398,61006.0,2025-11-27,fm5331,,3.944,3.807,3.141,,0.119,0.115,0.096
0552+398,61025.6,2025-12-16,vo5351,3.806,3.8,3.66,3.043,0.122,0.115,0.11,0.092
0552+398,61027.1,2025-12-18,fm5352,,3.863,3.692,3.04,,0.121,0.112,0.092
0552+398,61053.5,2026-01-13,vo6014,,3.79,3.674,,,0.115,0.112,
0552+398,61068.9,2026-01-28,fm6029,3.697,3.865,3.723,3.098,0.115,0.119,0.114,0.094
0552+398,61089.0,2026-02-18,vo6049,3.821,3.775,3.649,3.019,0.183,0.122,0.11,0.092
0552+398,61094.4,2026-02-23,fm6054,3.797,3.934,3.801,3.159,0.124,0.12,0.115,0.096
0552+398,61095.5,2026-02-24,vo6056,3.641,3.844,3.672,3.015,0.114,0.118,0.111,0.091
0552+398,61105.8,2026-03-06,fm6066,,3.935,3.754,3.095,,0.13,0.114,0.094
0552+398,61131.9,2026-04-01,fm6092,3.787,3.963,3.801,3.166,0.149,0.12,0.114,0.096
0552+398,61131.1,2026-04-01,vo6091,,3.796,3.73,3.04,,0.128,0.113,0.093
0552+398,61158.6,2026-04-28,vo6119,,3.859,3.731,3.094,,0.134,0.113,0.094
0552+398,61159.9,2026-04-29,fm6120,3.592,3.963,3.78,3.09,0.118,0.124,0.114,0.094
0552+398,61187.8,2026-05-27,fm6148,,3.916,3.776,3.114,,0.126,0.114,0.094
0552+398,61201.7,2026-06-10,vo6162,,3.946,3.721,3.072,,0.124,0.114,0.094
0552+398,61226.7,2026-07-05,fm6186,,3.903,3.746,3.103,,0.119,0.114,0.094
0552+398,61235.8,2026-07-14,vo6196,,3.866,3.759,3.106,,0.178,0.114,0.094
0552+398,61249.8,2026-07-28,vo6210,,4.012,3.793,3.145,,0.151,0.115,0.096
0552+398,61254.4,2026-08-02,fm6214,,3.848,3.727,3.006,,0.117,0.113,0.092
0552+398,61289.5,2026-09-06,fm6249,3.946,3.905,3.803,3.072,0.214,0.118,0.116,0.095
0554+242,61053.6,2026-01-13,vo6014,,1.339,1.217,0.885,,0.043,0.04,0.028
0554+242,61130.5,2026-03-31,vo6091,,1.345,1.204,0.934,,0.043,0.039,0.031
0554+242,61202.2,2026-06-11,vo6162,,1.361,1.236,0.919,,0.048,0.04,0.03
0556+238,59957.5,2023-01-13,fm3013,,0.459,0.465,0.466,,0.015,0.017,0.015
0556+238,59975.7,2023-01-31,fm3031,,0.461,0.457,0.421,,0.015,0.015,0.014
0556+238,60078.3,2023-05-14,fm3134,,,0.425,0.379,,,0.014,0.013
0556+238,60092.2,2023-05-28,fm3148,,,0.387,0.368,,,0.014,0.013
0556+238,60126.2,2023-07-01,fm3182,,,0.398,0.374,,,0.014,0.014
0556+238,60139.9,2023-07-14,fm3195,,0.408,0.397,0.398,,0.016,0.014,0.014
0556+238,60237.7,2023-10-20,fm3293,,0.462,0.477,0.448,,0.019,0.015,0.016
0556+238,60250.6,2023-11-02,fm3306,,,0.496,0.428,,,0.017,0.015
0556+238,60320.6,2024-01-11,fm4011,,0.442,0.46,0.455,,0.015,0.015,0.015
0556+238,60359.5,2024-02-19,fm4050,0.48,0.5,0.493,0.444,0.021,0.017,0.016,0.015
0556+238,60383.4,2024-03-14,fm4074,,0.47,0.461,0.433,,0.016,0.015,0.015
0556+238,60437.2,2024-05-07,fm4128,,0.496,0.494,0.459,,0.016,0.016,0.015
0556+238,60464.4,2024-06-03,fm4155,,0.492,0.49,0.445,,0.017,0.016,0.016
0556+238,60621.7,2024-11-07,fm4312,,0.651,0.642,0.566,,0.021,0.02,0.018
0556+238,60649.5,2024-12-05,fm4340,,0.699,0.712,0.611,,0.022,0.023,0.021
0556+238,60650.4,2024-12-06,fm4341,,0.663,0.66,0.57,,0.02,0.02,0.018
0556+238,60655.3,2024-12-11,vo4346,,0.647,0.685,0.556,,0.02,0.022,0.018
0556+238,60702.4,2025-01-27,fm5027,,0.635,0.643,0.554,,0.021,0.02,0.017
0556+238,60727.2,2025-02-21,fm5052,0.68,0.674,0.649,0.541,0.026,0.021,0.02,0.017
0556+238,60728.5,2025-02-22,fm5053,,0.669,0.645,0.541,,0.021,0.021,0.02
0556+238,60762.4,2025-03-28,fm5087,,0.625,0.596,0.521,,0.024,0.018,0.016
0556+238,60789.0,2025-04-23,fm5114,,0.612,0.587,0.519,,0.019,0.018,0.016
0556+238,60814.1,2025-05-19,fm5139,,0.606,0.594,0.522,,0.02,0.018,0.016
0556+238,60858.2,2025-07-02,fm5183,,0.629,0.639,0.565,,0.022,0.02,0.018
0556+238,60872.2,2025-07-16,fm5197,,0.655,,0.567,,0.02,,0.018
0556+238,60955.5,2025-10-07,vo5281,,0.655,0.639,0.558,,0.022,0.021,0.018
0556+238,60976.5,2025-10-28,vo5302,,0.64,0.634,0.574,,0.02,0.02,0.018
0556+238,60981.6,2025-11-02,fm5306,,0.671,0.666,0.558,,0.021,0.02,0.018
0556+238,61006.5,2025-11-27,fm5331,,0.613,0.604,0.552,,0.019,0.019,0.018
0556+238,61025.5,2025-12-16,vo5351,,0.667,0.65,0.559,,0.021,0.02,0.017
0556+238,61027.6,2025-12-18,fm5352,,0.684,0.663,0.569,,0.023,0.02,0.018
0556+238,61069.3,2026-01-29,fm6029,,0.671,0.636,0.565,,0.022,0.02,0.017
0556+238,61094.5,2026-02-23,fm6054,0.663,0.624,0.605,0.538,0.025,0.02,0.019,0.017
0556+238,61106.2,2026-03-07,fm6066,,0.631,0.616,0.536,,0.02,0.019,0.017
0556+238,61132.2,2026-04-02,fm6092,,0.658,0.614,0.534,,0.022,0.019,0.017
0556+238,61160.1,2026-04-30,fm6120,,0.547,0.551,,,0.019,0.017,
0556+238,61188.0,2026-05-28,fm6148,,0.6,0.588,0.513,,0.022,0.018,0.016
0556+238,61226.9,2026-07-05,fm6186,,0.597,0.569,0.489,,0.022,0.018,0.016
0556+238,61254.8,2026-08-02,fm6214,,0.571,0.556,0.475,,0.021,0.017,0.015
0556+238,61289.7,2026-09-06,fm6249,,0.616,0.574,0.503,,0.02,0.019,0.017
0602+405,61130.5,2026-03-31,vo6091,,1.25,1.252,1.162,,0.041,0.04,0.036
0602+405,61201.6,2026-06-10,vo6162,,1.304,1.257,1.151,,0.043,0.041,0.036
0602+673,60417.2,2024-04-17,vo4108,,0.762,0.784,0.8,,0.026,0.025,0.025
0602+673,60459.0,2024-05-29,vo4150,,0.766,0.809,0.85,,0.025,0.025,0.026
0602+673,60557.1,2024-09-04,vo4248,,,0.68,0.729,,,0.026,0.023
0602+673,60578.0,2024-09-25,vo4269,,0.735,0.739,0.784,,0.023,0.023,0.024
0602+673,60773.6,2025-04-08,vo5099,,0.691,0.707,0.705,,0.022,0.021,0.022
0602+673,60850.7,2025-06-24,vo5176,,0.674,,0.686,,0.021,,0.021
0602+673,60976.6,2025-10-28,vo5302,,0.596,0.595,0.634,,0.022,0.019,0.02
0602+673,61005.0,2025-11-26,vo5330,,0.583,0.577,0.611,,0.019,0.018,0.019
0605-085,59957.5,2023-01-13,fm3013,,2.608,2.539,,,0.079,0.077,
0605-085,59975.6,2023-01-31,fm3031,2.792,2.534,2.402,,0.086,0.078,0.073,
0605-085,60078.3,2023-05-14,fm3134,,,2.528,2.327,,,0.077,0.076
0605-085,60092.4,2023-05-28,fm3148,2.437,,2.482,2.381,0.114,,0.081,0.073
0605-085,60126.6,2023-07-01,fm3182,,2.521,2.413,2.177,,0.082,0.075,0.085
0605-085,60140.1,2023-07-15,fm3195,2.536,2.445,2.417,2.279,0.093,0.084,0.075,0.07
0605-085,60237.9,2023-10-20,fm3293,2.569,2.556,2.542,2.38,0.116,0.087,0.077,0.073
0605-085,60250.8,2023-11-02,fm3306,,2.638,2.621,2.513,,0.086,0.079,0.076
0605-085,60320.6,2024-01-11,fm4011,,2.701,2.569,2.398,,0.089,0.077,0.073
0605-085,60359.6,2024-02-19,fm4050,2.617,2.567,2.59,2.461,0.099,0.08,0.079,0.076
0605-085,60437.5,2024-05-07,fm4128,2.605,2.651,2.638,2.463,0.098,0.092,0.082,0.08
0605-085,60465.3,2024-06-04,fm4155,2.731,2.635,2.558,2.344,0.11,0.089,0.079,0.073
0605-085,60621.8,2024-11-07,fm4312,2.665,2.705,2.641,2.424,0.105,0.086,0.081,0.077
0605-085,60649.7,2024-12-05,fm4340,,2.546,2.637,2.32,,0.085,0.084,0.08
0605-085,60650.7,2024-12-06,fm4341,,2.612,2.532,2.399,,0.091,0.077,0.074
0605-085,60702.6,2025-01-27,fm5027,3.002,2.574,2.59,2.492,0.109,0.087,0.079,0.079
0605-085,60727.5,2025-02-21,fm5052,2.818,2.695,2.693,2.558,0.098,0.091,0.082,0.088
0605-085,60728.3,2025-02-22,fm5053,2.865,2.749,2.714,2.539,0.094,0.085,0.082,0.078
0605-085,60762.3,2025-03-28,fm5087,,2.645,2.633,2.506,,0.085,0.08,0.081
0605-085,60789.4,2025-04-24,fm5114,2.584,2.801,2.597,2.421,0.089,0.102,0.08,0.074
0605-085,60814.3,2025-05-19,fm5139,,3.276,2.615,2.336,,0.103,0.08,0.086
0605-085,60858.0,2025-07-01,fm5183,2.935,2.591,2.565,2.401,0.107,0.081,0.078,0.078
0605-085,60872.0,2025-07-15,fm5197,,2.514,,2.286,,0.096,,0.077
0605-085,60939.9,2025-09-21,fm5264,,,2.498,2.485,,,0.077,0.084
0605-085,60981.8,2025-11-02,fm5306,2.681,2.559,2.504,2.415,0.087,0.089,0.075,0.075
0605-085,61006.8,2025-11-27,fm5331,2.869,2.658,2.583,2.474,0.098,0.087,0.08,0.09
0605-085,61027.8,2025-12-18,fm5352,2.623,2.497,2.468,2.421,0.091,0.085,0.075,0.073
0605-085,61069.6,2026-01-29,fm6029,2.752,2.657,2.575,2.472,0.087,0.085,0.078,0.076
0605-085,61094.3,2026-02-23,fm6054,2.802,2.708,2.582,2.436,0.104,0.09,0.079,0.075
0605-085,61096.6,2026-02-25,vo6056,,,2.568,2.373,,,0.083,0.081
0605-085,61106.5,2026-03-07,fm6066,,2.616,2.571,2.34,,0.092,0.078,0.072
0605-085,61132.4,2026-04-02,fm6092,2.616,2.667,2.55,2.365,0.109,0.094,0.077,0.073
0605-085,61160.4,2026-04-30,fm6120,2.535,2.579,2.594,2.513,0.094,0.087,0.078,0.077
0605-085,61188.3,2026-05-28,fm6148,,2.412,2.442,2.409,,0.082,0.074,0.074
0605-085,61227.2,2026-07-06,fm6186,,2.492,2.511,2.461,,0.077,0.077,0.076
0605-085,61255.1,2026-08-03,fm6214,,2.552,2.572,2.638,,0.094,0.078,0.08
0605-085,61290.0,2026-09-06,fm6249,,2.649,2.669,,,0.081,0.081,
0606-223,60459.2,2024-05-29,vo4150,,,0.842,,,,0.038,
0606-223,60558.1,2024-09-05,vo4248,,,0.968,0.957,,,0.034,0.033
0606-223,60579.0,2024-09-26,vo4269,,1.037,1.047,1.077,,0.035,0.035,0.034
0606-223,60593.0,2024-10-09,vo4283,,1.019,1.006,0.948,,0.034,0.033,0.03
0606-223,60620.9,2024-11-06,vo4311,,1.063,1.061,1.031,,0.036,0.033,0.033
0606-223,60655.8,2024-12-11,vo4346,,1.084,1.155,1.031,,0.035,0.041,0.033
0606-223,60697.7,2025-01-22,vo5022,,0.969,0.998,0.97,,0.031,0.031,0.03
0606-223,60704.7,2025-01-29,vo5029,,1.0,1.006,0.936,,0.032,0.032,0.03
0606-223,60718.7,2025-02-12,vo5043,,0.948,0.988,0.936,,0.033,0.032,0.03
0606-223,60774.5,2025-04-09,vo5099,,0.993,0.991,0.948,,0.038,0.032,0.03
0606-223,60851.3,2025-06-25,vo5176,,0.962,,0.923,,0.032,,0.031
0606-223,60956.0,2025-10-08,vo5281,,0.979,0.954,0.947,,0.038,0.042,0.035
0606-223,60977.0,2025-10-28,vo5302,,1.014,0.975,1.018,,0.034,0.033,0.033
0606-223,61006.0,2025-11-26,vo5330,,0.956,,1.003,,0.043,,0.037
0607-157,59957.5,2023-01-13,fm3013,,4.563,4.554,4.151,,0.137,0.139,0.134
0607-157,59976.7,2023-02-01,fm3031,3.91,4.506,4.56,4.226,0.154,0.145,0.138,0.128
0607-157,60078.4,2023-05-14,fm3134,,4.96,4.946,4.483,,0.2,0.149,0.135
0607-157,60092.4,2023-05-28,fm3148,,,4.995,4.624,,,0.161,0.141
0607-157,60126.6,2023-07-01,fm3182,,4.949,4.844,,,0.171,0.149,
0607-157,60140.2,2023-07-15,fm3195,4.293,4.886,4.975,4.432,0.18,0.163,0.153,0.134
0607-157,60237.9,2023-10-20,fm3293,4.213,4.421,4.419,4.003,0.135,0.142,0.134,0.121
0607-157,60250.9,2023-11-02,fm3306,3.989,4.407,4.405,4.04,0.125,0.133,0.133,0.122
0607-157,60320.7,2024-01-11,fm4011,,4.073,4.006,3.782,,0.139,0.122,0.115
0607-157,60359.6,2024-02-19,fm4050,3.73,3.971,3.953,3.748,0.123,0.123,0.119,0.113
0607-157,60383.7,2024-03-14,fm4074,3.376,3.877,4.006,3.941,0.109,0.125,0.123,0.119
0607-157,60437.5,2024-05-07,fm4128,,4.017,4.088,4.002,,0.131,0.123,0.121
0607-157,60621.9,2024-11-07,fm4312,3.907,4.367,4.283,3.826,0.142,0.137,0.151,0.116
0607-157,60649.8,2024-12-05,fm4340,,4.59,4.582,4.093,,0.148,0.146,0.137
0607-157,60650.8,2024-12-06,fm4341,,4.471,4.37,3.998,,0.142,0.131,0.121
0607-157,60702.7,2025-01-27,fm5027,3.868,4.368,4.401,4.217,0.133,0.141,0.133,0.128
0607-157,60727.6,2025-02-21,fm5052,3.858,4.277,4.309,4.111,0.141,0.132,0.13,0.124
0607-157,60728.2,2025-02-22,fm5053,3.847,4.332,4.449,4.219,0.117,0.148,0.136,0.131
0607-157,60762.3,2025-03-28,fm5087,,4.38,4.294,3.926,,0.147,0.129,0.118
0607-157,60789.4,2025-04-24,fm5114,4.254,4.277,4.162,3.77,0.134,0.137,0.125,0.115
0607-157,60814.4,2025-05-19,fm5139,,,4.07,3.684,,,0.124,0.111
0607-157,60858.0,2025-07-01,fm5183,,3.952,4.077,3.844,,0.131,0.123,0.119
0607-157,60872.0,2025-07-15,fm5197,3.755,3.919,,3.554,0.136,0.124,,0.108
0607-157,60940.0,2025-09-22,fm5264,,3.716,3.666,3.447,,0.133,0.111,0.105
0607-157,60981.9,2025-11-02,fm5306,3.576,3.589,3.543,3.26,0.113,0.108,0.107,0.099
0607-157,61006.8,2025-11-27,fm5331,3.452,3.492,3.442,3.077,0.109,0.113,0.105,0.094
0607-157,61027.8,2025-12-18,fm5352,3.376,3.331,3.276,2.922,0.106,0.11,0.1,0.089
0607-157,61053.6,2026-01-13,vo6014,,3.333,3.259,,,0.107,0.103,
0607-157,61069.7,2026-01-29,fm6029,3.307,3.337,3.305,2.875,0.126,0.106,0.1,0.087
0607-157,61094.3,2026-02-23,fm6054,3.276,3.331,3.292,2.871,0.102,0.103,0.099,0.088
0607-157,61096.5,2026-02-25,vo6056,,3.303,3.13,2.735,,0.102,0.096,0.085
0607-157,61106.6,2026-03-07,fm6066,,3.434,3.33,2.921,,0.107,0.102,0.088
0607-157,61132.5,2026-04-02,fm6092,3.227,3.364,3.332,2.964,0.101,0.108,0.1,0.09
0607-157,61159.5,2026-04-29,vo6119,,,3.345,3.05,,,0.105,0.099
0607-157,61160.4,2026-04-30,fm6120,3.133,3.476,3.44,3.031,0.101,0.11,0.104,0.092
0607-157,61188.3,2026-05-28,fm6148,,3.592,3.575,3.139,,0.12,0.108,0.095
0607-157,61227.2,2026-07-06,fm6186,,3.635,3.627,3.203,,0.116,0.11,0.099
0607-157,61236.2,2026-07-15,vo6196,,,3.679,3.331,,,0.114,0.104
0607-157,61250.2,2026-07-29,vo6210,,4.138,3.936,3.493,,0.181,0.122,0.11
0607-157,61255.2,2026-08-03,fm6214,,4.021,3.966,3.514,,0.129,0.12,0.107
0607-157,61290.1,2026-09-07,fm6249,3.505,4.083,4.142,3.747,0.116,0.124,0.127,0.116
0609+413,60727.2,2025-02-21,fm5052,,0.238,0.226,,,0.008,0.008,
0609+413,60728.4,2025-02-22,fm5053,,0.245,0.229,0.214,,0.009,0.008,0.01
0609+413,60762.4,2025-03-28,fm5087,,0.24,0.243,0.232,,0.009,0.008,0.008
0609+413,60789.0,2025-04-23,fm5114,,,0.27,0.253,,,0.009,0.009
0609+413,60814.0,2025-05-19,fm5139,,0.291,0.294,0.285,,0.01,0.01,0.01
0609+413,60858.1,2025-07-02,fm5183,,0.326,0.319,0.302,,0.012,0.011,0.011
0609+413,60872.1,2025-07-16,fm5197,,0.308,,0.31,,0.011,,0.011
0609+413,60939.2,2025-09-21,fm5264,,0.283,0.274,0.27,,0.01,0.01,0.009
0609+413,60981.3,2025-11-02,fm5306,,0.308,0.302,0.289,,0.01,0.01,0.01
0609+413,61006.0,2025-11-26,fm5331,,0.314,0.319,0.32,,0.011,0.01,0.011
0609+413,61069.4,2026-01-29,fm6029,,0.352,0.358,0.356,,0.015,0.013,0.012
0609+413,61094.4,2026-02-23,fm6054,,0.36,0.351,0.353,,0.012,0.011,0.012
0609+413,61105.7,2026-03-06,fm6066,,0.355,0.342,0.335,,0.012,0.012,0.011
0609+413,61131.7,2026-04-01,fm6092,,0.341,0.329,0.324,,0.012,0.011,0.011
0609+413,61159.8,2026-04-29,fm6120,,0.32,0.311,,,0.011,0.01,
0609+413,61187.7,2026-05-27,fm6148,,0.275,0.29,0.263,,0.01,0.01,0.009
0609+413,61226.9,2026-07-05,fm6186,,0.258,0.282,,,0.011,0.01,
0609+413,61254.4,2026-08-02,fm6214,,0.309,0.291,0.248,,0.011,0.01,0.009
0609+413,61289.5,2026-09-06,fm6249,,0.312,0.297,0.254,,0.012,0.012,0.01
0613+570,59957.6,2023-01-13,fm3013,,1.392,1.446,1.527,,0.043,0.044,0.046
0613+570,59975.8,2023-01-31,fm3031,,1.375,1.432,1.487,,0.043,0.044,0.045
0613+570,60078.2,2023-05-14,fm3134,,,1.201,1.192,,,0.036,0.036
0613+570,60092.3,2023-05-28,fm3148,,,1.147,1.155,,,0.037,0.035
0613+570,60126.3,2023-07-01,fm3182,,1.125,1.117,1.095,,0.037,0.034,0.034
0613+570,60139.4,2023-07-14,fm3195,,1.092,1.098,1.08,,0.034,0.034,0.033
0613+570,60237.2,2023-10-20,fm3293,,0.978,0.969,0.988,,0.032,0.03,0.03
0613+570,60243.4,2023-10-26,vo3299,,1.029,1.022,1.02,,0.032,0.032,0.031
0613+570,60250.3,2023-11-02,fm3306,,1.002,0.966,0.967,,0.034,0.031,0.03
0613+570,60320.4,2024-01-11,fm4011,,1.017,1.007,0.982,,0.031,0.031,0.03
0613+570,60359.4,2024-02-19,fm4050,,0.944,0.925,0.901,,0.03,0.028,0.028
0613+570,60383.4,2024-03-14,fm4074,,0.891,0.893,0.862,,0.028,0.028,0.027
0613+570,60424.1,2024-04-24,vo4115,,0.844,0.834,0.816,,0.026,0.025,0.025
0613+570,60437.1,2024-05-07,fm4128,,0.86,0.792,0.748,,0.031,0.024,0.023
0613+570,60459.1,2024-05-29,vo4150,,0.81,0.766,0.755,,0.025,0.024,0.024
0613+570,60464.5,2024-06-03,fm4155,,0.742,0.732,0.694,,0.024,0.023,0.022
0613+570,60557.0,2024-09-04,vo4248,,,0.69,0.668,,,0.022,0.021
0613+570,60578.2,2024-09-25,vo4269,,0.707,0.689,0.691,,0.023,0.021,0.021
0613+570,60592.0,2024-10-09,vo4283,,0.683,0.678,0.643,,0.021,0.021,0.02
0613+570,60620.0,2024-11-06,vo4311,0.885,0.684,0.661,0.635,0.032,0.023,0.021,0.02
0613+570,60621.3,2024-11-07,fm4312,,0.647,0.627,0.627,,0.02,0.02,0.02
0613+570,60648.1,2024-12-04,vo4339,,0.661,0.661,0.648,,0.022,0.02,0.02
0613+570,60649.2,2024-12-05,fm4340,,0.709,0.68,0.675,,0.024,0.023,0.024
0613+570,60650.4,2024-12-06,fm4341,,0.685,0.649,0.617,,0.022,0.02,0.02
0613+570,60655.0,2024-12-11,vo4346,,0.678,0.724,0.651,,0.021,0.022,0.02
0613+570,60702.1,2025-01-27,fm5027,,0.706,0.669,0.685,,0.023,0.021,0.021
0613+570,60727.2,2025-02-21,fm5052,,0.662,0.661,0.649,,0.021,0.021,0.021
0613+570,60728.4,2025-02-22,fm5053,,0.701,0.674,0.68,,0.022,0.021,0.022
0613+570,60762.4,2025-03-28,fm5087,,0.694,0.68,0.669,,0.022,0.021,0.021
0613+570,60789.0,2025-04-24,fm5114,,0.766,0.695,0.671,,0.026,0.022,0.022
0613+570,60808.5,2025-05-13,vo5134,,0.694,0.693,0.673,,0.024,0.022,0.021
0613+570,60814.0,2025-05-19,fm5139,,0.685,0.682,0.678,,0.022,0.021,0.021
0613+570,60858.1,2025-07-02,fm5183,0.592,0.644,0.646,0.623,0.026,0.023,0.021,0.021
0613+570,60872.1,2025-07-16,fm5197,,0.706,,0.665,,0.023,,0.021
0613+570,60906.5,2025-08-19,vo5232,,0.724,0.692,0.677,,0.024,0.023,0.021
0613+570,60939.2,2025-09-21,fm5264,,0.735,,0.701,,0.026,,0.022
0613+570,60981.3,2025-11-02,fm5306,,0.644,0.641,0.608,,0.02,0.02,0.02
0613+570,61006.0,2025-11-26,fm5331,,0.732,0.725,0.735,,0.024,0.022,0.023
0613+570,61025.7,2025-12-16,vo5351,,0.748,0.737,0.756,,0.024,0.023,0.023
0613+570,61027.1,2025-12-18,fm5352,,0.726,0.725,0.746,,0.024,0.023,0.024
0613+570,61068.8,2026-01-28,fm6029,,0.773,0.806,0.842,,0.026,0.025,0.026
0613+570,61088.9,2026-02-17,vo6049,,0.796,0.83,0.867,,0.027,0.028,0.027
0613+570,61094.6,2026-02-23,fm6054,,0.844,0.843,0.895,,0.028,0.026,0.028
0613+570,61105.8,2026-03-06,fm6066,,0.858,0.859,0.874,,0.029,0.027,0.027
0613+570,61131.8,2026-04-01,fm6092,,0.855,0.862,0.922,,0.026,0.026,0.028
0613+570,61158.5,2026-04-28,vo6119,,0.916,0.884,0.924,,0.033,0.028,0.029
0613+570,61159.7,2026-04-29,fm6120,,0.898,0.948,0.917,,0.031,0.037,0.029
0613+570,61187.7,2026-05-27,fm6148,,0.841,0.887,0.909,,0.028,0.027,0.028
0613+570,61201.5,2026-06-10,vo6162,,0.911,0.902,0.856,,0.03,0.029,0.027
0613+570,61226.6,2026-07-05,fm6186,,0.858,0.869,0.871,,0.028,0.027,0.027
0613+570,61249.5,2026-07-28,vo6210,,0.846,0.834,0.839,,0.034,0.028,0.026
0613+570,61254.4,2026-08-02,fm6214,,0.815,0.797,0.83,,0.026,0.024,0.025
0613+570,61289.4,2026-09-06,fm6249,,0.854,0.861,0.901,,0.026,0.026,0.028
0615+820,59957.6,2023-01-13,fm3013,,1.117,1.095,1.06,,0.036,0.035,0.033
0615+820,59975.7,2023-01-31,fm3031,,1.165,1.109,1.006,,0.036,0.038,0.031
0615+820,60078.2,2023-05-14,fm3134,,,0.984,0.88,,,0.031,0.028
0615+820,60092.2,2023-05-28,fm3148,,,0.96,0.895,,,0.03,0.028
0615+820,60126.6,2023-07-01,fm3182,,1.027,0.958,0.891,,0.033,0.031,0.028
0615+820,60139.6,2023-07-14,fm3195,,1.041,0.995,0.878,,0.033,0.03,0.027
0615+820,60237.2,2023-10-20,fm3293,,1.0,0.968,0.884,,0.032,0.033,0.029
0615+820,60250.4,2023-11-02,fm3306,,1.004,0.989,0.876,,0.036,0.03,0.027
0615+820,60320.4,2024-01-11,fm4011,,1.02,0.95,0.855,,0.032,0.029,0.026
0615+820,60359.4,2024-02-19,fm4050,,0.986,0.912,0.843,,0.031,0.028,0.026
0615+820,60383.4,2024-03-14,fm4074,,0.888,0.896,0.801,,0.028,0.028,0.025
0615+820,60437.0,2024-05-07,fm4128,,,0.89,0.777,,,0.028,0.025
0615+820,60464.4,2024-06-03,fm4155,,,,0.736,,,,0.023
0615+820,60621.3,2024-11-07,fm4312,,0.935,0.894,0.796,,0.04,0.031,0.027
0615+820,60649.2,2024-12-05,fm4340,,0.936,0.941,0.797,,0.037,0.032,0.028
0615+820,60650.4,2024-12-06,fm4341,,0.947,0.927,0.79,,0.032,0.031,0.032
0615+820,60702.1,2025-01-27,fm5027,,0.94,0.911,0.802,,0.03,0.029,0.025
0615+820,60727.2,2025-02-21,fm5052,,0.931,0.915,0.807,,0.029,0.028,0.025
0615+820,60728.4,2025-02-22,fm5053,,0.975,0.898,0.802,,0.032,0.029,0.026
0615+820,60762.4,2025-03-28,fm5087,,1.008,,0.812,,0.04,,0.025
0615+820,60789.0,2025-04-24,fm5114,,0.982,0.949,0.828,,0.03,0.029,0.026
0615+820,60814.0,2025-05-19,fm5139,,1.044,0.957,0.826,,0.033,0.03,0.027
0615+820,60858.1,2025-07-02,fm5183,,0.987,0.989,0.881,,0.032,0.035,0.028
0615+820,60872.1,2025-07-16,fm5197,,,,0.874,,,,0.027
0615+820,60939.2,2025-09-21,fm5264,,0.931,,0.86,,0.038,,0.027
0615+820,60981.3,2025-11-02,fm5306,,0.964,0.941,0.848,,0.032,0.03,0.026
0615+820,61006.0,2025-11-26,fm5331,,1.027,1.027,0.949,,0.033,0.034,0.029
0615+820,61027.1,2025-12-18,fm5352,,1.029,1.044,0.908,,0.033,0.034,0.028
0615+820,61068.8,2026-01-28,fm6029,,1.046,,0.956,,0.034,,0.029
0615+820,61094.4,2026-02-23,fm6054,,1.099,1.064,0.99,,0.036,0.033,0.03
0615+820,61105.8,2026-03-06,fm6066,,1.119,1.071,0.959,,0.041,0.048,0.029
0615+820,61131.8,2026-04-01,fm6092,,1.035,1.046,1.003,,0.034,0.033,0.031
0615+820,61159.7,2026-04-29,fm6120,,1.094,1.016,0.951,,0.038,0.034,0.029
0615+820,61187.7,2026-05-27,fm6148,,1.06,1.058,0.975,,0.042,0.034,0.03
0615+820,61226.6,2026-07-05,fm6186,,1.061,1.004,0.965,,0.033,0.037,0.03
0615+820,61254.4,2026-08-02,fm6214,,1.026,1.029,0.961,,0.034,0.034,0.03
0615+820,61289.4,2026-09-06,fm6249,,1.023,1.033,0.981,,0.035,0.035,0.031
0627-199,59958.8,2023-01-14,fm3013,,0.753,0.763,0.772,,0.027,0.026,0.032
0627-199,59976.8,2023-02-01,fm3031,,0.807,0.828,0.834,,0.028,0.026,0.027
0627-199,60078.5,2023-05-14,fm3134,,,0.736,0.759,,,0.024,0.025
0627-199,60092.6,2023-05-28,fm3148,,,0.721,0.714,,,0.025,0.025
0627-199,60126.5,2023-07-01,fm3182,,0.68,,0.746,,0.025,,0.028
0627-199,60140.3,2023-07-15,fm3195,,0.759,0.755,0.74,,0.026,0.025,0.028
0627-199,60728.3,2025-02-22,fm5053,,0.514,0.505,,,0.017,0.017,
0627-199,60857.9,2025-07-01,fm5183,,0.52,0.489,0.498,,0.019,0.017,0.019
0627-199,60872.0,2025-07-15,fm5197,,0.464,,0.459,,0.019,,0.017
0627-199,61027.9,2025-12-18,fm5352,,0.463,0.479,0.493,,0.016,0.016,0.018
0627-199,61094.3,2026-02-23,fm6054,,0.466,0.474,0.493,,0.017,0.018,0.017
0627-199,61236.4,2026-07-15,vo6196,,,,0.534,,,,0.05
0627-199,61250.4,2026-07-29,vo6210,,,,0.693,,,,0.058
0632-235,61025.5,2025-12-16,vo5351,,0.628,0.598,0.595,,0.027,0.026,0.023
0633+734,61158.6,2026-04-28,vo6119,,0.878,0.944,1.195,,0.03,0.031,0.037
0633+734,61249.6,2026-07-28,vo6210,,0.931,1.045,1.214,,0.036,0.033,0.038
0639-032,61131.6,2026-04-01,vo6091,,0.776,,0.973,,0.039,,0.037
0641+392,59957.7,2023-01-13,fm3013,,0.591,0.55,0.465,,0.024,0.018,0.015
0641+392,59975.7,2023-01-31,fm3031,,0.572,0.547,0.449,,0.018,0.018,0.015
0641+392,60078.2,2023-05-14,fm3134,,,0.552,0.465,,,0.018,0.015
0641+392,60092.2,2023-05-28,fm3148,,,0.531,0.469,,,0.017,0.015
0641+392,60126.6,2023-07-01,fm3182,,0.552,0.5,0.442,,0.019,0.017,0.017
0641+392,60139.5,2023-07-14,fm3195,,0.578,0.551,0.467,,0.019,0.017,0.017
0641+392,60237.3,2023-10-20,fm3293,,0.57,0.545,0.465,,0.018,0.018,0.016
0641+392,60250.5,2023-11-02,fm3306,,0.575,0.55,0.468,,0.018,0.017,0.016
0641+392,60320.4,2024-01-11,fm4011,,0.56,0.532,0.446,,0.021,0.017,0.014
0641+392,60359.4,2024-02-19,fm4050,0.624,0.542,0.521,0.449,0.023,0.018,0.018,0.015
0641+392,60383.8,2024-03-14,fm4074,,0.558,0.536,0.436,,0.02,0.019,0.018
0641+392,60437.6,2024-05-07,fm4128,,0.55,0.525,0.432,,0.021,0.017,0.015
0641+392,60464.4,2024-06-03,fm4155,,0.536,0.514,0.426,,0.017,0.016,0.014
0641+392,60621.4,2024-11-07,fm4312,,0.502,0.472,0.399,,0.017,0.015,0.013
0641+392,60649.4,2024-12-05,fm4340,,0.533,0.507,0.422,,0.017,0.017,0.016
0641+392,60650.4,2024-12-06,fm4341,,0.519,0.489,0.416,,0.018,0.015,0.014
0641+392,60702.1,2025-01-27,fm5027,,0.498,0.47,0.4,,0.016,0.015,0.013
0641+392,60727.4,2025-02-21,fm5052,,0.491,0.472,0.394,,0.015,0.015,0.014
0641+392,60728.5,2025-02-22,fm5053,,0.497,0.489,0.421,,0.016,0.016,0.014
0641+392,60762.4,2025-03-28,fm5087,,0.493,0.458,0.38,,0.016,0.015,0.012
0641+392,60789.1,2025-04-24,fm5114,,0.487,0.451,0.384,,0.016,0.014,0.012
0641+392,60814.1,2025-05-19,fm5139,,0.469,0.449,0.362,,0.017,0.014,0.012
0641+392,60858.2,2025-07-02,fm5183,,0.478,0.453,0.382,,0.016,0.014,0.013
0641+392,60872.2,2025-07-16,fm5197,,0.451,,0.357,,0.015,,0.012
0641+392,60939.5,2025-09-21,fm5264,,0.446,0.416,0.333,,0.014,0.014,0.012
0641+392,60981.4,2025-11-02,fm5306,,0.448,0.417,0.342,,0.014,0.013,0.012
0641+392,61006.1,2025-11-27,fm5331,,0.43,0.415,0.339,,0.014,0.013,0.012
0641+392,61027.6,2025-12-18,fm5352,,0.444,0.411,0.317,,0.015,0.013,0.011
0641+392,61069.1,2026-01-29,fm6029,,0.429,0.404,0.326,,0.015,0.013,0.011
0641+392,61094.5,2026-02-23,fm6054,,0.442,0.409,0.355,,0.015,0.013,0.011
0641+392,61106.0,2026-03-07,fm6066,,0.419,0.386,0.325,,0.014,0.012,0.011
0641+392,61132.0,2026-04-01,fm6092,0.53,0.401,0.4,0.328,0.023,0.013,0.013,0.011
0641+392,61159.9,2026-04-29,fm6120,,0.421,0.4,0.329,,0.014,0.013,0.012
0641+392,61187.8,2026-05-27,fm6148,,0.415,0.387,0.323,,0.014,0.012,0.011
0641+392,61226.7,2026-07-05,fm6186,,0.411,0.392,0.315,,0.013,0.013,0.01
0641+392,61254.6,2026-08-02,fm6214,,0.423,0.395,0.313,,0.015,0.013,0.01
0641+392,61289.6,2026-09-06,fm6249,,0.42,0.372,0.32,,0.016,0.014,0.012
0642+449,60243.4,2023-10-26,vo3299,,2.377,2.413,2.416,,0.072,0.073,0.073
0642+449,60424.1,2024-04-24,vo4115,,2.275,2.353,2.333,,0.072,0.071,0.07
0642+449,60557.1,2024-09-04,vo4248,,2.286,2.356,2.405,,0.078,0.071,0.073
0642+449,60578.1,2024-09-25,vo4269,,2.376,2.436,2.543,,0.072,0.073,0.078
0642+449,60620.1,2024-11-06,vo4311,,2.335,2.426,2.477,,0.078,0.073,0.075
0642+449,60696.5,2025-01-21,vo5022,,2.366,2.433,2.583,,0.072,0.073,0.078
0642+449,60703.6,2025-01-28,vo5029,,2.369,2.433,2.593,,0.071,0.073,0.078
0642+449,60773.5,2025-04-08,vo5099,,2.487,2.599,2.777,,0.076,0.079,0.084
0642+449,60906.5,2025-08-19,vo5232,,2.657,2.849,3.032,,0.083,0.086,0.091
0642+449,60955.6,2025-10-07,vo5281,,2.666,2.791,2.877,,0.081,0.084,0.087
0642+449,60976.5,2025-10-28,vo5302,,2.675,2.798,2.916,,0.081,0.085,0.088
0642+449,61005.0,2025-11-25,vo5330,,2.729,2.839,2.912,,0.084,0.085,0.089
0642+449,61025.6,2025-12-16,vo5351,,2.745,2.83,2.924,,0.086,0.086,0.089
0642+449,61095.6,2026-02-24,vo6056,,2.774,2.907,2.976,,0.085,0.09,0.09
0642+449,61158.6,2026-04-28,vo6119,,2.859,2.955,3.097,,0.113,0.09,0.094
0642+449,61250.2,2026-07-29,vo6210,,2.93,3.08,3.045,,0.105,0.095,0.094
0646+600,61088.9,2026-02-17,vo6049,,0.808,0.742,0.537,,0.027,0.024,0.018
0648-165,59957.5,2023-01-13,fm3013,,2.804,2.721,2.633,,0.087,0.082,0.081
0648-165,59975.5,2023-01-31,fm3031,2.65,2.818,2.746,2.588,0.085,0.088,0.083,0.078
0648-165,60078.4,2023-05-14,fm3134,,,2.683,2.474,,,0.082,0.075
0648-165,60092.4,2023-05-28,fm3148,2.732,,2.765,2.573,0.136,,0.089,0.078
0648-165,60140.3,2023-07-15,fm3195,2.697,2.827,2.778,2.604,0.094,0.088,0.086,0.079
0648-165,60238.0,2023-10-20,fm3293,2.937,2.819,2.72,2.406,0.101,0.093,0.082,0.074
0648-165,60243.9,2023-10-26,vo3299,,3.035,2.901,2.663,,0.094,0.087,0.082
0648-165,60251.0,2023-11-02,fm3306,,2.846,2.756,2.555,,0.086,0.083,0.078
0648-165,60320.8,2024-01-11,fm4011,,2.704,2.574,2.283,,0.093,0.078,0.069
0648-165,60359.6,2024-02-19,fm4050,2.691,2.679,2.541,2.282,0.086,0.085,0.077,0.069
0648-165,60383.6,2024-03-14,fm4074,2.341,2.568,2.507,2.27,0.078,0.08,0.076,0.069
0648-165,60417.4,2024-04-17,vo4108,,2.507,2.531,2.218,,0.091,0.079,0.068
0648-165,60424.5,2024-04-24,vo4115,,2.675,2.542,2.258,,0.082,0.077,0.068
0648-165,60437.4,2024-05-07,fm4128,2.726,2.625,2.563,2.246,0.106,0.085,0.077,0.068
0648-165,60459.0,2024-05-29,vo4150,,2.66,2.575,2.326,,0.082,0.08,0.072
0648-165,60558.0,2024-09-05,vo4248,,2.737,2.489,2.265,,0.112,0.075,0.069
0648-165,60579.0,2024-09-25,vo4269,,2.732,2.56,2.37,,0.087,0.079,0.073
0648-165,60620.9,2024-11-06,vo4311,2.615,2.555,2.383,2.208,0.091,0.081,0.078,0.068
0648-165,60621.9,2024-11-07,fm4312,2.635,2.604,2.428,2.219,0.092,0.083,0.083,0.067
0648-165,60649.9,2024-12-05,fm4340,,2.197,2.147,1.934,,0.07,0.069,0.066
0648-165,60650.8,2024-12-06,fm4341,,2.617,2.438,2.154,,0.081,0.073,0.066
0648-165,60655.8,2024-12-11,vo4346,,2.616,2.707,2.255,,0.082,0.084,0.069
0648-165,60696.5,2025-01-21,vo5022,,2.51,2.393,2.161,,0.084,0.073,0.067
0648-165,60702.7,2025-01-27,fm5027,2.695,2.673,2.5,2.264,0.088,0.085,0.075,0.069
0648-165,60704.7,2025-01-29,vo5029,,2.584,2.481,2.112,,0.079,0.076,0.064
0648-165,60718.6,2025-02-12,vo5043,,2.574,2.397,2.093,,0.08,0.073,0.064
0648-165,60727.6,2025-02-21,fm5052,2.726,2.567,2.446,2.158,0.085,0.079,0.074,0.066
0648-165,60728.3,2025-02-22,fm5053,2.77,2.52,2.404,2.119,0.086,0.078,0.072,0.066
0648-165,60762.3,2025-03-28,fm5087,,2.548,2.399,2.082,,0.081,0.072,0.063
0648-165,60774.4,2025-04-09,vo5099,,2.413,2.233,1.939,,0.076,0.07,0.061
0648-165,60789.5,2025-04-24,fm5114,,2.532,2.305,1.989,,0.077,0.07,0.061
0648-165,60809.3,2025-05-14,vo5134,,2.257,2.205,1.866,,0.091,0.068,0.058
0648-165,60814.4,2025-05-19,fm5139,,2.551,2.254,1.935,,0.095,0.069,0.059
0648-165,60851.3,2025-06-25,vo5176,2.59,2.412,,1.887,0.089,0.076,,0.058
0648-165,60858.0,2025-07-01,fm5183,,2.373,2.18,1.917,,0.079,0.067,0.06
0648-165,60872.0,2025-07-15,fm5197,2.415,2.291,,1.784,0.092,0.074,,0.055
0648-165,60907.1,2025-08-20,vo5232,,2.105,2.171,1.874,,0.08,0.069,0.058
0648-165,60956.0,2025-10-08,vo5281,,2.268,2.121,1.724,,0.073,0.066,0.054
0648-165,60976.9,2025-10-28,vo5302,,2.205,2.056,1.721,,0.071,0.064,0.054
0648-165,60982.0,2025-11-02,fm5306,2.43,2.229,2.029,1.679,0.088,0.068,0.062,0.051
0648-165,61006.9,2025-11-27,fm5331,2.587,2.275,2.039,1.693,0.087,0.073,0.063,0.052
0648-165,61027.9,2025-12-18,fm5352,2.307,2.111,1.902,1.602,0.073,0.073,0.059,0.05
0648-165,61054.7,2026-01-14,vo6014,,2.138,1.878,1.539,,0.079,0.065,0.056
0648-165,61069.7,2026-01-29,fm6029,2.379,2.12,1.901,1.568,0.081,0.069,0.058,0.048
0648-165,61089.6,2026-02-18,vo6049,,2.011,1.814,1.524,,0.075,0.059,0.049
0648-165,61094.3,2026-02-23,fm6054,2.413,2.047,1.848,1.556,0.079,0.063,0.057,0.049
0648-165,61106.6,2026-03-07,fm6066,,2.118,1.896,1.531,,0.067,0.058,0.047
0648-165,61131.5,2026-04-01,vo6091,,2.01,1.78,1.469,,0.072,0.06,0.047
0648-165,61132.5,2026-04-02,fm6092,2.328,2.022,1.831,1.525,0.076,0.062,0.056,0.047
0648-165,61160.5,2026-04-30,fm6120,2.147,1.998,1.814,1.451,0.078,0.062,0.056,0.045
0648-165,61188.4,2026-05-28,fm6148,,1.955,1.767,1.434,,0.069,0.054,0.044
0648-165,61202.3,2026-06-11,vo6162,,1.915,1.702,1.411,,0.065,0.059,0.046
0648-165,61227.3,2026-07-06,fm6186,,1.936,1.738,1.401,,0.07,0.053,0.043
0648-165,61236.2,2026-07-15,vo6196,,,1.701,1.392,,,0.056,0.044
0648-165,61255.2,2026-08-03,fm6214,,1.95,1.727,1.413,,0.067,0.053,0.043
0648-165,61290.1,2026-09-07,fm6249,,1.887,1.709,1.36,,0.058,0.055,0.043
0650+371,61235.9,2026-07-14,vo6196,,,,0.427,,,,0.022
0653-033,61159.4,2026-04-29,vo6119,,,0.958,0.821,,,0.035,0.03
0653-033,61250.1,2026-07-29,vo6210,,1.03,0.892,0.836,,0.048,0.04,0.031
0656+082,60243.9,2023-10-26,vo3299,,0.711,0.684,0.526,,0.028,0.025,0.023
0656+082,60417.1,2024-04-17,vo4108,,0.756,0.708,0.529,,0.026,0.022,0.017
0656+082,60424.0,2024-04-24,vo4115,,0.695,0.669,0.538,,0.022,0.021,0.017
0656+082,60459.0,2024-05-29,vo4150,,0.723,0.678,0.57,,0.026,0.021,0.018
0656+082,60557.8,2024-09-04,vo4248,,,0.682,0.564,,,0.022,0.018
0656+082,60578.8,2024-09-25,vo4269,,0.734,0.71,0.588,,0.023,0.022,0.018
0656+082,60592.7,2024-10-09,vo4283,,0.709,0.696,0.549,,0.024,0.022,0.017
0656+082,60620.6,2024-11-06,vo4311,0.744,0.685,0.7,0.571,0.029,0.025,0.022,0.018
0656+082,60648.6,2024-12-04,vo4339,0.969,0.68,0.678,0.56,0.043,0.023,0.023,0.018
0656+082,60655.6,2024-12-11,vo4346,,0.605,0.751,0.6,,0.029,0.032,0.024
0656+082,60696.5,2025-01-21,vo5022,,0.685,0.658,0.576,,0.025,0.021,0.018
0656+082,60703.5,2025-01-28,vo5029,,0.727,0.695,0.568,,0.023,0.023,0.018
0656+082,60717.5,2025-02-11,vo5043,0.801,0.705,0.696,0.57,0.034,0.022,0.023,0.018
0656+082,60774.2,2025-04-09,vo5099,,0.726,0.698,0.58,,0.026,0.021,0.018
0656+082,60809.1,2025-05-14,vo5134,,0.681,0.666,0.592,,0.024,0.021,0.018
0656+082,60955.5,2025-10-07,vo5281,,0.684,0.678,0.582,,0.022,0.022,0.019
0657+172,59957.6,2023-01-13,fm3013,,0.578,0.593,0.69,,0.02,0.019,0.022
0657+172,59975.6,2023-01-31,fm3031,,0.533,0.564,0.684,,0.02,0.02,0.021
0657+172,60078.3,2023-05-14,fm3134,,0.604,0.591,0.747,,0.023,0.018,0.023
0657+172,60092.3,2023-05-28,fm3148,,,0.586,0.792,,,0.02,0.025
0657+172,60126.5,2023-07-01,fm3182,,,0.64,0.856,,,0.024,0.027
0657+172,60140.0,2023-07-15,fm3195,,0.608,0.66,0.867,,0.022,0.022,0.027
0657+172,60237.8,2023-10-20,fm3293,,0.667,0.808,1.142,,0.021,0.026,0.035
0657+172,60250.7,2023-11-02,fm3306,,0.747,0.893,1.218,,0.026,0.028,0.037
0657+172,60320.5,2024-01-11,fm4011,,0.857,0.954,1.325,,0.035,0.032,0.041
0657+172,60359.4,2024-02-19,fm4050,,0.86,0.987,1.299,,0.032,0.035,0.04
0657+172,60383.5,2024-03-14,fm4074,,0.852,1.006,1.334,,0.028,0.033,0.041
0657+172,60437.2,2024-05-07,fm4128,,0.826,0.993,1.31,,0.026,0.032,0.04
0657+172,60464.4,2024-06-03,fm4155,,0.986,1.135,1.425,,0.031,0.036,0.043
0657+172,60621.6,2024-11-07,fm4312,,1.289,1.468,1.683,,0.041,0.053,0.052
0657+172,60649.6,2024-12-05,fm4340,,0.986,1.097,1.257,,0.032,0.035,0.042
0657+172,60650.6,2024-12-06,fm4341,,1.196,1.398,1.709,,0.043,0.049,0.052
0657+172,60702.4,2025-01-27,fm5027,,1.331,1.463,1.631,,0.041,0.044,0.049
0657+172,60727.4,2025-02-21,fm5052,0.986,1.341,1.433,1.477,0.034,0.051,0.046,0.045
0657+172,60728.4,2025-02-22,fm5053,,1.335,1.43,1.499,,0.041,0.043,0.046
0657+172,60762.6,2025-03-28,fm5087,,1.176,1.273,1.34,,0.038,0.038,0.041
0657+172,60789.2,2025-04-24,fm5114,,1.158,1.256,1.306,,0.038,0.038,0.04
0657+172,60814.0,2025-05-19,fm5139,,1.222,1.275,1.287,,0.039,0.038,0.039
0657+172,60858.1,2025-07-02,fm5183,,1.22,1.258,1.272,,0.047,0.039,0.04
0657+172,60872.2,2025-07-16,fm5197,,1.21,,1.204,,0.038,,0.037
0657+172,60906.8,2025-08-19,vo5232,,1.101,1.146,1.157,,0.036,0.035,0.036
0657+172,60939.7,2025-09-21,fm5264,,1.108,1.089,1.044,,0.038,0.033,0.032
0657+172,60976.5,2025-10-28,vo5302,,1.124,1.091,1.007,,0.037,0.034,0.032
0657+172,60981.7,2025-11-02,fm5306,0.994,1.093,1.064,0.969,0.041,0.036,0.032,0.03
0657+172,61005.0,2025-11-26,vo5330,,0.994,0.974,0.902,,0.036,0.031,0.028
0657+172,61006.6,2025-11-27,fm5331,0.964,1.011,0.993,0.905,0.035,0.034,0.031,0.028
0657+172,61025.5,2025-12-16,vo5351,,0.996,0.952,0.848,,0.032,0.03,0.027
0657+172,61027.7,2025-12-18,fm5352,1.102,1.007,0.965,0.844,0.038,0.034,0.031,0.026
0657+172,61053.6,2026-01-13,vo6014,,0.874,0.877,,,0.031,0.03,
0657+172,61069.4,2026-01-29,fm6029,0.865,0.909,0.884,0.763,0.03,0.031,0.027,0.023
0657+172,61089.4,2026-02-18,vo6049,,0.901,0.865,0.754,,0.029,0.028,0.024
0657+172,61094.5,2026-02-23,fm6054,0.84,0.861,0.823,0.724,0.035,0.028,0.025,0.023
0657+172,61095.6,2026-02-24,vo6056,,0.858,0.81,0.707,,0.028,0.027,0.022
0657+172,61106.3,2026-03-07,fm6066,,0.846,0.809,0.719,,0.043,0.025,0.022
0657+172,61130.5,2026-03-31,vo6091,,0.804,0.763,0.66,,0.027,0.025,0.021
0657+172,61132.3,2026-04-02,fm6092,,0.838,0.794,0.706,,0.029,0.026,0.022
0657+172,61160.2,2026-04-30,fm6120,,0.855,0.791,0.663,,0.03,0.026,0.021
0657+172,61188.1,2026-05-28,fm6148,,0.855,0.736,0.648,,0.041,0.025,0.021
0657+172,61202.1,2026-06-11,vo6162,,,0.748,0.641,,,0.027,0.021
0657+172,61227.0,2026-07-05,fm6186,,,0.925,0.591,,,0.033,0.021
0657+172,61236.0,2026-07-14,vo6196,,,0.72,0.616,,,0.024,0.02
0657+172,61254.9,2026-08-02,fm6214,,,0.695,0.605,,,0.024,0.019
0657+172,61289.8,2026-09-06,fm6249,,0.666,0.617,,,0.028,0.023,
0700-197,59957.8,2023-01-13,fm3013,,,1.044,1.085,,,0.034,0.034
0700-197,59976.8,2023-02-01,fm3031,,1.063,1.143,1.189,,0.036,0.035,0.037
0700-197,60078.5,2023-05-14,fm3134,,1.272,1.295,1.408,,0.044,0.041,0.043
0700-197,60092.5,2023-05-28,fm3148,,,1.208,1.336,,,0.039,0.042
0700-197,60140.3,2023-07-15,fm3195,,1.189,1.243,1.379,,0.039,0.041,0.043
0700-197,60728.3,2025-02-22,fm5053,1.361,1.83,1.926,1.97,0.052,0.056,0.058,0.061
0700-197,60762.3,2025-03-28,fm5087,,1.511,1.644,1.831,,0.048,0.051,0.056
0700-197,60872.0,2025-07-15,fm5197,,1.352,,1.291,,0.042,,0.04
0700-197,61027.9,2025-12-18,fm5352,0.987,1.209,1.26,1.444,0.038,0.037,0.038,0.045
0700-197,61089.6,2026-02-18,vo6049,,1.207,1.392,1.776,,0.046,0.049,0.06
0700-197,61094.3,2026-02-23,fm6054,,1.296,1.468,1.927,,0.047,0.048,0.06
0700-197,61096.6,2026-02-25,vo6056,,1.47,1.68,1.964,,0.052,0.068,0.063
0700-197,61131.5,2026-04-01,vo6091,,1.446,1.559,1.78,,0.054,0.054,0.059
0700-197,61202.4,2026-06-11,vo6162,,1.484,1.529,1.718,,0.063,0.052,0.058
0716+714,59957.6,2023-01-13,fm3013,,0.754,0.752,0.724,,0.024,0.023,0.023
0716+714,59975.6,2023-01-31,fm3031,0.852,0.758,0.74,0.717,0.04,0.025,0.023,0.022
0716+714,60078.2,2023-05-14,fm3134,,,0.854,0.87,,,0.027,0.027
0716+714,60092.2,2023-05-28,fm3148,,,0.884,0.884,,,0.028,0.027
0716+714,60127.0,2023-07-02,fm3182,,0.867,0.84,0.834,,0.028,0.027,0.027
0716+714,60139.5,2023-07-14,fm3195,,0.828,0.823,0.805,,0.026,0.025,0.025
0716+714,60237.3,2023-10-20,fm3293,,0.794,0.768,0.757,,0.025,0.024,0.024
0716+714,60243.3,2023-10-26,vo3299,,0.89,0.856,0.851,,0.028,0.026,0.026
0716+714,60250.3,2023-11-02,fm3306,,0.852,0.869,0.867,,0.029,0.027,0.027
0716+714,60320.4,2024-01-11,fm4011,,1.154,1.171,1.249,,0.037,0.036,0.038
0716+714,60359.3,2024-02-19,fm4050,,1.159,1.192,1.289,,0.038,0.037,0.039
0716+714,60383.4,2024-03-14,fm4074,,0.983,1.081,1.177,,0.032,0.034,0.036
0716+714,60424.0,2024-04-24,vo4115,,1.569,1.601,1.654,,0.049,0.049,0.05
0716+714,60437.1,2024-05-07,fm4128,,1.341,1.379,1.41,,0.052,0.044,0.043
0716+714,60464.5,2024-06-03,fm4155,,1.162,1.171,1.131,,0.041,0.036,0.035
0716+714,60592.0,2024-10-09,vo4283,,1.658,1.725,1.741,,0.059,0.052,0.053
0716+714,60620.1,2024-11-06,vo4311,,1.645,1.638,1.651,,0.058,0.049,0.05
0716+714,60621.3,2024-11-07,fm4312,1.59,1.596,1.618,1.611,0.068,0.051,0.055,0.049
0716+714,60648.1,2024-12-04,vo4339,,1.631,1.631,1.672,,0.057,0.052,0.051
0716+714,60649.2,2024-12-05,fm4340,,1.628,1.655,1.697,,0.052,0.053,0.057
0716+714,60650.4,2024-12-06,fm4341,,1.594,1.577,1.589,,0.054,0.048,0.049
0716+714,60655.1,2024-12-11,vo4346,,1.597,1.802,1.701,,0.049,0.056,0.052
0716+714,60696.5,2025-01-21,vo5022,,1.327,1.319,1.273,,0.044,0.041,0.04
0716+714,60702.1,2025-01-27,fm5027,,1.227,1.249,1.221,,0.039,0.038,0.037
0716+714,60703.6,2025-01-28,vo5029,,1.286,1.242,1.236,,0.043,0.039,0.039
0716+714,60717.7,2025-02-11,vo5043,,1.282,1.311,1.234,,0.04,0.042,0.038
0716+714,60727.2,2025-02-21,fm5052,,1.162,1.203,1.123,,0.04,0.037,0.036
0716+714,60728.4,2025-02-22,fm5053,,1.192,1.168,,,0.036,0.035,
0716+714,60762.4,2025-03-28,fm5087,,1.236,1.25,1.266,,0.041,0.039,0.038
0716+714,60789.0,2025-04-24,fm5114,,1.254,1.27,1.267,,0.038,0.041,0.039
0716+714,60808.6,2025-05-13,vo5134,,1.337,1.369,1.427,,0.044,0.042,0.043
0716+714,60814.0,2025-05-19,fm5139,,1.346,1.406,1.428,,0.041,0.043,0.043
0716+714,60858.1,2025-07-02,fm5183,,1.341,1.319,1.327,,0.043,0.042,0.042
0716+714,60872.1,2025-07-16,fm5197,,1.206,,1.132,,0.042,,0.035
0716+714,60906.6,2025-08-19,vo5232,,,1.078,1.009,,,0.037,0.032
0716+714,60939.2,2025-09-21,fm5264,,0.981,0.959,0.986,,0.043,0.03,0.031
0716+714,60955.6,2025-10-07,vo5281,,1.115,1.156,1.207,,0.035,0.038,0.037
0716+714,60981.3,2025-11-02,fm5306,,1.094,1.113,1.126,,0.033,0.034,0.035
0716+714,61006.0,2025-11-26,fm5331,,1.146,1.126,1.108,,0.04,0.035,0.035
0716+714,61025.6,2025-12-16,vo5351,,0.878,0.868,0.826,,0.03,0.029,0.026
0716+714,61027.1,2025-12-18,fm5352,,0.897,0.88,0.829,,0.031,0.027,0.026
0716+714,61053.8,2026-01-13,vo6014,,,0.773,,,,0.034,
0716+714,61068.8,2026-01-28,fm6029,,0.744,0.779,0.733,,0.025,0.024,0.024
0716+714,61089.1,2026-02-18,vo6049,,,0.754,0.802,,,0.029,0.027
0716+714,61094.4,2026-02-23,fm6054,,0.736,0.737,0.73,,0.029,0.023,0.023
0716+714,61095.7,2026-02-24,vo6056,,,0.719,0.701,,,0.027,0.025
0716+714,61105.8,2026-03-06,fm6066,,0.75,0.736,0.704,,0.026,0.023,0.022
0716+714,61130.6,2026-03-31,vo6091,,,,0.652,,,,0.023
0716+714,61131.8,2026-04-01,fm6092,,0.745,0.722,0.701,,0.023,0.022,0.022
0716+714,61158.5,2026-04-28,vo6119,,,0.653,,,,0.032,
0716+714,61159.8,2026-04-29,fm6120,,0.696,0.679,0.633,,0.024,0.021,0.021
0716+714,61187.7,2026-05-27,fm6148,,0.675,0.676,0.615,,0.023,0.022,0.02
0716+714,61201.6,2026-06-10,vo6162,,,,0.703,,,,0.025
0716+714,61226.6,2026-07-05,fm6186,,0.977,1.064,1.285,,0.032,0.033,0.039
0716+714,61235.6,2026-07-14,vo6196,,,1.357,1.59,,,0.046,0.05
0716+714,61249.6,2026-07-28,vo6210,,,1.323,1.565,,,0.047,0.049
0716+714,61254.4,2026-08-02,fm6214,,1.272,1.35,1.538,,0.039,0.042,0.047
0716+714,61289.4,2026-09-06,fm6249,,1.104,1.158,1.232,,0.037,0.036,0.039
0718+793,60459.0,2024-05-29,vo4150,,0.839,0.801,0.693,,0.031,0.025,0.021
0718+793,60578.0,2024-09-25,vo4269,,0.843,0.825,0.695,,0.028,0.026,0.022
0718+793,60976.6,2025-10-28,vo5302,,0.859,0.826,0.674,,0.028,0.03,0.021
0723+219,60243.7,2023-10-26,vo3299,,0.747,0.756,0.746,,0.024,0.024,0.023
0723+219,60459.1,2024-05-29,vo4150,,,0.681,0.654,,,0.021,0.021
0723+219,60655.5,2024-12-11,vo4346,,0.615,0.67,0.514,,0.02,0.023,0.02
0723+219,60955.5,2025-10-07,vo5281,,0.55,0.516,0.409,,0.018,0.017,0.013
0723+219,61131.4,2026-04-01,vo6091,,0.497,0.513,0.425,,0.02,0.019,0.015
0723+219,61202.4,2026-06-11,vo6162,,,,0.436,,,,0.016
0727-115,59957.4,2023-01-13,fm3013,,3.731,3.662,3.352,,0.114,0.11,0.105
0727-115,59975.6,2023-01-31,fm3031,3.307,3.54,3.512,3.209,0.112,0.11,0.11,0.098
0727-115,60078.4,2023-05-14,fm3134,,3.801,3.274,2.857,,0.208,0.099,0.097
0727-115,60092.5,2023-05-28,fm3148,,,2.83,2.765,,,0.094,0.101
0727-115,60126.6,2023-07-01,fm3182,3.504,3.133,2.939,,0.118,0.105,0.091,
0727-115,60140.2,2023-07-15,fm3195,3.107,3.159,3.182,2.923,0.111,0.098,0.098,0.09
0727-115,60238.0,2023-10-20,fm3293,2.853,2.959,2.955,2.715,0.1,0.094,0.089,0.083
0727-115,60250.9,2023-11-02,fm3306,3.019,3.169,3.105,2.815,0.107,0.096,0.093,0.085
0727-115,60320.7,2024-01-11,fm4011,,3.045,2.98,2.706,,0.108,0.092,0.083
0727-115,60359.6,2024-02-19,fm4050,3.111,2.939,2.861,2.6,0.109,0.094,0.088,0.079
0727-115,60424.4,2024-04-24,vo4115,,2.745,2.739,2.578,,0.089,0.083,0.078
0727-115,60437.4,2024-05-07,fm4128,2.91,2.817,2.805,2.549,0.125,0.092,0.085,0.077
0727-115,60459.1,2024-05-29,vo4150,,2.934,2.824,2.575,,0.091,0.086,0.079
0727-115,60464.3,2024-06-03,fm4155,2.115,2.499,2.656,2.309,0.074,0.079,0.08,0.07
0727-115,60558.0,2024-09-04,vo4248,,2.544,2.388,2.117,,0.097,0.073,0.065
0727-115,60579.0,2024-09-25,vo4269,2.614,2.615,2.532,2.287,0.081,0.085,0.077,0.071
0727-115,60592.9,2024-10-09,vo4283,,2.404,2.329,2.03,,0.076,0.072,0.063
0727-115,60620.8,2024-11-06,vo4311,2.532,2.432,2.367,2.067,0.078,0.083,0.072,0.063
0727-115,60621.9,2024-11-07,fm4312,2.517,2.425,2.354,1.999,0.097,0.08,0.076,0.061
0727-115,60648.8,2024-12-04,vo4339,,2.395,2.299,1.982,,0.081,0.073,0.061
0727-115,60649.8,2024-12-05,fm4340,,2.545,2.403,2.027,,0.085,0.077,0.069
0727-115,60650.8,2024-12-06,fm4341,,2.281,2.18,1.899,,0.073,0.066,0.058
0727-115,60655.8,2024-12-11,vo4346,,2.411,2.534,2.057,,0.079,0.078,0.063
0727-115,60696.5,2025-01-21,vo5022,,2.13,2.06,1.79,,0.067,0.064,0.056
0727-115,60702.7,2025-01-27,fm5027,2.401,2.338,2.24,1.947,0.077,0.076,0.068,0.059
0727-115,60703.5,2025-01-28,vo5029,,2.19,2.074,1.808,,0.069,0.063,0.055
0727-115,60717.5,2025-02-11,vo5043,1.973,2.193,2.099,1.761,0.088,0.07,0.066,0.056
0727-115,60727.6,2025-02-21,fm5052,2.272,2.105,2.073,1.847,0.07,0.066,0.063,0.057
0727-115,60728.2,2025-02-22,fm5053,2.232,2.054,1.986,1.794,0.069,0.066,0.06,0.056
0727-115,60762.3,2025-03-28,fm5087,,2.083,2.016,1.786,,0.063,0.061,0.054
0727-115,60774.4,2025-04-09,vo5099,,2.051,1.988,1.743,,0.065,0.061,0.054
0727-115,60789.4,2025-04-24,fm5114,,2.116,2.007,1.782,,0.069,0.061,0.054
0727-115,60809.3,2025-05-14,vo5134,,2.061,1.968,1.737,,0.065,0.06,0.053
0727-115,60814.4,2025-05-19,fm5139,,2.7,2.095,1.829,,0.097,0.065,0.056
0727-115,60858.0,2025-07-01,fm5183,,1.994,1.948,1.794,,0.061,0.059,0.057
0727-115,60872.0,2025-07-15,fm5197,2.252,1.998,,1.716,0.095,0.069,,0.053
0727-115,60907.1,2025-08-20,vo5232,,2.011,1.994,1.871,,0.066,0.061,0.057
0727-115,60956.0,2025-10-07,vo5281,,2.111,2.036,1.849,,0.064,0.062,0.056
0727-115,60977.0,2025-10-29,vo5302,,2.134,2.089,2.029,,0.068,0.064,0.062
0727-115,60981.9,2025-11-02,fm5306,2.066,2.099,2.077,1.941,0.071,0.064,0.063,0.059
0727-115,61006.0,2025-11-26,vo5330,,2.094,2.091,1.978,,0.075,0.073,0.069
0727-115,61006.8,2025-11-27,fm5331,2.342,2.113,2.058,1.945,0.083,0.068,0.062,0.06
0727-115,61025.5,2025-12-16,vo5351,,2.151,2.148,2.055,,0.066,0.065,0.062
0727-115,61027.9,2025-12-18,fm5352,2.21,2.177,2.145,2.037,0.077,0.073,0.065,0.062
0727-115,61053.6,2026-01-13,vo6014,,2.106,2.102,,,0.082,0.067,
0727-115,61069.7,2026-01-29,fm6029,,2.247,2.231,2.095,,0.071,0.067,0.063
0727-115,61089.6,2026-02-18,vo6049,,2.157,2.15,2.055,,0.073,0.067,0.064
0727-115,61094.3,2026-02-23,fm6054,2.444,2.345,2.266,2.16,0.08,0.072,0.069,0.066
0727-115,61095.5,2026-02-24,vo6056,,2.291,2.199,2.087,,0.078,0.068,0.067
0727-115,61106.6,2026-03-07,fm6066,2.698,2.296,2.304,2.176,0.089,0.08,0.07,0.066
0727-115,61131.4,2026-04-01,vo6091,,2.313,2.196,2.076,,0.073,0.068,0.064
0727-115,61132.5,2026-04-02,fm6092,2.559,2.302,2.28,2.151,0.083,0.081,0.069,0.066
0727-115,61159.4,2026-04-29,vo6119,,2.534,2.389,2.275,,0.1,0.075,0.071
0727-115,61160.4,2026-04-30,fm6120,2.544,2.488,2.467,2.284,0.091,0.085,0.074,0.07
0727-115,61188.4,2026-05-28,fm6148,,2.424,2.363,2.16,,0.085,0.071,0.066
0727-115,61202.2,2026-06-11,vo6162,,2.265,2.255,2.257,,0.083,0.073,0.07
0727-115,61227.2,2026-07-06,fm6186,,2.366,2.329,2.226,,0.079,0.071,0.068
0727-115,61236.1,2026-07-15,vo6196,,,2.367,2.265,,,0.073,0.07
0727-115,61250.2,2026-07-29,vo6210,,,2.341,2.249,,,0.076,0.073
0727-115,61255.2,2026-08-03,fm6214,,2.314,2.309,2.194,,0.07,0.07,0.067
0727-115,61290.1,2026-09-07,fm6249,2.107,2.318,2.367,2.308,0.076,0.07,0.072,0.072
0736+017,59957.5,2023-01-13,fm3013,,1.283,1.388,1.567,,0.044,0.045,0.051
0736+017,59975.6,2023-01-31,fm3031,,1.35,1.413,1.375,,0.049,0.043,0.042
0736+017,60078.4,2023-05-14,fm3134,,1.121,1.155,1.156,,0.037,0.035,0.035
0736+017,60092.3,2023-05-28,fm3148,,,1.072,1.009,,,0.034,0.031
0736+017,60126.5,2023-07-01,fm3182,,0.913,0.878,0.948,,0.029,0.029,0.031
0736+017,60140.2,2023-07-15,fm3195,,0.911,0.925,0.995,,0.03,0.031,0.031
0736+017,60237.9,2023-10-20,fm3293,0.993,1.008,1.056,1.176,0.034,0.032,0.033,0.037
0736+017,60244.0,2023-10-27,vo3299,,1.029,1.079,1.344,,0.032,0.033,0.041
0736+017,60250.8,2023-11-02,fm3306,,1.031,1.109,1.372,,0.035,0.037,0.042
0736+017,60320.6,2024-01-11,fm4011,,1.223,1.357,1.775,,0.044,0.042,0.057
0736+017,60359.5,2024-02-19,fm4050,1.304,1.519,1.61,1.737,0.047,0.052,0.053,0.053
0736+017,60383.7,2024-03-14,fm4074,1.063,1.204,1.254,1.325,0.044,0.039,0.039,0.041
0736+017,60417.4,2024-04-17,vo4108,,1.176,1.116,1.1,,0.039,0.034,0.033
0736+017,60437.5,2024-05-07,fm4128,,0.996,1.032,1.047,,0.032,0.032,0.033
0736+017,60459.1,2024-05-29,vo4150,,0.909,0.949,1.064,,0.03,0.033,0.033
0736+017,60464.4,2024-06-03,fm4155,,0.877,0.974,1.024,,0.036,0.03,0.032
0736+017,60557.0,2024-09-04,vo4248,,,0.932,0.959,,,0.031,0.03
0736+017,60578.8,2024-09-25,vo4269,,0.922,0.936,0.964,,0.03,0.03,0.03
0736+017,60592.8,2024-10-09,vo4283,,0.861,0.848,0.837,,0.027,0.027,0.026
0736+017,60621.9,2024-11-07,fm4312,,0.791,0.782,0.754,,0.026,0.025,0.025
0736+017,60649.7,2024-12-05,fm4340,,0.728,0.77,0.791,,0.024,0.025,0.028
0736+017,60650.7,2024-12-06,fm4341,,0.712,0.712,0.705,,0.022,0.026,0.024
0736+017,60655.6,2024-12-11,vo4346,,0.725,0.791,0.756,,0.024,0.026,0.024
0736+017,60696.5,2025-01-21,vo5022,,0.726,0.73,0.832,,0.023,0.023,0.026
0736+017,60702.6,2025-01-27,fm5027,,0.69,0.731,0.891,,0.024,0.023,0.028
0736+017,60703.5,2025-01-28,vo5029,,0.723,0.743,0.911,,0.024,0.025,0.028
0736+017,60717.6,2025-02-11,vo5043,,0.687,0.734,0.926,,0.022,0.023,0.028
0736+017,60727.5,2025-02-21,fm5052,0.718,0.755,0.811,1.025,0.026,0.024,0.028,0.032
0736+017,60728.2,2025-02-22,fm5053,0.708,0.671,0.732,0.999,0.028,0.03,0.028,0.033
0736+017,60762.4,2025-03-28,fm5087,,0.717,0.798,1.376,,0.024,0.029,0.043
0736+017,60774.3,2025-04-09,vo5099,,,0.891,1.447,,,0.031,0.044
0736+017,60789.3,2025-04-24,fm5114,,0.85,0.997,1.63,,0.027,0.031,0.05
0736+017,60809.2,2025-05-14,vo5134,,0.933,1.152,1.836,,0.031,0.039,0.056
0736+017,60814.2,2025-05-19,fm5139,,,1.329,1.963,,,0.041,0.06
0736+017,60858.0,2025-07-02,fm5183,,1.576,1.74,2.185,,0.051,0.055,0.068
0736+017,60872.1,2025-07-16,fm5197,,1.704,,2.017,,0.055,,0.061
0736+017,60939.9,2025-09-21,fm5264,,1.713,1.823,2.02,,0.056,0.056,0.062
0736+017,60955.8,2025-10-07,vo5281,,1.649,1.726,1.919,,0.051,0.053,0.058
0736+017,60976.5,2025-10-28,vo5302,,1.714,1.762,1.854,,0.052,0.054,0.056
0736+017,60981.8,2025-11-02,fm5306,1.455,1.614,1.702,1.723,0.048,0.053,0.051,0.053
0736+017,61006.8,2025-11-27,fm5331,1.477,1.691,1.723,1.88,0.05,0.055,0.055,0.059
0736+017,61025.5,2025-12-16,vo5351,1.501,1.639,1.697,1.91,0.054,0.053,0.052,0.058
0736+017,61027.8,2025-12-18,fm5352,,,1.655,1.848,,,0.063,0.057
0736+017,61069.6,2026-01-29,fm6029,1.461,1.611,1.716,1.931,0.054,0.06,0.052,0.058
0736+017,61094.3,2026-02-23,fm6054,1.46,1.576,1.606,1.884,0.051,0.053,0.055,0.057
0736+017,61106.5,2026-03-07,fm6066,1.559,1.657,1.769,2.15,0.059,0.066,0.059,0.065
0736+017,61131.8,2026-04-01,vo6091,,1.777,1.919,2.402,,0.066,0.064,0.075
0736+017,61132.4,2026-04-02,fm6092,,1.792,1.944,2.385,,0.067,0.069,0.073
0736+017,61160.3,2026-04-30,fm6120,1.673,2.03,2.174,2.353,0.072,0.068,0.066,0.074
0736+017,61188.2,2026-05-28,fm6148,,,2.148,2.185,,,0.066,0.066
0736+017,61227.1,2026-07-06,fm6186,,1.729,1.829,2.011,,0.054,0.057,0.061
0736+017,61236.1,2026-07-15,vo6196,,,1.873,2.079,,,0.065,0.067
0736+017,61250.3,2026-07-29,vo6210,,,1.781,2.192,,,0.07,0.075
0736+017,61255.1,2026-08-03,fm6214,,1.687,1.818,2.027,,0.056,0.056,0.062
0736+017,61290.0,2026-09-06,fm6249,,1.708,1.85,2.185,,0.053,0.056,0.068
0738+313,61053.6,2026-01-13,vo6014,,2.82,2.924,3.068,,0.087,0.098,0.098
0738+491,59957.6,2023-01-13,fm3013,,0.736,0.75,0.744,,0.023,0.023,0.023
0738+491,59975.7,2023-01-31,fm3031,0.538,0.651,0.685,0.686,0.022,0.02,0.021,0.022
0738+491,60078.3,2023-05-14,fm3134,,0.707,0.734,0.75,,0.024,0.023,0.023
0738+491,60092.2,2023-05-28,fm3148,,,0.724,0.755,,,0.024,0.024
0738+491,60126.7,2023-07-01,fm3182,,0.669,0.693,0.73,,0.021,0.021,0.024
0738+491,60139.6,2023-07-14,fm3195,,0.675,0.685,0.726,,0.021,0.021,0.023
0738+491,60237.3,2023-10-20,fm3293,,0.615,0.634,0.662,,0.021,0.02,0.022
0738+491,60250.4,2023-11-02,fm3306,,0.591,0.624,0.647,,0.021,0.019,0.021
0738+491,60320.4,2024-01-11,fm4011,,0.583,0.598,0.621,,0.019,0.019,0.019
0738+491,60359.4,2024-02-19,fm4050,,0.561,0.597,0.625,,0.019,0.019,0.02
0738+491,60383.5,2024-03-14,fm4074,,0.603,0.646,0.727,,0.02,0.02,0.023
0738+491,60437.1,2024-05-07,fm4128,,0.604,0.644,0.657,,0.021,0.02,0.021
0738+491,60464.5,2024-06-03,fm4155,,0.617,0.64,0.657,,0.019,0.02,0.021
0738+491,60592.0,2024-10-09,vo4283,,0.652,0.687,0.693,,0.021,0.021,0.021
0738+491,60621.3,2024-11-07,fm4312,,0.631,0.662,0.663,,0.02,0.023,0.021
0738+491,60649.2,2024-12-05,fm4340,,0.69,0.714,0.74,,0.023,0.023,0.026
0738+491,60650.4,2024-12-06,fm4341,,0.666,0.674,0.676,,0.021,0.021,0.021
0738+491,60655.0,2024-12-11,vo4346,,0.657,0.737,0.719,,0.022,0.023,0.022
0738+491,60702.1,2025-01-27,fm5027,,0.779,0.801,0.819,,0.024,0.025,0.026
0738+491,60717.5,2025-02-11,vo5043,,0.721,0.741,0.761,,0.022,0.023,0.023
0738+491,60727.2,2025-02-21,fm5052,,0.717,0.746,0.758,,0.024,0.023,0.024
0738+491,60728.4,2025-02-22,fm5053,,0.73,0.751,0.796,,0.023,0.024,0.026
0738+491,60762.4,2025-03-28,fm5087,,0.718,0.754,0.786,,0.022,0.023,0.024
0738+491,60773.5,2025-04-08,vo5099,,0.759,0.788,0.796,,0.023,0.025,0.024
0738+491,60789.0,2025-04-24,fm5114,,0.78,0.799,0.811,,0.025,0.025,0.025
0738+491,60808.5,2025-05-13,vo5134,,0.735,0.756,0.789,,0.023,0.023,0.024
0738+491,60814.1,2025-05-19,fm5139,,0.76,0.768,0.797,,0.025,0.024,0.025
0738+491,60850.7,2025-06-24,vo5176,,0.749,,0.812,,0.025,,0.025
0738+491,60858.1,2025-07-02,fm5183,,0.716,0.776,0.825,,0.025,0.024,0.027
0738+491,60872.1,2025-07-16,fm5197,,0.753,,0.781,,0.025,,0.025
0738+491,60906.6,2025-08-19,vo5232,,0.691,0.773,0.751,,0.027,0.03,0.024
0738+491,60939.2,2025-09-21,fm5264,,0.686,0.694,0.728,,0.022,0.022,0.023
0738+491,60955.5,2025-10-07,vo5281,,0.698,0.716,0.729,,0.022,0.023,0.022
0738+491,60981.3,2025-11-02,fm5306,,0.704,0.745,0.748,,0.022,0.023,0.023
0738+491,61006.0,2025-11-27,fm5331,,0.789,0.795,0.86,,0.03,0.026,0.027
0738+491,61025.6,2025-12-16,vo5351,,0.727,0.73,0.713,,0.023,0.023,0.022
0738+491,61027.1,2025-12-18,fm5352,,0.741,0.736,0.733,,0.024,0.023,0.023
0738+491,61053.5,2026-01-13,vo6014,,0.689,0.677,,,0.022,0.022,
0738+491,61068.8,2026-01-28,fm6029,,0.731,0.68,0.661,,0.027,0.021,0.022
0738+491,61094.4,2026-02-23,fm6054,,0.637,0.624,0.601,,0.02,0.02,0.019
0738+491,61095.6,2026-02-24,vo6056,,0.628,0.624,0.586,,0.021,0.02,0.019
0738+491,61105.8,2026-03-06,fm6066,,0.616,0.633,0.61,,0.021,0.02,0.019
0738+491,61130.5,2026-03-31,vo6091,,0.621,0.615,0.579,,0.021,0.02,0.018
0738+491,61131.8,2026-04-01,fm6092,,0.617,0.632,0.604,,0.019,0.019,0.019
0738+491,61159.7,2026-04-29,fm6120,,0.607,0.603,0.575,,0.021,0.019,0.019
0738+491,61187.8,2026-05-27,fm6148,,0.544,0.542,0.548,,0.018,0.017,0.017
0738+491,61226.5,2026-07-05,fm6186,,0.609,0.617,0.606,,0.019,0.019,0.019
0738+491,61254.4,2026-08-02,fm6214,,0.635,0.631,0.64,,0.021,0.019,0.02
0738+491,61289.4,2026-09-06,fm6249,,0.58,0.578,0.607,,0.019,0.021,0.02
0743+259,59957.6,2023-01-13,fm3013,,0.247,,,,0.01,,
0743+259,59975.6,2023-01-31,fm3031,,0.227,0.198,,,0.009,0.009,
0743+259,60078.3,2023-05-14,fm3134,,,0.217,0.22,,,0.009,0.01
0743+259,60092.3,2023-05-28,fm3148,,,0.206,0.232,,,0.009,0.009
0743+259,60126.2,2023-07-01,fm3182,,0.239,0.225,0.242,,0.01,0.009,0.01
0743+259,60237.7,2023-10-20,fm3293,,,0.233,0.29,,,0.01,0.012
0743+259,60250.7,2023-11-02,fm3306,,0.274,0.285,0.33,,0.011,0.011,0.013
0743+259,60320.5,2024-01-11,fm4011,,0.276,0.288,0.374,,0.011,0.01,0.013
0743+259,60359.4,2024-02-19,fm4050,,0.286,0.309,0.38,,0.011,0.011,0.014
0743+259,60383.5,2024-03-14,fm4074,,0.304,0.32,0.378,,0.014,0.011,0.014
0743+259,60437.2,2024-05-07,fm4128,,,0.355,0.36,,,0.012,0.012
0743+259,60464.4,2024-06-03,fm4155,,0.331,0.359,0.377,,0.014,0.012,0.013
0743+259,60621.6,2024-11-07,fm4312,,0.376,0.387,0.372,,0.012,0.013,0.012
0743+259,60649.5,2024-12-05,fm4340,,0.314,0.33,0.291,,0.011,0.011,0.012
0743+259,60650.5,2024-12-06,fm4341,,0.371,0.379,0.348,,0.012,0.012,0.012
0743+259,60702.4,2025-01-27,fm5027,,0.381,0.376,0.303,,0.013,0.012,0.01
0743+259,60727.4,2025-02-21,fm5052,,0.364,0.352,,,0.012,0.011,
0743+259,60728.5,2025-02-22,fm5053,0.387,0.375,0.355,0.284,0.017,0.014,0.012,0.012
0743+259,60762.5,2025-03-28,fm5087,,0.354,0.336,0.244,,0.012,0.011,0.008
0743+259,60789.2,2025-04-24,fm5114,,0.333,0.303,0.227,,0.012,0.01,0.008
0743+259,60814.0,2025-05-19,fm5139,,0.324,0.292,0.217,,0.012,0.01,0.008
0743+259,60858.1,2025-07-02,fm5183,,0.314,0.292,0.237,,0.011,0.01,0.009
0743+259,60872.1,2025-07-16,fm5197,,,,0.223,,,,0.009
0743+259,60981.6,2025-11-02,fm5306,,0.29,0.288,0.24,,0.01,0.011,0.008
0743+259,61006.5,2025-11-27,fm5331,,0.295,0.256,0.236,,0.011,0.009,0.009
0743+259,61027.8,2025-12-18,fm5352,,0.294,0.269,0.238,,0.01,0.01,0.009
0743+259,61069.4,2026-01-29,fm6029,,0.279,0.261,0.232,,0.01,0.009,0.008
0743+259,61106.3,2026-03-07,fm6066,,0.288,0.278,0.275,,0.012,0.01,0.009
0743+259,61132.2,2026-04-02,fm6092,,0.29,0.284,0.283,,0.01,0.009,0.01
0743+259,61160.1,2026-04-30,fm6120,,0.297,0.275,0.26,,0.011,0.009,0.01
0743+259,61188.1,2026-05-28,fm6148,,0.315,0.271,0.238,,0.012,0.01,0.008
0743+259,61226.9,2026-07-05,fm6186,,0.261,0.268,0.221,,0.01,0.009,0.008
0743+259,61254.9,2026-08-02,fm6214,,0.27,0.249,0.207,,0.01,0.009,0.008
0743+259,61289.8,2026-09-06,fm6249,,0.261,0.226,,,0.01,0.009,
0743+277,59957.6,2023-01-13,fm3013,,0.486,0.505,0.566,,0.016,0.016,0.018
0743+277,59975.6,2023-01-31,fm3031,,0.47,0.509,0.565,,0.016,0.022,0.018
0743+277,60078.3,2023-05-14,fm3134,,,0.454,0.462,,,0.014,0.015
0743+277,60092.2,2023-05-28,fm3148,,,0.43,0.452,,,0.014,0.015
0743+277,60126.5,2023-07-01,fm3182,,0.399,0.418,0.434,,0.014,0.014,0.017
0743+277,60140.0,2023-07-14,fm3195,,,,0.455,,,,0.016
0743+277,60237.2,2023-10-20,fm3293,,0.432,0.451,0.463,,0.015,0.015,0.016
0743+277,60250.7,2023-11-02,fm3306,,0.447,0.454,0.474,,0.016,0.016,0.016
0743+277,60320.4,2024-01-11,fm4011,,,0.447,0.473,,,0.015,0.016
0743+277,60359.4,2024-02-19,fm4050,,0.449,0.472,0.48,,0.015,0.015,0.016
0743+277,60383.5,2024-03-14,fm4074,,0.423,0.457,0.493,,0.015,0.015,0.016
0743+277,60437.1,2024-05-07,fm4128,,0.452,0.45,0.485,,0.016,0.014,0.016
0743+277,60464.4,2024-06-03,fm4155,,,0.395,0.41,,,0.015,0.014
0743+277,60621.6,2024-11-07,fm4312,,0.448,0.46,0.488,,0.014,0.016,0.015
0743+277,60649.5,2024-12-05,fm4340,,0.408,0.444,0.472,,0.016,0.015,0.017
0743+277,60650.4,2024-12-06,fm4341,,0.436,0.459,0.48,,0.015,0.014,0.015
0743+277,60702.4,2025-01-27,fm5027,,0.461,0.479,0.517,,0.015,0.015,0.016
0743+277,60727.4,2025-02-21,fm5052,,0.441,0.476,0.486,,0.016,0.015,0.016
0743+277,60728.5,2025-02-22,fm5053,,0.437,0.472,0.499,,0.015,0.015,0.017
0743+277,60762.5,2025-03-28,fm5087,,0.421,0.438,0.487,,0.014,0.014,0.015
0743+277,60789.2,2025-04-24,fm5114,,0.437,0.465,0.502,,0.014,0.015,0.016
0743+277,60814.2,2025-05-19,fm5139,,0.433,0.467,0.52,,0.016,0.015,0.017
0743+277,60858.2,2025-07-02,fm5183,,0.451,0.491,0.592,,0.015,0.016,0.019
0743+277,60872.1,2025-07-16,fm5197,,,,0.582,,,,0.018
0743+277,60939.7,2025-09-21,fm5264,,0.453,0.506,0.582,,0.016,0.017,0.018
0743+277,60981.6,2025-11-02,fm5306,,0.516,0.576,0.642,,0.017,0.018,0.02
0743+277,61006.0,2025-11-27,fm5331,,0.528,0.581,0.648,,0.017,0.018,0.02
0743+277,61027.7,2025-12-18,fm5352,,0.529,0.571,0.613,,0.018,0.018,0.019
0743+277,61069.4,2026-01-29,fm6029,0.416,0.529,0.569,0.612,0.018,0.016,0.018,0.019
0743+277,61106.2,2026-03-07,fm6066,,0.506,0.552,0.598,,0.017,0.018,0.019
0743+277,61132.2,2026-04-02,fm6092,,0.483,0.519,0.574,,0.016,0.016,0.018
0743+277,61160.1,2026-04-30,fm6120,,0.512,0.54,0.575,,0.016,0.017,0.018
0743+277,61188.0,2026-05-28,fm6148,,0.481,0.508,0.561,,0.016,0.016,0.017
0743+277,61226.9,2026-07-05,fm6186,,0.499,0.523,0.58,,0.016,0.017,0.018
0743+277,61254.8,2026-08-02,fm6214,,0.505,0.529,0.57,,0.016,0.016,0.018
0743+277,61289.8,2026-09-06,fm6249,,0.475,0.51,,,0.015,0.016,
0743-006,60078.5,2023-05-14,fm3134,,,1.581,1.439,,,0.048,0.044
0743-006,60092.3,2023-05-28,fm3148,,,1.577,1.462,,,0.05,0.045
0743-006,60126.6,2023-07-01,fm3182,,1.589,1.572,1.438,,0.057,0.049,0.045
0743-006,60140.2,2023-07-15,fm3195,,1.61,1.602,1.499,,0.057,0.049,0.046
0743-006,60237.9,2023-10-20,fm3293,,1.618,1.599,1.493,,0.056,0.048,0.046
0743-006,60250.8,2023-11-02,fm3306,1.556,1.614,1.591,1.501,0.06,0.05,0.048,0.046
0743-006,60320.6,2024-01-11,fm4011,,1.67,1.588,1.511,,0.071,0.048,0.046
0743-006,60359.5,2024-02-19,fm4050,1.578,1.635,1.618,1.52,0.051,0.054,0.049,0.046
0743-006,60383.6,2024-03-14,fm4074,1.405,1.605,1.638,1.584,0.049,0.05,0.05,0.049
0743-006,60437.5,2024-05-07,fm4128,,1.682,1.676,1.581,,0.053,0.051,0.049
0743-006,60464.3,2024-06-03,fm4155,,1.62,1.64,1.507,,0.074,0.05,0.048
0743-006,60621.9,2024-11-07,fm4312,1.499,1.672,1.704,1.542,0.052,0.053,0.06,0.047
0743-006,60649.7,2024-12-05,fm4340,,1.605,1.655,1.425,,0.051,0.053,0.05
0743-006,60650.7,2024-12-06,fm4341,,1.58,1.67,1.594,,0.058,0.053,0.049
0743-006,60702.6,2025-01-27,fm5027,1.597,1.712,1.743,1.61,0.051,0.066,0.053,0.049
0743-006,60727.5,2025-02-21,fm5052,1.437,1.686,1.71,1.598,0.053,0.054,0.052,0.049
0743-006,60728.3,2025-02-22,fm5053,,1.696,1.725,1.566,,0.052,0.053,0.049
0743-006,60762.4,2025-03-28,fm5087,,1.688,1.686,1.557,,0.051,0.051,0.048
0743-006,60789.4,2025-04-24,fm5114,,1.701,1.72,1.59,,0.078,0.052,0.048
0743-006,60814.3,2025-05-19,fm5139,,,1.723,1.592,,,0.052,0.049
0743-006,60858.0,2025-07-01,fm5183,,1.708,1.725,1.626,,0.059,0.052,0.051
0743-006,60872.0,2025-07-16,fm5197,,1.552,,1.382,,0.048,,0.044
0743-006,60981.8,2025-11-02,fm5306,,1.695,1.707,1.536,,0.052,0.052,0.047
0743-006,61006.8,2025-11-27,fm5331,1.597,1.71,1.719,1.555,0.053,0.068,0.052,0.048
0743-006,61027.8,2025-12-18,fm5352,,1.71,1.65,1.484,,0.054,0.051,0.045
0743-006,61069.6,2026-01-29,fm6029,,1.679,1.678,1.48,,0.057,0.051,0.045
0743-006,61094.3,2026-02-23,fm6054,1.542,1.682,1.674,1.493,0.053,0.055,0.051,0.046
0743-006,61106.5,2026-03-07,fm6066,,1.657,1.681,1.474,,0.059,0.051,0.045
0743-006,61132.4,2026-04-02,fm6092,1.578,1.671,1.701,1.508,0.058,0.058,0.051,0.046
0743-006,61160.4,2026-04-30,fm6120,1.417,1.631,1.636,1.425,0.049,0.053,0.05,0.044
0743-006,61188.3,2026-05-28,fm6148,,1.643,1.619,1.401,,0.057,0.05,0.043
0743-006,61202.4,2026-06-11,vo6162,,1.639,1.533,1.417,,0.064,0.055,0.047
0743-006,61227.2,2026-07-06,fm6186,,1.602,1.592,1.4,,0.056,0.049,0.043
0743-006,61255.1,2026-08-03,fm6214,,1.63,1.595,1.376,,0.052,0.049,0.043
0743-006,61290.0,2026-09-06,fm6249,,1.612,1.602,1.347,,0.051,0.049,0.043
0743-247,61089.9,2026-02-18,vo6049,,,,0.541,,,,0.036
0745+241,61089.7,2026-02-18,vo6049,,0.965,1.02,1.179,,0.033,0.035,0.037
0748+126,59957.5,2023-01-13,fm3013,,1.632,1.594,1.537,,0.053,0.049,0.048
0748+126,59975.6,2023-01-31,fm3031,1.565,1.589,1.546,1.523,0.062,0.051,0.047,0.047
0748+126,60078.4,2023-05-14,fm3134,,,1.624,1.638,,,0.049,0.05
0748+126,60092.4,2023-05-28,fm3148,,,1.65,1.682,,,0.053,0.051
0748+126,60126.4,2023-07-01,fm3182,,1.72,1.73,1.75,,0.056,0.052,0.053
0748+126,60140.1,2023-07-15,fm3195,,,1.707,1.772,,,0.06,0.054
0748+126,60237.8,2023-10-20,fm3293,,1.784,1.83,1.958,,0.058,0.06,0.06
0748+126,60250.8,2023-11-02,fm3306,,1.66,1.762,2.017,,0.059,0.058,0.061
0748+126,60320.6,2024-01-11,fm4011,,1.752,1.828,1.965,,0.057,0.057,0.06
0748+126,60359.5,2024-02-19,fm4050,1.502,1.784,1.858,1.987,0.047,0.055,0.057,0.06
0748+126,60383.6,2024-03-14,fm4074,,1.698,1.824,2.0,,0.057,0.056,0.061
0748+126,60437.5,2024-05-07,fm4128,,1.931,2.023,2.216,,0.066,0.061,0.067
0748+126,60459.0,2024-05-29,vo4150,,1.958,2.028,2.295,,0.062,0.062,0.071
0748+126,60464.4,2024-06-03,fm4155,1.766,1.87,2.002,2.159,0.064,0.058,0.063,0.065
0748+126,60557.0,2024-09-04,vo4248,,,2.038,2.312,,,0.062,0.07
0748+126,60578.1,2024-09-25,vo4269,,1.92,2.0,2.335,,0.058,0.061,0.071
0748+126,60592.8,2024-10-09,vo4283,,1.941,2.047,2.246,,0.063,0.063,0.068
0748+126,60620.8,2024-11-06,vo4311,1.793,2.125,2.245,2.438,0.057,0.074,0.068,0.074
0748+126,60621.8,2024-11-07,fm4312,1.602,2.005,2.086,2.258,0.072,0.065,0.073,0.07
0748+126,60648.6,2024-12-04,vo4339,,2.16,2.281,2.456,,0.074,0.07,0.074
0748+126,60649.7,2024-12-05,fm4340,,1.62,1.829,1.998,,0.063,0.059,0.067
0748+126,60650.7,2024-12-06,fm4341,,1.98,2.132,2.322,,0.073,0.068,0.071
0748+126,60655.6,2024-12-11,vo4346,,2.036,2.361,2.398,,0.062,0.071,0.073
0748+126,60696.5,2025-01-21,vo5022,,2.108,2.198,2.422,,0.064,0.067,0.074
0748+126,60702.5,2025-01-27,fm5027,1.787,2.117,2.249,2.483,0.066,0.069,0.068,0.077
0748+126,60703.6,2025-01-28,vo5029,,2.186,2.246,2.493,,0.066,0.069,0.077
0748+126,60717.6,2025-02-11,vo5043,,2.109,2.241,2.421,,0.064,0.069,0.073
0748+126,60727.4,2025-02-21,fm5052,1.616,2.068,2.254,,0.062,0.07,0.069,
0748+126,60728.3,2025-02-22,fm5053,,2.068,2.243,2.558,,0.072,0.07,0.078
0748+126,60762.4,2025-03-28,fm5087,1.735,2.113,2.255,2.516,0.07,0.064,0.072,0.076
0748+126,60774.3,2025-04-09,vo5099,,2.105,2.258,2.526,,0.068,0.069,0.076
0748+126,60789.3,2025-04-24,fm5114,1.631,2.131,2.27,2.589,0.053,0.075,0.069,0.078
0748+126,60809.2,2025-05-14,vo5134,,2.204,2.355,2.662,,0.073,0.072,0.081
0748+126,60814.2,2025-05-19,fm5139,,,2.47,2.746,,,0.075,0.083
0748+126,60851.1,2025-06-25,vo5176,1.882,2.361,2.501,2.817,0.079,0.072,0.077,0.085
0748+126,60858.0,2025-07-02,fm5183,,2.202,2.413,2.748,,0.077,0.074,0.085
0748+126,60872.1,2025-07-16,fm5197,,2.27,,2.678,,0.07,,0.081
0748+126,60939.9,2025-09-21,fm5264,,2.361,2.473,2.753,,0.079,0.077,0.083
0748+126,60955.5,2025-10-07,vo5281,,2.345,2.467,2.683,,0.071,0.077,0.082
0748+126,60976.5,2025-10-28,vo5302,,2.449,2.627,2.906,,0.079,0.08,0.088
0748+126,60981.8,2025-11-02,fm5306,,2.313,2.51,2.763,,0.073,0.079,0.084
0748+126,61006.7,2025-11-27,fm5331,1.786,2.373,2.477,2.814,0.06,0.08,0.084,0.087
0748+126,61025.5,2025-12-16,vo5351,,2.495,2.586,2.772,,0.08,0.079,0.086
0748+126,61027.8,2025-12-18,fm5352,1.939,,2.456,2.592,0.067,,0.08,0.078
0748+126,61069.5,2026-01-29,fm6029,,2.497,2.629,2.774,,0.085,0.082,0.084
0748+126,61094.3,2026-02-23,fm6054,1.885,2.508,2.636,2.768,0.06,0.079,0.081,0.084
0748+126,61106.4,2026-03-07,fm6066,1.919,2.365,2.52,2.69,0.065,0.083,0.079,0.081
0748+126,61132.4,2026-04-02,fm6092,2.122,2.546,2.671,2.84,0.08,0.078,0.082,0.086
0748+126,61160.3,2026-04-30,fm6120,1.816,2.376,2.52,2.708,0.079,0.078,0.077,0.082
0748+126,61188.2,2026-05-28,fm6148,,2.394,2.629,2.83,,0.086,0.085,0.086
0748+126,61227.1,2026-07-06,fm6186,,2.451,2.539,2.877,,0.079,0.088,0.087
0748+126,61255.0,2026-08-03,fm6214,,2.466,2.616,2.998,,0.077,0.079,0.091
0748+126,61289.9,2026-09-06,fm6249,,2.466,2.637,3.114,,0.076,0.08,0.096
0749+540,59957.6,2023-01-13,fm3013,,0.408,0.407,0.41,,0.015,0.013,0.014
0749+540,59975.7,2023-01-31,fm3031,,0.428,0.431,0.44,,0.014,0.014,0.014
0749+540,60078.2,2023-05-14,fm3134,,,0.366,0.368,,,0.012,0.012
0749+540,60092.2,2023-05-28,fm3148,,,0.357,0.381,,,0.012,0.013
0749+540,60126.2,2023-07-01,fm3182,,0.346,0.369,0.402,,0.012,0.012,0.014
0749+540,60139.6,2023-07-14,fm3195,,0.353,0.38,0.406,,0.013,0.013,0.014
0749+540,60237.3,2023-10-20,fm3293,,0.385,0.4,0.426,,0.014,0.013,0.014
0749+540,60250.4,2023-11-02,fm3306,0.571,0.411,0.402,0.426,0.025,0.014,0.013,0.014
0749+540,60320.5,2024-01-11,fm4011,,0.408,0.415,0.456,,0.014,0.013,0.015
0749+540,60359.4,2024-02-19,fm4050,,0.398,0.423,0.434,,0.013,0.014,0.015
0749+540,60383.5,2024-03-14,fm4074,,0.397,0.404,0.426,,0.014,0.014,0.015
0749+540,60437.1,2024-05-07,fm4128,,0.404,0.363,0.384,,0.016,0.012,0.013
0749+540,60464.4,2024-06-03,fm4155,,0.31,0.338,0.345,,0.012,0.012,0.012
0749+540,60621.4,2024-11-07,fm4312,,0.398,0.401,0.418,,0.013,0.013,0.013
0749+540,60649.2,2024-12-05,fm4340,,0.414,0.434,0.469,,0.016,0.014,0.017
0749+540,60650.4,2024-12-06,fm4341,,0.393,0.406,0.451,,0.013,0.013,0.014
0749+540,60702.2,2025-01-27,fm5027,,0.415,0.415,0.454,,0.015,0.013,0.014
0749+540,60727.3,2025-02-21,fm5052,,0.399,0.41,0.465,,0.013,0.013,0.015
0749+540,60728.5,2025-02-22,fm5053,,0.393,0.415,0.472,,0.013,0.013,0.015
0749+540,60762.6,2025-03-28,fm5087,,0.453,0.472,0.509,,0.015,0.015,0.016
0749+540,60789.0,2025-04-24,fm5114,,0.461,0.444,0.464,,0.015,0.014,0.014
0749+540,60814.2,2025-05-19,fm5139,,0.485,0.49,0.512,,0.016,0.015,0.016
0749+540,60858.2,2025-07-02,fm5183,,0.394,0.442,0.475,,0.014,0.015,0.016
0749+540,60872.2,2025-07-16,fm5197,,0.413,,0.474,,0.017,,0.015
0749+540,60939.3,2025-09-21,fm5264,,0.405,,0.453,,0.014,,0.014
0749+540,60981.3,2025-11-02,fm5306,,0.38,0.429,0.456,,0.012,0.014,0.014
0749+540,61006.1,2025-11-27,fm5331,,0.393,0.406,0.45,,0.013,0.013,0.015
0749+540,61027.4,2025-12-18,fm5352,,0.436,0.421,0.446,,0.016,0.015,0.015
0749+540,61068.9,2026-01-28,fm6029,,0.399,0.411,0.441,,0.013,0.013,0.014
0749+540,61094.6,2026-02-23,fm6054,,0.394,0.404,0.41,,0.013,0.013,0.013
0749+540,61105.8,2026-03-06,fm6066,,0.368,0.379,0.398,,0.013,0.012,0.013
0749+540,61131.8,2026-04-01,fm6092,,0.344,0.345,0.369,,0.012,0.011,0.012
0749+540,61159.8,2026-04-29,fm6120,,0.326,0.339,,,0.012,0.011,
0749+540,61187.8,2026-05-27,fm6148,,0.331,0.328,0.339,,0.012,0.011,0.011
0749+540,61226.5,2026-07-05,fm6186,,0.312,0.321,0.343,,0.011,0.01,0.011
0749+540,61254.4,2026-08-02,fm6214,,0.304,0.318,0.359,,0.011,0.01,0.012
0749+540,61289.5,2026-09-06,fm6249,,0.298,0.326,,,0.011,0.012,
0752-116,61096.9,2026-02-25,vo6056,,1.414,1.425,1.403,,0.05,0.05,0.049
0754+100,61053.6,2026-01-13,vo6014,,1.51,1.535,,,0.05,0.053,
0754+100,61089.8,2026-02-18,vo6049,,1.439,1.387,1.337,,0.05,0.048,0.052
0754+100,61095.6,2026-02-24,vo6056,,1.388,1.435,1.354,,0.048,0.047,0.042
0754+100,61159.5,2026-04-29,vo6119,,1.43,1.406,1.337,,0.056,0.045,0.043
0754+100,61236.4,2026-07-15,vo6196,,,1.186,1.148,,,0.042,0.038
0754+100,61250.1,2026-07-29,vo6210,,,1.249,1.18,,,0.041,0.038
0759+183,59957.6,2023-01-13,fm3013,,0.555,0.552,0.563,,0.018,0.02,0.018
0759+183,59975.6,2023-01-31,fm3031,,0.545,0.523,0.522,,0.02,0.019,0.018
0759+183,60078.4,2023-05-14,fm3134,,,0.571,0.559,,,0.018,0.018
0759+183,60092.3,2023-05-28,fm3148,,,0.555,0.597,,,0.018,0.019
0759+183,60126.4,2023-07-01,fm3182,,0.543,0.561,0.57,,0.019,0.019,0.02
0759+183,60140.1,2023-07-15,fm3195,,,,0.58,,,,0.019
0759+183,60237.8,2023-10-20,fm3293,,0.579,0.581,0.577,,0.02,0.019,0.019
0759+183,60250.7,2023-11-02,fm3306,,0.586,0.614,0.61,,0.019,0.02,0.02
0759+183,60320.6,2024-01-11,fm4011,,0.505,0.56,0.6,,0.019,0.019,0.019
0759+183,60359.5,2024-02-19,fm4050,,0.56,0.571,0.581,,0.018,0.018,0.019
0759+183,60383.6,2024-03-14,fm4074,0.561,0.598,0.609,0.639,0.03,0.019,0.019,0.021
0759+183,60437.6,2024-05-07,fm4128,,0.606,0.612,0.613,,0.026,0.019,0.02
0759+183,60464.4,2024-06-03,fm4155,,0.477,0.549,0.547,,0.016,0.019,0.018
0759+183,60621.7,2024-11-07,fm4312,0.528,0.6,0.605,0.619,0.02,0.02,0.021,0.019
0759+183,60649.6,2024-12-05,fm4340,,0.65,0.641,0.649,,0.024,0.021,0.023
0759+183,60650.7,2024-12-06,fm4341,,0.578,0.595,0.608,,0.018,0.019,0.019
0759+183,60702.5,2025-01-27,fm5027,0.578,0.63,0.626,0.64,0.02,0.021,0.02,0.02
0759+183,60727.4,2025-02-21,fm5052,0.515,0.581,0.635,0.67,0.019,0.023,0.02,0.021
0759+183,60728.4,2025-02-22,fm5053,,0.622,0.691,0.64,,0.023,0.031,0.021
0759+183,60762.5,2025-03-28,fm5087,,0.608,0.639,0.616,,0.019,0.02,0.019
0759+183,60789.2,2025-04-24,fm5114,,0.606,0.61,0.602,,0.02,0.019,0.019
0759+183,60814.1,2025-05-19,fm5139,,0.604,0.612,0.615,,0.022,0.019,0.019
0759+183,60858.1,2025-07-02,fm5183,,0.609,0.625,0.613,,0.023,0.019,0.02
0759+183,60872.1,2025-07-16,fm5197,,,,0.592,,,,0.019
0759+183,60906.8,2025-08-19,vo5232,,0.622,0.617,0.615,,0.02,0.019,0.019
0759+183,60939.9,2025-09-21,fm5264,,0.573,0.581,0.572,,0.019,0.019,0.018
0759+183,60981.7,2025-11-02,fm5306,,0.604,0.605,0.586,,0.022,0.019,0.018
0759+183,61005.0,2025-11-25,vo5330,,0.588,0.583,0.56,,0.019,0.019,0.018
0759+183,61006.6,2025-11-27,fm5331,,0.62,0.624,0.596,,0.021,0.019,0.019
0759+183,61027.8,2025-12-18,fm5352,,0.576,0.561,0.529,,0.018,0.019,0.017
0759+183,61069.5,2026-01-29,fm6029,,0.59,0.58,0.563,,0.018,0.018,0.017
0759+183,61094.5,2026-02-23,fm6054,,0.606,0.583,0.571,,0.019,0.018,0.018
0759+183,61106.4,2026-03-07,fm6066,,0.608,0.603,0.573,,0.02,0.019,0.018
0759+183,61132.3,2026-04-02,fm6092,,0.597,0.611,0.595,,0.021,0.019,0.019
0759+183,61160.2,2026-04-30,fm6120,,0.603,0.58,0.558,,0.021,0.019,0.018
0759+183,61188.1,2026-05-28,fm6148,,0.623,0.628,0.585,,0.02,0.019,0.018
0759+183,61227.0,2026-07-06,fm6186,,0.641,0.631,0.619,,0.021,0.02,0.02
0759+183,61254.9,2026-08-02,fm6214,,0.633,0.623,0.593,,0.021,0.019,0.018
0759+183,61289.9,2026-09-06,fm6249,,0.612,0.626,,,0.019,0.02,
0800+618,59957.7,2023-01-13,fm3013,,0.661,0.616,0.558,,0.023,0.02,0.018
0800+618,59975.6,2023-01-31,fm3031,,0.654,0.617,0.562,,0.021,0.019,0.018
0800+618,60078.2,2023-05-14,fm3134,,0.631,0.578,0.483,,0.024,0.018,0.015
0800+618,60092.2,2023-05-28,fm3148,,,0.556,0.475,,,0.018,0.015
0800+618,60126.3,2023-07-01,fm3182,,0.598,0.562,0.48,,0.021,0.018,0.016
0800+618,60139.5,2023-07-14,fm3195,,0.599,0.566,0.474,,0.02,0.018,0.015
0800+618,60237.3,2023-10-20,fm3293,,0.591,0.551,0.421,,0.02,0.017,0.015
0800+618,60250.4,2023-11-02,fm3306,,0.562,0.539,0.415,,0.019,0.018,0.014
0800+618,60320.5,2024-01-11,fm4011,,0.597,0.521,0.42,,0.019,0.017,0.014
0800+618,60359.3,2024-02-19,fm4050,,0.582,0.541,0.442,,0.018,0.018,0.015
0800+618,60383.4,2024-03-14,fm4074,,0.554,0.531,0.428,,0.018,0.018,0.015
0800+618,60417.1,2024-04-17,vo4108,,0.608,0.55,0.446,,0.019,0.017,0.014
0800+618,60437.0,2024-05-07,fm4128,,0.549,0.563,0.459,,0.019,0.019,0.015
0800+618,60459.0,2024-05-29,vo4150,,0.616,0.581,0.509,,0.021,0.018,0.016
0800+618,60464.4,2024-06-03,fm4155,,0.612,0.572,0.485,,0.021,0.018,0.016
0800+618,60557.0,2024-09-04,vo4248,,0.739,0.657,0.57,,0.027,0.02,0.018
0800+618,60578.0,2024-09-25,vo4269,,0.719,0.7,0.601,,0.023,0.022,0.019
0800+618,60621.4,2024-11-07,fm4312,,0.69,0.651,0.554,,0.022,0.023,0.017
0800+618,60648.0,2024-12-04,vo4339,,0.728,0.684,0.583,,0.035,0.024,0.018
0800+618,60649.2,2024-12-05,fm4340,,0.698,0.676,0.595,,0.022,0.022,0.02
0800+618,60650.5,2024-12-06,fm4341,,0.672,0.659,0.559,,0.021,0.02,0.017
0800+618,60655.2,2024-12-11,vo4346,,0.7,0.735,0.58,,0.021,0.023,0.018
0800+618,60696.6,2025-01-21,vo5022,,0.716,0.669,0.604,,0.022,0.02,0.019
0800+618,60702.2,2025-01-27,fm5027,,0.704,0.68,0.604,,0.023,0.021,0.019
0800+618,60703.5,2025-01-28,vo5029,,0.705,0.668,0.595,,0.023,0.02,0.018
0800+618,60727.3,2025-02-21,fm5052,,0.706,0.685,0.609,,0.023,0.021,0.019
0800+618,60728.5,2025-02-22,fm5053,0.888,0.697,0.692,0.627,0.032,0.021,0.021,0.021
0800+618,60762.6,2025-03-28,fm5087,1.006,0.707,0.696,0.618,0.037,0.023,0.021,0.019
0800+618,60773.6,2025-04-08,vo5099,,0.7,0.683,0.602,,0.023,0.021,0.018
0800+618,60789.0,2025-04-24,fm5114,,0.719,0.688,0.611,,0.023,0.021,0.019
0800+618,60808.5,2025-05-13,vo5134,,0.722,0.682,0.591,,0.026,0.021,0.018
0800+618,60814.2,2025-05-19,fm5139,,,0.683,0.604,,,0.022,0.019
0800+618,60850.7,2025-06-24,vo5176,,0.714,0.679,0.588,,0.023,0.021,0.018
0800+618,60858.2,2025-07-02,fm5183,0.904,0.694,0.686,0.604,0.033,0.023,0.021,0.019
0800+618,60872.2,2025-07-16,fm5197,,0.696,,0.573,,0.024,,0.018
0800+618,60906.5,2025-08-19,vo5232,,,,0.599,,,,0.019
0800+618,60939.4,2025-09-21,fm5264,,0.711,0.699,0.594,,0.023,0.022,0.019
0800+618,60955.5,2025-10-07,vo5281,,0.727,0.7,0.589,,0.023,0.022,0.019
0800+618,60976.5,2025-10-28,vo5302,,0.745,0.718,0.612,,0.023,0.022,0.019
0800+618,60981.3,2025-11-02,fm5306,0.835,0.732,0.719,0.614,0.038,0.024,0.022,0.019
0800+618,61005.0,2025-11-25,vo5330,,0.732,0.712,0.602,,0.023,0.022,0.019
0800+618,61006.0,2025-11-27,fm5331,,0.752,0.735,0.617,,0.024,0.023,0.02
0800+618,61025.6,2025-12-16,vo5351,,0.732,0.706,0.588,,0.024,0.022,0.018
0800+618,61027.3,2025-12-18,fm5352,0.884,0.722,0.691,0.589,0.035,0.023,0.022,0.018
0800+618,61068.9,2026-01-28,fm6029,,0.748,0.704,0.589,,0.025,0.022,0.018
0800+618,61094.6,2026-02-23,fm6054,1.063,0.688,0.686,0.58,0.047,0.022,0.021,0.018
0800+618,61105.8,2026-03-06,fm6066,,0.742,0.682,0.582,,0.026,0.021,0.018
0800+618,61131.9,2026-04-01,fm6092,0.896,0.695,0.67,0.586,0.031,0.022,0.021,0.018
0800+618,61159.8,2026-04-29,fm6120,,0.695,0.682,0.574,,0.022,0.021,0.018
0800+618,61187.8,2026-05-27,fm6148,,0.732,0.695,0.589,,0.023,0.022,0.018
0800+618,61226.5,2026-07-05,fm6186,,0.72,0.679,0.578,,0.027,0.021,0.019
0800+618,61254.4,2026-08-02,fm6214,,0.711,0.683,0.56,,0.023,0.021,0.017
0800+618,61289.5,2026-09-06,fm6249,,0.668,0.659,0.528,,0.022,0.021,0.017
0802-010,59957.6,2023-01-13,fm3013,,0.329,0.343,0.346,,0.012,0.012,0.013
0802-010,59975.6,2023-01-31,fm3031,,0.4,0.349,0.307,,0.014,0.012,0.011
0802-010,60078.4,2023-05-14,fm3134,,,0.381,,,,0.013,
0802-010,60092.3,2023-05-28,fm3148,,,0.376,0.364,,,0.013,0.017
0802-010,60126.6,2023-07-01,fm3182,,,,0.403,,,,0.02
0802-010,60140.2,2023-07-15,fm3195,,0.367,0.358,0.342,,0.013,0.013,0.013
0802-010,60237.9,2023-10-20,fm3293,,0.39,0.375,0.403,,0.015,0.013,0.015
0802-010,60250.8,2023-11-02,fm3306,,0.5,,0.389,,0.021,,0.015
0802-010,60320.6,2024-01-11,fm4011,,,0.439,0.364,,,0.014,0.014
0802-010,60359.6,2024-02-19,fm4050,,0.444,0.425,0.356,,0.015,0.014,0.014
0802-010,60383.5,2024-03-14,fm4074,,0.406,0.419,0.383,,0.016,0.014,0.017
0802-010,60437.6,2024-05-07,fm4128,,,0.473,0.391,,,0.016,0.014
0802-010,60621.8,2024-11-07,fm4312,,0.379,0.394,0.338,,0.013,0.014,0.011
0802-010,60649.8,2024-12-05,fm4340,,0.324,0.319,0.27,,0.012,0.011,0.012
0802-010,60650.7,2024-12-06,fm4341,,0.36,0.371,0.298,,0.013,0.012,0.011
0802-010,60702.6,2025-01-27,fm5027,,0.38,0.408,0.33,,0.014,0.014,0.012
0802-010,60727.5,2025-02-21,fm5052,,0.392,0.378,,,0.014,0.012,
0802-010,60728.4,2025-02-22,fm5053,,0.393,0.389,0.311,,0.013,0.013,0.013
0802-010,60762.5,2025-03-28,fm5087,,0.348,0.368,0.313,,0.015,0.013,0.01
0802-010,60789.5,2025-04-24,fm5114,,0.385,0.37,0.315,,0.013,0.012,0.011
0802-010,60814.1,2025-05-19,fm5139,,0.34,0.338,0.326,,0.016,0.011,0.012
0802-010,60872.1,2025-07-16,fm5197,,0.303,,0.282,,0.012,,0.012
0802-010,60981.9,2025-11-02,fm5306,,0.362,0.353,0.277,,0.012,0.011,0.01
0802-010,61006.8,2025-11-27,fm5331,,0.338,0.333,0.272,,0.011,0.011,0.01
0802-010,61027.8,2025-12-18,fm5352,,0.342,0.299,0.255,,0.012,0.011,0.01
0802-010,61069.6,2026-01-29,fm6029,,,0.364,0.294,,,0.013,0.011
0802-010,61094.5,2026-02-23,fm6054,,0.282,0.333,0.304,,0.01,0.011,0.011
0802-010,61106.5,2026-03-07,fm6066,,0.345,0.323,0.279,,0.013,0.012,0.01
0802-010,61132.4,2026-04-02,fm6092,,0.394,0.393,0.325,,0.015,0.013,0.011
0802-010,61160.3,2026-04-30,fm6120,,0.388,0.361,0.322,,0.013,0.012,0.012
0802-010,61188.3,2026-05-28,fm6148,,,0.403,0.354,,,0.015,0.011
0802-010,61227.2,2026-07-06,fm6186,,0.426,0.438,0.357,,0.015,0.014,0.012
0802-010,61255.1,2026-08-03,fm6214,,0.432,0.41,0.346,,0.014,0.014,0.012
0802-010,61290.0,2026-09-06,fm6249,,0.381,0.382,,,0.014,0.013,
0804+499,59957.6,2023-01-13,fm3013,,0.355,0.396,0.455,,0.012,0.013,0.015
0804+499,59975.7,2023-01-31,fm3031,,0.322,0.365,0.436,,0.013,0.012,0.014
0804+499,60078.2,2023-05-14,fm3134,,,0.358,0.393,,,0.013,0.013
0804+499,60092.3,2023-05-28,fm3148,,,0.355,0.382,,,0.013,0.013
0804+499,60127.0,2023-07-02,fm3182,,,0.333,0.342,,,0.017,0.02
0804+499,60139.5,2023-07-14,fm3195,,0.37,0.382,0.345,,0.013,0.013,0.012
0804+499,60237.2,2023-10-20,fm3293,,0.317,0.31,0.277,,0.011,0.011,0.011
0804+499,60250.3,2023-11-02,fm3306,,0.299,0.273,0.263,,0.011,0.01,0.011
0804+499,60320.4,2024-01-11,fm4011,,0.329,0.287,0.214,,0.013,0.01,0.008
0804+499,60359.3,2024-02-19,fm4050,,0.288,0.277,0.209,,0.011,0.01,0.009
0804+499,60383.4,2024-03-14,fm4074,,0.262,0.251,,,0.012,0.01,
0804+499,60437.1,2024-05-07,fm4128,,,0.221,,,,0.009,
0804+499,60464.5,2024-06-03,fm4155,,,0.222,0.181,,,0.009,0.009
0804+499,60621.3,2024-11-07,fm4312,,0.212,0.197,0.146,,0.007,0.007,0.006
0804+499,60649.3,2024-12-05,fm4340,,0.237,0.186,,,0.009,0.007,
0804+499,60650.4,2024-12-06,fm4341,,0.182,0.173,,,0.007,0.006,
0804+499,60702.2,2025-01-27,fm5027,,0.21,0.184,0.145,,0.008,0.007,0.007
0804+499,60727.3,2025-02-21,fm5052,,0.187,0.187,,,0.007,0.007,
0804+499,60728.5,2025-02-22,fm5053,,0.222,0.186,0.147,,0.008,0.007,0.008
0804+499,60762.6,2025-03-28,fm5087,,0.222,,0.139,,0.008,,0.006
0804+499,60789.0,2025-04-24,fm5114,,0.187,0.162,0.135,,0.009,0.006,0.006
0804+499,60814.0,2025-05-19,fm5139,,,0.163,0.145,,,0.006,0.006
0804+499,60858.2,2025-07-02,fm5183,,0.181,0.165,0.153,,0.008,0.007,0.007
0804+499,60872.2,2025-07-16,fm5197,,,,0.146,,,,0.007
0804+499,60939.4,2025-09-21,fm5264,,0.176,,,,0.008,,
0804+499,60981.3,2025-11-02,fm5306,,0.167,0.14,0.152,,0.007,0.006,0.007
0804+499,61006.1,2025-11-27,fm5331,,0.144,0.172,0.165,,0.007,0.008,0.007
0804+499,61027.6,2025-12-18,fm5352,,0.196,0.15,0.166,,0.008,0.007,0.008
0804+499,61068.9,2026-01-28,fm6029,,0.2,0.147,0.169,,0.008,0.006,0.006
0804+499,61094.6,2026-02-23,fm6054,,,0.152,0.175,,,0.007,0.007
0804+499,61105.8,2026-03-06,fm6066,,0.169,0.166,0.177,,0.008,0.007,0.007
0804+499,61131.8,2026-04-01,fm6092,,0.156,0.155,0.195,,0.007,0.007,0.007
0804+499,61159.8,2026-04-29,fm6120,,0.164,,0.178,,0.008,,0.008
0804+499,61187.8,2026-05-27,fm6148,,,0.156,0.188,,,0.006,0.008
0804+499,61226.5,2026-07-05,fm6186,,,,0.219,,,,0.008
0804+499,61254.4,2026-08-02,fm6214,,0.18,0.156,0.238,,0.007,0.007,0.009
0804+499,61289.5,2026-09-06,fm6249,,0.165,0.186,0.29,,0.008,0.009,0.011
0805+410,59957.6,2023-01-13,fm3013,,0.892,0.908,0.898,,0.028,0.028,0.028
0805+410,59975.7,2023-01-31,fm3031,,0.903,0.91,0.916,,0.028,0.028,0.028
0805+410,60078.2,2023-05-14,fm3134,,0.935,0.897,0.977,,0.031,0.028,0.03
0805+410,60092.2,2023-05-28,fm3148,,,0.903,0.994,,,0.032,0.031
0805+410,60126.5,2023-07-01,fm3182,,0.858,0.878,0.987,,0.028,0.028,0.032
0805+410,60139.5,2023-07-14,fm3195,,0.86,0.909,1.017,,0.027,0.028,0.031
0805+410,60237.3,2023-10-20,fm3293,,0.893,0.913,1.049,,0.032,0.029,0.032
0805+410,60243.3,2023-10-26,vo3299,,0.914,0.936,1.09,,0.028,0.029,0.033
0805+410,60250.3,2023-11-02,fm3306,,0.851,0.885,1.006,,0.027,0.027,0.031
0805+410,60320.4,2024-01-11,fm4011,,0.903,0.915,1.039,,0.028,0.028,0.032
0805+410,60359.4,2024-02-19,fm4050,,0.926,0.975,1.1,,0.034,0.032,0.034
0805+410,60383.4,2024-03-14,fm4074,,0.979,1.025,1.159,,0.031,0.032,0.037
0805+410,60417.1,2024-04-17,vo4108,,1.038,1.071,1.177,,0.033,0.033,0.037
0805+410,60437.1,2024-05-07,fm4128,,0.967,1.072,1.179,,0.031,0.033,0.037
0805+410,60459.0,2024-05-29,vo4150,,1.064,1.112,1.267,,0.033,0.034,0.039
0805+410,60464.4,2024-06-03,fm4155,,1.049,1.107,1.212,,0.033,0.034,0.037
0805+410,60557.0,2024-09-04,vo4248,,1.123,1.089,1.199,,0.038,0.034,0.037
0805+410,60620.0,2024-11-06,vo4311,,1.079,1.147,1.3,,0.038,0.035,0.04
0805+410,60621.4,2024-11-07,fm4312,,1.081,1.13,1.275,,0.033,0.039,0.039
0805+410,60649.3,2024-12-05,fm4340,,1.136,1.208,1.389,,0.036,0.039,0.048
0805+410,60650.4,2024-12-06,fm4341,,1.125,1.18,1.345,,0.037,0.036,0.042
0805+410,60702.2,2025-01-27,fm5027,,1.122,1.188,1.418,,0.035,0.036,0.043
0805+410,60727.2,2025-02-21,fm5052,,1.077,1.171,1.376,,0.034,0.036,0.042
0805+410,60728.4,2025-02-22,fm5053,,1.105,1.196,1.401,,0.035,0.036,0.043
0805+410,60762.4,2025-03-28,fm5087,,1.099,1.165,1.362,,0.034,0.035,0.041
0805+410,60789.0,2025-04-24,fm5114,,1.104,1.146,1.325,,0.034,0.036,0.04
0805+410,60814.0,2025-05-19,fm5139,,1.091,1.142,1.314,,0.035,0.035,0.041
0805+410,60858.1,2025-07-02,fm5183,,1.086,1.122,1.362,,0.037,0.035,0.043
0805+410,60872.1,2025-07-16,fm5197,,1.105,,1.322,,0.036,,0.041
0805+410,60939.2,2025-09-21,fm5264,,1.039,1.109,1.381,,0.036,0.034,0.042
0805+410,60976.5,2025-10-28,vo5302,,1.145,1.23,1.56,,0.037,0.038,0.047
0805+410,60981.3,2025-11-02,fm5306,1.008,1.085,1.17,1.451,0.05,0.034,0.036,0.044
0805+410,61005.0,2025-11-25,vo5330,,1.129,1.213,1.496,,0.036,0.037,0.046
0805+410,61006.0,2025-11-26,fm5331,,1.154,1.247,1.567,,0.035,0.038,0.048
0805+410,61027.1,2025-12-18,fm5352,,1.142,1.221,1.453,,0.036,0.037,0.045
0805+410,61053.6,2026-01-13,vo6014,,1.14,1.206,,,0.042,0.041,
0805+410,61068.8,2026-01-28,fm6029,,1.183,1.249,1.481,,0.037,0.038,0.045
0805+410,61089.2,2026-02-18,vo6049,,1.18,1.29,1.468,,0.046,0.047,0.048
0805+410,61094.4,2026-02-23,fm6054,,1.209,1.306,1.563,,0.037,0.04,0.048
0805+410,61095.6,2026-02-24,vo6056,,1.291,1.268,1.539,,0.053,0.049,0.049
0805+410,61105.8,2026-03-06,fm6066,,1.278,1.33,1.594,,0.046,0.044,0.049
0805+410,61130.6,2026-03-31,vo6091,,1.348,1.395,1.656,,0.049,0.054,0.053
0805+410,61131.8,2026-04-01,fm6092,,1.283,1.398,1.676,,0.046,0.043,0.052
0805+410,61158.6,2026-04-28,vo6119,,1.374,1.37,1.782,,0.063,0.046,0.057
0805+410,61159.7,2026-04-29,fm6120,,1.339,1.434,1.782,,0.042,0.044,0.054
0805+410,61187.8,2026-05-27,fm6148,,1.351,1.492,1.845,,0.043,0.045,0.056
0805+410,61202.1,2026-06-11,vo6162,,1.447,1.54,1.933,,0.052,0.05,0.061
0805+410,61226.5,2026-07-05,fm6186,,1.394,1.53,1.905,,0.044,0.047,0.058
0805+410,61236.1,2026-07-15,vo6196,,,1.566,1.996,,,0.055,0.063
0805+410,61250.0,2026-07-29,vo6210,,1.519,1.645,2.027,,0.058,0.056,0.063
0805+410,61254.4,2026-08-02,fm6214,,1.482,1.628,2.021,,0.046,0.05,0.062
0805+410,61289.4,2026-09-06,fm6249,,1.569,1.8,2.195,,0.05,0.055,0.068
0808+019,59957.7,2023-01-13,fm3013,,0.899,0.995,1.228,,0.03,0.032,0.042
0808+019,59975.7,2023-01-31,fm3031,0.703,0.88,0.946,1.145,0.025,0.031,0.03,0.035
0808+019,60078.3,2023-05-14,fm3134,,0.863,0.848,0.909,,0.032,0.027,0.028
0808+019,60092.4,2023-05-28,fm3148,,,0.788,0.832,,,0.025,0.026
0808+019,60126.5,2023-07-01,fm3182,,0.678,0.718,0.735,,0.022,0.023,0.024
0808+019,60140.2,2023-07-15,fm3195,,0.666,0.691,0.712,,0.023,0.022,0.023
0808+019,60237.9,2023-10-20,fm3293,,0.779,0.78,0.787,,0.026,0.024,0.025
0808+019,60250.8,2023-11-02,fm3306,0.729,0.733,0.756,0.772,0.028,0.025,0.024,0.025
0808+019,60320.6,2024-01-11,fm4011,,,0.573,0.575,,,0.018,0.02
0808+019,60359.5,2024-02-19,fm4050,,0.562,0.59,0.661,,0.019,0.019,0.021
0808+019,60383.6,2024-03-14,fm4074,,0.615,0.651,0.741,,0.02,0.02,0.025
0808+019,60424.0,2024-04-24,vo4115,,0.639,0.672,0.779,,0.022,0.022,0.024
0808+019,60437.6,2024-05-07,fm4128,,0.715,0.761,0.821,,0.024,0.024,0.026
0808+019,60464.4,2024-06-03,fm4155,,0.791,0.828,0.874,,0.026,0.026,0.027
0808+019,60620.7,2024-11-06,vo4311,,0.97,1.059,1.21,,0.035,0.033,0.037
0808+019,60621.8,2024-11-07,fm4312,,1.028,1.091,1.178,,0.033,0.035,0.036
0808+019,60648.8,2024-12-04,vo4339,,,1.005,1.141,,,0.032,0.037
0808+019,60649.7,2024-12-05,fm4340,,0.904,1.008,1.166,,0.034,0.032,0.04
0808+019,60650.7,2024-12-06,fm4341,,0.898,0.941,1.088,,0.034,0.032,0.033
0808+019,60702.6,2025-01-27,fm5027,,0.969,1.041,1.216,,0.032,0.032,0.037
0808+019,60727.5,2025-02-21,fm5052,,1.028,1.111,1.231,,0.033,0.034,0.038
0808+019,60728.4,2025-02-22,fm5053,,0.953,1.041,1.186,,0.035,0.033,0.037
0808+019,60762.5,2025-03-28,fm5087,,0.924,0.984,1.047,,0.032,0.03,0.032
0808+019,60789.4,2025-04-24,fm5114,,0.937,0.939,0.984,,0.032,0.028,0.03
0808+019,60814.3,2025-05-19,fm5139,,0.866,0.834,0.872,,0.028,0.025,0.027
0808+019,60851.2,2025-06-25,vo5176,,0.848,,0.894,,0.028,,0.028
0808+019,60858.2,2025-07-02,fm5183,,0.757,0.802,0.882,,0.026,0.025,0.028
0808+019,60872.1,2025-07-16,fm5197,,0.725,,0.74,,0.025,,0.023
0808+019,60907.0,2025-08-19,vo5232,,0.755,0.711,0.749,,0.03,0.027,0.024
0808+019,60981.9,2025-11-02,fm5306,,0.627,0.647,0.725,,0.021,0.02,0.023
0808+019,61005.0,2025-11-25,vo5330,,0.64,0.642,0.741,,0.024,0.023,0.024
0808+019,61006.8,2025-11-27,fm5331,,0.607,0.673,0.781,,0.023,0.021,0.025
0808+019,61027.8,2025-12-18,fm5352,,0.635,0.664,0.769,,0.02,0.026,0.024
0808+019,61069.6,2026-01-29,fm6029,0.531,0.662,0.698,0.877,0.023,0.022,0.025,0.027
0808+019,61094.5,2026-02-23,fm6054,,0.782,0.834,0.997,,0.026,0.026,0.032
0808+019,61106.5,2026-03-07,fm6066,,0.918,0.955,1.048,,0.031,0.029,0.032
0808+019,61132.4,2026-04-02,fm6092,,0.866,0.945,1.003,,0.032,0.03,0.031
0808+019,61160.4,2026-04-30,fm6120,,0.735,0.777,0.831,,0.025,0.026,0.026
0808+019,61188.3,2026-05-28,fm6148,,0.684,0.739,0.775,,0.024,0.024,0.024
0808+019,61227.2,2026-07-06,fm6186,,0.686,0.68,0.705,,0.022,0.024,0.022
0808+019,61255.1,2026-08-03,fm6214,,0.687,0.714,0.8,,0.022,0.022,0.025
0808+019,61290.0,2026-09-06,fm6249,,0.685,0.745,0.874,,0.022,0.025,0.028
0812+367,60578.0,2024-09-25,vo4269,,1.266,1.262,1.184,,0.038,0.038,0.036
0812+367,60592.1,2024-10-09,vo4283,,1.213,1.227,1.109,,0.037,0.037,0.034
0812+367,60655.2,2024-12-11,vo4346,,1.237,1.343,1.143,,0.038,0.041,0.035
0812+367,60696.5,2025-01-21,vo5022,,1.229,1.21,1.1,,0.038,0.037,0.034
0812+367,60703.5,2025-01-28,vo5029,,1.224,1.201,1.108,,0.037,0.036,0.033
0812+367,60717.6,2025-02-11,vo5043,,1.206,1.188,1.079,,0.036,0.036,0.033
0812+367,60773.5,2025-04-08,vo5099,,1.214,1.208,1.1,,0.037,0.036,0.033
0812+367,60808.5,2025-05-13,vo5134,,1.226,1.211,1.088,,0.038,0.037,0.033
0812+367,60850.8,2025-06-24,vo5176,,1.233,,1.102,,0.038,,0.034
0812+367,60906.5,2025-08-19,vo5232,,1.223,1.201,1.089,,0.039,0.036,0.033
0812+367,60955.5,2025-10-07,vo5281,,1.175,1.163,0.993,,0.036,0.036,0.03
0812+367,61025.5,2025-12-16,vo5351,,1.138,1.103,0.97,,0.035,0.034,0.03
0814+425,60648.0,2024-12-04,vo4339,,0.844,0.831,0.736,,0.03,0.026,0.022
0814+425,61088.9,2026-02-17,vo6049,,0.816,0.79,0.722,,0.028,0.027,0.023
0814+425,61095.6,2026-02-24,vo6056,,0.821,0.802,0.721,,0.026,0.026,0.022
0814+425,61131.6,2026-04-01,vo6091,,0.922,0.805,0.769,,0.04,0.032,0.029
0814+425,61236.3,2026-07-15,vo6196,,,0.864,0.76,,,0.035,0.029
0818-128,59957.6,2023-01-13,fm3013,,0.696,0.672,0.549,,0.023,0.021,0.019
0818-128,59976.8,2023-02-01,fm3031,0.773,0.657,0.638,0.534,0.029,0.024,0.02,0.018
0818-128,60078.4,2023-05-14,fm3134,,,0.623,0.541,,,0.021,0.019
0818-128,60092.4,2023-05-28,fm3148,,,0.604,0.556,,,0.02,0.019
0818-128,60126.5,2023-07-01,fm3182,,0.584,0.539,0.552,,0.021,0.021,0.02
0818-128,60140.3,2023-07-15,fm3195,0.682,0.595,0.572,0.554,0.028,0.023,0.019,0.018
0818-128,60238.0,2023-10-21,fm3293,0.784,0.644,0.616,0.557,0.031,0.022,0.02,0.021
0818-128,60251.0,2023-11-02,fm3306,,0.669,0.652,0.576,,0.022,0.021,0.02
0818-128,60320.8,2024-01-11,fm4011,,0.785,0.694,0.609,,0.029,0.022,0.02
0818-128,60359.7,2024-02-19,fm4050,0.839,0.71,0.654,0.578,0.037,0.023,0.02,0.019
0818-128,60383.6,2024-03-14,fm4074,0.779,0.677,0.664,0.579,0.034,0.022,0.021,0.02
0818-128,60437.4,2024-05-07,fm4128,,,0.664,0.57,,,0.021,0.018
0818-128,60621.9,2024-11-07,fm4312,,0.679,0.651,0.601,,0.022,0.022,0.019
0818-128,60649.9,2024-12-05,fm4340,,0.595,0.567,0.532,,0.02,0.019,0.019
0818-128,60650.9,2024-12-06,fm4341,,0.665,0.629,0.552,,0.022,0.019,0.018
0818-128,60702.7,2025-01-27,fm5027,,0.669,0.646,0.591,,0.024,0.02,0.019
0818-128,60727.6,2025-02-21,fm5052,,0.699,0.665,0.602,,0.022,0.02,0.02
0818-128,60728.3,2025-02-22,fm5053,0.806,0.689,0.653,0.57,0.029,0.022,0.02,0.019
0818-128,60763.6,2025-03-29,fm5087,0.743,0.676,0.638,0.577,0.028,0.022,0.02,0.018
0818-128,60789.5,2025-04-24,fm5114,,,0.596,0.557,,,0.02,0.018
0818-128,60814.5,2025-05-19,fm5139,,0.751,0.718,0.631,,0.026,0.022,0.02
0818-128,60982.0,2025-11-02,fm5306,,0.71,0.659,0.577,,0.022,0.02,0.02
0818-128,61027.9,2025-12-18,fm5352,0.811,0.693,0.665,0.572,0.028,0.023,0.021,0.018
0818-128,61069.7,2026-01-29,fm6029,,0.71,0.674,0.557,,0.022,0.021,0.019
0818-128,61094.4,2026-02-23,fm6054,,0.68,0.619,0.556,,0.023,0.02,0.018
0818-128,61106.6,2026-03-07,fm6066,,,0.631,0.549,,,0.02,0.017
0818-128,61132.6,2026-04-02,fm6092,0.861,0.703,0.668,0.565,0.033,0.023,0.021,0.018
0818-128,61160.5,2026-04-30,fm6120,0.816,0.681,0.643,0.568,0.034,0.022,0.02,0.019
0818-128,61188.4,2026-05-28,fm6148,,0.727,0.675,0.58,,0.024,0.022,0.018
0818-128,61227.3,2026-07-06,fm6186,,0.641,0.607,0.513,,0.02,0.019,0.017
0818-128,61255.2,2026-08-03,fm6214,,0.655,0.632,0.533,,0.021,0.02,0.017
0820+296,61130.6,2026-03-31,vo6091,,0.394,,0.315,,0.019,,0.013
0821+394,60424.0,2024-04-24,vo4115,,1.053,1.079,1.059,,0.033,0.033,0.032
0823+033,60243.9,2023-10-26,vo3299,,1.533,1.495,1.452,,0.047,0.046,0.044
0823+033,60417.5,2024-04-17,vo4108,,1.589,1.623,1.723,,0.055,0.05,0.053
0823+033,60459.1,2024-05-29,vo4150,,1.482,1.531,1.702,,0.048,0.053,0.055
0823+033,60557.1,2024-09-04,vo4248,,1.218,1.229,1.294,,0.045,0.038,0.04
0823+033,60578.0,2024-09-25,vo4269,,1.256,1.275,1.353,,0.04,0.04,0.042
0823+033,60592.8,2024-10-09,vo4283,,1.168,1.223,1.226,,0.039,0.04,0.038
0823+033,60655.7,2024-12-11,vo4346,,1.181,1.341,1.328,,0.038,0.041,0.042
0823+033,60696.5,2025-01-21,vo5022,,1.222,1.207,1.265,,0.04,0.037,0.039
0823+033,60703.6,2025-01-28,vo5029,,1.225,1.207,1.285,,0.039,0.038,0.041
0823+033,60717.6,2025-02-11,vo5043,,1.226,1.243,1.282,,0.038,0.039,0.039
0823+033,60774.4,2025-04-09,vo5099,,1.292,1.329,1.339,,0.045,0.041,0.041
0823+033,60809.2,2025-05-14,vo5134,,1.359,1.324,1.332,,0.053,0.041,0.041
0823+033,60955.8,2025-10-07,vo5281,,1.164,1.174,1.211,,0.038,0.041,0.038
0823+033,60976.5,2025-10-28,vo5302,,1.248,1.253,1.303,,0.041,0.039,0.04
0823+033,61025.5,2025-12-16,vo5351,,1.294,1.289,1.361,,0.042,0.04,0.043
0823+033,61053.6,2026-01-13,vo6014,,1.249,1.297,,,0.042,0.043,
0823+033,61089.6,2026-02-18,vo6049,,1.342,1.37,1.447,,0.043,0.045,0.046
0823+033,61131.4,2026-04-01,vo6091,,1.491,1.521,1.601,,0.049,0.048,0.049
0823+033,61159.3,2026-04-29,vo6119,,1.557,1.587,1.644,,0.054,0.05,0.051
0823+033,61202.3,2026-06-11,vo6162,,1.432,1.417,1.497,,0.049,0.049,0.047
0823+033,61236.2,2026-07-15,vo6196,,,1.377,1.388,,,0.044,0.043
0827+243,60557.0,2024-09-04,vo4248,,0.982,0.918,0.883,,0.034,0.028,0.027
0827+243,60655.4,2024-12-11,vo4346,,1.022,1.125,1.018,,0.032,0.035,0.032
0827+243,60696.6,2025-01-21,vo5022,,1.005,0.972,0.909,,0.032,0.03,0.028
0827+243,60773.6,2025-04-08,vo5099,,0.912,0.863,0.741,,0.029,0.026,0.023
0827+243,60809.0,2025-05-14,vo5134,,0.871,0.807,0.699,,0.03,0.025,0.021
0827+243,60955.9,2025-10-07,vo5281,,0.802,0.818,0.875,,0.025,0.026,0.027
0829+089,60078.4,2023-05-14,fm3134,,,0.113,,,,0.007,
0829+089,60092.4,2023-05-28,fm3148,,,0.101,,,,0.008,
0829+089,60237.9,2023-10-20,fm3293,,,0.103,,,,0.008,
0829+089,60320.6,2024-01-11,fm4011,,,0.103,,,,0.008,
0829+089,60359.5,2024-02-19,fm4050,,0.129,0.094,,,0.008,0.007,
0829+089,60383.6,2024-03-14,fm4074,,0.114,,,,0.01,,
0829+089,60650.0,2024-12-05,fm4340,,,0.101,,,,0.007,
0829+089,60702.6,2025-01-27,fm5027,,,0.088,0.088,,,0.005,0.006
0829+089,60727.5,2025-02-21,fm5052,,0.098,,,,0.007,,
0829+089,60728.4,2025-02-22,fm5053,,0.09,0.099,,,0.007,0.007,
0829+089,60762.5,2025-03-28,fm5087,,,,0.088,,,,0.006
0829+089,60789.3,2025-04-24,fm5114,,,0.09,0.096,,,0.005,0.006
0829+089,60981.8,2025-11-02,fm5306,,0.101,0.092,,,0.007,0.005,
0829+089,61006.7,2025-11-27,fm5331,,,,0.096,,,,0.008
0829+089,61069.6,2026-01-29,fm6029,,0.109,,,,0.007,,
0829+089,61106.5,2026-03-07,fm6066,,,,0.097,,,,0.006
0829+089,61188.2,2026-05-28,fm6148,,,,0.115,,,,0.006
0829+089,61227.1,2026-07-06,fm6186,,,,0.104,,,,0.007
0829+089,61255.1,2026-08-03,fm6214,,,,0.101,,,,0.007
0829+089,61290.0,2026-09-06,fm6249,,,0.111,,,,0.008,
0834+250,59957.7,2023-01-13,fm3013,,0.422,0.396,0.317,,0.016,0.013,0.011
0834+250,59975.7,2023-01-31,fm3031,,0.371,0.36,0.308,,0.013,0.013,0.013
0834+250,60078.3,2023-05-14,fm3134,,,0.376,0.319,,,0.012,0.011
0834+250,60092.3,2023-05-28,fm3148,,,0.327,0.327,,,0.012,0.011
0834+250,60126.5,2023-07-01,fm3182,,0.39,,0.346,,0.014,,0.016
0834+250,60139.4,2023-07-14,fm3195,,0.368,0.37,0.337,,0.013,0.013,0.013
0834+250,60237.3,2023-10-20,fm3293,0.517,0.352,0.379,0.376,0.026,0.013,0.013,0.015
0834+250,60250.7,2023-11-02,fm3306,,0.385,0.399,0.39,,0.013,0.015,0.014
0834+250,60320.5,2024-01-11,fm4011,,,0.39,0.42,,,0.013,0.014
0834+250,60359.4,2024-02-19,fm4050,,0.365,0.405,0.441,,0.013,0.013,0.015
0834+250,60383.7,2024-03-14,fm4074,,0.422,0.446,0.458,,0.017,0.015,0.017
0834+250,60437.2,2024-05-07,fm4128,,,0.427,0.445,,,0.014,0.015
0834+250,60464.4,2024-06-03,fm4155,,0.45,0.391,0.433,,0.016,0.013,0.015
0834+250,60621.6,2024-11-07,fm4312,,0.429,0.487,0.507,,0.014,0.015,0.016
0834+250,60649.6,2024-12-05,fm4340,,0.431,0.511,0.567,,0.015,0.017,0.02
0834+250,60650.6,2024-12-06,fm4341,,0.426,0.494,0.528,,0.013,0.016,0.017
0834+250,60702.4,2025-01-27,fm5027,,0.418,0.481,0.523,,0.013,0.015,0.017
0834+250,60727.4,2025-02-21,fm5052,,0.484,0.51,0.512,,0.016,0.016,0.016
0834+250,60762.5,2025-03-28,fm5087,,,0.494,0.496,,,0.016,0.015
0834+250,60789.2,2025-04-24,fm5114,,0.453,0.495,0.513,,0.015,0.015,0.016
0834+250,60814.0,2025-05-19,fm5139,,,0.479,0.519,,,0.015,0.016
0834+250,60858.2,2025-07-02,fm5183,,0.478,0.514,0.534,,0.016,0.016,0.017
0834+250,60872.1,2025-07-16,fm5197,,0.46,,0.504,,0.016,,0.016
0834+250,60939.8,2025-09-21,fm5264,,0.471,0.503,0.481,,0.015,0.016,0.015
0834+250,60981.7,2025-11-02,fm5306,,0.471,0.495,0.461,,0.015,0.015,0.015
0834+250,61006.1,2025-11-27,fm5331,,0.466,0.488,0.453,,0.015,0.016,0.015
0834+250,61027.8,2025-12-18,fm5352,,0.438,0.473,0.449,,0.014,0.015,0.015
0834+250,61069.4,2026-01-29,fm6029,,0.494,0.492,0.431,,0.016,0.015,0.014
0834+250,61106.3,2026-03-07,fm6066,,0.446,0.448,0.426,,0.015,0.014,0.014
0834+250,61132.3,2026-04-02,fm6092,,0.442,0.477,0.444,,0.015,0.015,0.015
0834+250,61160.2,2026-04-30,fm6120,,0.434,0.446,0.44,,0.015,0.014,0.014
0834+250,61188.1,2026-05-28,fm6148,,0.431,0.45,0.476,,0.016,0.014,0.015
0834+250,61227.0,2026-07-05,fm6186,,0.467,0.473,0.496,,0.016,0.015,0.016
0834+250,61254.9,2026-08-02,fm6214,,0.447,0.465,0.5,,0.017,0.015,0.016
0834+250,61289.8,2026-09-06,fm6249,,0.467,0.488,0.514,,0.015,0.016,0.018
0834-201,59957.9,2023-01-13,fm3013,,0.98,0.719,0.53,,0.039,0.023,0.018
0834-201,59975.6,2023-01-31,fm3031,,0.838,0.748,0.507,,0.027,0.027,0.018
0834-201,60078.6,2023-05-14,fm3134,,,0.739,0.482,,,0.024,0.018
0834-201,60092.5,2023-05-28,fm3148,1.145,,0.716,0.483,0.043,,0.026,0.017
0834-201,60126.5,2023-07-01,fm3182,,0.81,0.709,0.518,,0.034,0.023,0.019
0834-201,60140.4,2023-07-15,fm3195,,0.843,0.708,0.51,,0.029,0.023,0.02
0834-201,61028.0,2025-12-19,fm5352,0.843,0.641,0.572,0.496,0.029,0.022,0.019,0.017
0836+710,61235.7,2026-07-14,vo6196,,,2.395,1.985,,,0.077,0.061
0838+133,61053.6,2026-01-13,vo6014,,2.017,1.977,,,0.062,0.061,
0838+133,61089.6,2026-02-18,vo6049,,2.023,2.018,1.929,,0.063,0.063,0.06
0838+133,61095.5,2026-02-24,vo6056,,2.018,1.997,1.899,,0.063,0.063,0.058
0838+133,61131.4,2026-04-01,vo6091,,2.004,1.97,1.887,,0.063,0.061,0.058
0838+133,61159.4,2026-04-29,vo6119,,2.028,1.974,1.909,,0.073,0.063,0.059
0838+133,61202.3,2026-06-11,vo6162,,2.007,2.01,1.878,,0.064,0.073,0.058
0838+133,61236.2,2026-07-15,vo6196,,,1.956,1.867,,,0.06,0.058
0838+133,61250.1,2026-07-29,vo6210,,2.155,2.122,1.906,,0.086,0.073,0.059
0847-120,59957.8,2023-01-13,fm3013,,0.507,0.52,0.545,,0.017,0.017,0.019
0847-120,59975.5,2023-01-31,fm3031,,0.493,0.493,0.472,,0.016,0.016,0.018
0847-120,60078.4,2023-05-14,fm3134,,,0.467,0.585,,,0.015,0.019
0847-120,60092.4,2023-05-28,fm3148,,,0.508,0.649,,,0.018,0.024
0847-120,60126.6,2023-07-01,fm3182,,0.505,0.503,0.58,,0.02,0.021,0.028
0847-120,60140.3,2023-07-15,fm3195,,0.623,0.655,0.691,,0.02,0.021,0.022
0847-120,60238.1,2023-10-21,fm3293,0.475,0.53,0.566,0.612,0.023,0.018,0.018,0.022
0847-120,60251.0,2023-11-02,fm3306,,0.57,0.597,0.651,,0.019,0.019,0.021
0847-120,60320.8,2024-01-11,fm4011,,0.706,0.641,0.659,,0.029,0.02,0.021
0847-120,60359.7,2024-02-19,fm4050,0.513,0.548,0.543,0.552,0.021,0.018,0.017,0.018
0847-120,60383.6,2024-03-14,fm4074,,0.557,0.529,,,0.021,0.018,
0847-120,60417.4,2024-04-17,vo4108,,0.558,0.498,0.476,,0.023,0.018,0.016
0847-120,60424.5,2024-04-24,vo4115,,0.546,0.505,0.465,,0.022,0.016,0.015
0847-120,60437.5,2024-05-07,fm4128,,,0.503,0.489,,,0.016,0.016
0847-120,60649.9,2024-12-05,fm4340,,,0.255,0.262,,,0.009,0.013
0847-120,60702.8,2025-01-27,fm5027,,0.277,0.261,0.333,,0.01,0.01,0.011
0847-120,60727.7,2025-02-21,fm5052,,0.339,0.359,0.427,,0.012,0.013,0.015
0847-120,60728.3,2025-02-22,fm5053,,0.321,0.344,0.428,,0.011,0.011,0.016
0847-120,60762.5,2025-03-28,fm5087,,0.398,0.493,0.631,,0.014,0.017,0.023
0847-120,60858.1,2025-07-02,fm5183,,,0.926,1.281,,,0.028,0.04
0847-120,60982.0,2025-11-03,fm5306,,0.793,0.814,0.803,,0.025,0.025,0.025
0847-120,61006.0,2025-11-26,vo5330,,,,0.597,,,,0.04
0847-120,61006.9,2025-11-27,fm5331,0.759,0.781,0.76,0.714,0.03,0.026,0.024,0.023
0847-120,61025.7,2025-12-16,vo5351,,,0.641,0.596,,,0.028,0.023
0847-120,61027.9,2025-12-18,fm5352,,0.653,0.656,0.586,,0.021,0.02,0.019
0847-120,61069.7,2026-01-29,fm6029,,0.499,0.467,0.415,,0.019,0.015,0.015
0847-120,61094.4,2026-02-23,fm6054,,0.464,0.418,0.377,,0.018,0.013,0.013
0847-120,61106.6,2026-03-07,fm6066,,,0.382,0.372,,,0.012,0.013
0847-120,61132.6,2026-04-02,fm6092,,0.405,0.4,0.426,,0.015,0.013,0.014
0847-120,61160.5,2026-04-30,fm6120,,,0.37,,,,0.012,
0847-120,61188.4,2026-05-28,fm6148,,,0.482,0.603,,,0.015,0.019
0847-120,61227.3,2026-07-06,fm6186,,0.55,0.624,0.801,,0.02,0.02,0.025
0847-120,61290.1,2026-09-07,fm6249,,0.687,0.814,,,0.025,0.025,
0851+202,60243.7,2023-10-26,vo3299,,4.269,4.638,5.839,,0.13,0.142,0.177
0851+202,60417.1,2024-04-17,vo4108,,4.682,5.147,6.372,,0.148,0.16,0.194
0851+202,60424.0,2024-04-24,vo4115,,4.61,5.172,6.323,,0.15,0.16,0.191
0851+202,60459.2,2024-05-29,vo4150,,4.112,4.333,4.961,,0.127,0.131,0.152
0851+202,60578.0,2024-09-25,vo4269,3.656,4.56,4.71,5.235,0.124,0.139,0.143,0.158
0851+202,60592.0,2024-10-09,vo4283,,4.305,4.578,5.218,,0.136,0.14,0.157
0851+202,60620.0,2024-11-06,vo4311,3.65,4.657,5.097,5.669,0.114,0.164,0.154,0.171
0851+202,60648.6,2024-12-04,vo4339,,4.312,4.623,5.182,,0.149,0.143,0.157
0851+202,60702.5,2025-01-27,fm5027,3.313,4.158,4.451,5.099,0.103,0.128,0.137,0.156
0851+202,60703.6,2025-01-28,vo5029,,4.017,4.273,4.951,,0.122,0.129,0.15
0851+202,60717.6,2025-02-11,vo5043,,3.647,3.829,4.297,,0.11,0.115,0.129
0851+202,60727.4,2025-02-21,fm5052,3.213,3.722,3.999,4.822,0.102,0.118,0.121,0.145
0851+202,60728.5,2025-02-22,fm5053,,3.597,3.922,4.923,,0.111,0.122,0.15
0851+202,60762.4,2025-03-28,fm5087,2.902,3.749,4.049,5.181,0.095,0.121,0.124,0.156
0851+202,60789.2,2025-04-24,fm5114,2.991,3.822,4.186,5.025,0.1,0.134,0.127,0.152
0851+202,60814.2,2025-05-19,fm5139,3.197,3.46,3.621,4.099,0.11,0.107,0.11,0.124
0851+202,60851.0,2025-06-25,vo5176,2.752,3.164,3.359,3.757,0.094,0.096,0.104,0.114
0851+202,60858.0,2025-07-01,fm5183,,3.185,3.342,3.817,,0.097,0.101,0.118
0851+202,60872.0,2025-07-16,fm5197,2.6,3.128,,3.85,0.095,0.095,,0.116
0851+202,60906.8,2025-08-19,vo5232,,3.006,3.314,4.254,,0.093,0.102,0.129
0851+202,60939.2,2025-09-21,fm5264,,2.875,3.178,4.148,,0.093,0.097,0.126
0851+202,60976.6,2025-10-28,vo5302,,3.47,3.922,5.05,,0.111,0.119,0.153
0851+202,60981.7,2025-11-02,fm5306,2.688,3.621,4.022,5.01,0.122,0.134,0.123,0.152
0851+202,61005.0,2025-11-25,vo5330,,3.777,4.143,5.052,,0.125,0.126,0.154
0851+202,61005.9,2025-11-26,fm5331,2.701,3.917,4.318,5.367,0.095,0.129,0.131,0.163
0851+202,61025.6,2025-12-16,vo5351,2.772,3.954,4.297,5.201,0.092,0.129,0.13,0.158
0851+202,61027.0,2025-12-17,fm5352,2.786,3.963,4.366,5.162,0.115,0.133,0.136,0.155
0851+202,61053.6,2026-01-13,vo6014,,3.864,4.29,5.116,,0.124,0.135,0.157
0851+202,61068.8,2026-01-28,fm6029,2.773,4.226,4.664,5.841,0.12,0.131,0.143,0.176
0851+202,61089.5,2026-02-18,vo6049,,4.304,4.799,5.928,,0.134,0.15,0.181
0851+202,61094.3,2026-02-23,fm6054,2.995,4.35,4.778,5.879,0.137,0.143,0.155,0.178
0851+202,61095.6,2026-02-24,vo6056,,4.228,4.735,5.692,,0.135,0.152,0.173
0851+202,61105.7,2026-03-06,fm6066,,4.206,4.709,5.678,,0.142,0.148,0.171
0851+202,61130.6,2026-03-31,vo6091,2.871,4.034,4.401,5.232,0.101,0.13,0.134,0.158
0851+202,61131.8,2026-04-01,fm6092,2.983,4.097,4.475,5.367,0.124,0.136,0.137,0.162
0851+202,61159.2,2026-04-29,vo6119,,4.435,4.779,6.15,,0.159,0.147,0.186
0851+202,61160.2,2026-04-30,fm6120,3.146,4.596,5.083,6.278,0.155,0.156,0.157,0.189
0851+202,61188.2,2026-05-28,fm6148,,4.705,5.181,6.241,,0.163,0.158,0.188
0851+202,61202.2,2026-06-11,vo6162,,4.414,4.92,6.036,,0.137,0.15,0.184
0851+202,61227.2,2026-07-06,fm6186,,4.576,4.877,5.381,,0.152,0.147,0.163
0851+202,61236.1,2026-07-15,vo6196,,,4.743,5.226,,,0.143,0.158
0851+202,61250.0,2026-07-29,vo6210,,,4.027,4.289,,,0.124,0.131
0851+202,61289.9,2026-09-06,fm6249,,2.55,2.711,3.021,,0.078,0.083,0.093
0854-108,60557.0,2024-09-04,vo4248,,,0.613,0.637,,,0.02,0.021
0854-108,60579.1,2024-09-26,vo4269,,0.621,0.607,0.625,,0.022,0.021,0.02
0854-108,60648.8,2024-12-04,vo4339,,0.528,0.544,0.538,,0.017,0.017,0.017
0854-108,60907.1,2025-08-20,vo5232,,0.52,0.489,0.501,,0.02,0.018,0.017
0854-108,60956.0,2025-10-07,vo5281,,0.48,0.47,0.463,,0.018,0.016,0.016
0854-108,60977.0,2025-10-28,vo5302,,0.45,0.452,0.457,,0.016,0.015,0.015
0904-201,61053.7,2026-01-13,vo6014,,1.209,1.189,,,0.043,0.048,
0904-201,61096.7,2026-02-25,vo6056,,0.793,0.875,0.77,,0.034,0.034,0.031
0904-201,61131.7,2026-04-01,vo6091,,0.785,0.833,0.824,,0.031,0.034,0.034
0904-201,61159.6,2026-04-29,vo6119,,,0.799,,,,0.043,
0912+297,59975.7,2023-01-31,fm3031,,0.166,,,,0.009,,
0912+297,60078.2,2023-05-14,fm3134,,,0.146,,,,0.007,
0912+297,60092.3,2023-05-28,fm3148,,,0.129,0.118,,,0.007,0.009
0912+297,60126.6,2023-07-01,fm3182,,,,0.144,,,,0.01
0912+297,60139.5,2023-07-14,fm3195,,0.154,,,,0.01,,
0912+297,60237.4,2023-10-20,fm3293,,0.152,,0.14,,0.01,,0.011
0912+297,60250.7,2023-11-02,fm3306,,,0.145,,,,0.008,
0912+297,60320.5,2024-01-11,fm4011,,,0.165,,,,0.008,
0912+297,60359.4,2024-02-19,fm4050,,,0.157,0.118,,,0.008,0.008
0912+297,60383.5,2024-03-14,fm4074,,,0.146,,,,0.008,
0912+297,60437.2,2024-05-07,fm4128,,,0.139,,,,0.007,
0912+297,60464.4,2024-06-03,fm4155,,,0.161,0.11,,,0.009,0.009
0912+297,60621.6,2024-11-07,fm4312,,0.182,0.158,,,0.008,0.006,
0912+297,60649.6,2024-12-05,fm4340,,0.172,0.157,,,0.007,0.006,
0912+297,60650.6,2024-12-06,fm4341,,0.179,0.145,0.138,,0.007,0.006,0.007
0912+297,60702.4,2025-01-27,fm5027,,,0.15,,,,0.006,
0912+297,60727.4,2025-02-21,fm5052,,0.147,0.155,0.135,,0.007,0.006,0.006
0912+297,60728.4,2025-02-22,fm5053,,0.136,0.15,0.128,,0.007,0.007,0.007
0912+297,60762.5,2025-03-28,fm5087,,,,0.128,,,,0.006
0912+297,60789.2,2025-04-24,fm5114,,0.173,0.153,0.119,,0.007,0.006,0.006
0912+297,60814.2,2025-05-19,fm5139,,,0.152,0.127,,,0.007,0.007
0912+297,60858.3,2025-07-02,fm5183,,,0.159,,,,0.008,
0912+297,60939.8,2025-09-21,fm5264,,0.166,,0.132,,0.008,,0.007
0912+297,60981.7,2025-11-02,fm5306,,0.172,0.165,,,0.007,0.007,
0912+297,61006.1,2025-11-27,fm5331,,0.166,0.153,0.135,,0.008,0.007,0.009
0912+297,61069.4,2026-01-29,fm6029,,0.167,0.154,0.12,,0.008,0.007,0.006
0912+297,61106.3,2026-03-07,fm6066,,,0.159,0.115,,,0.007,0.006
0912+297,61132.2,2026-04-02,fm6092,,0.171,0.153,,,0.008,0.007,
0912+297,61160.2,2026-04-30,fm6120,,0.171,0.15,0.115,,0.007,0.007,0.007
0912+297,61188.1,2026-05-28,fm6148,,,,0.113,,,,0.005
0912+297,61227.0,2026-07-05,fm6186,,0.174,0.148,0.116,,0.008,0.006,0.006
0912+297,61254.9,2026-08-02,fm6214,,0.183,0.154,,,0.009,0.007,
0912+297,61289.8,2026-09-06,fm6249,,,0.139,0.128,,,0.008,0.007
0913+391,61053.7,2026-01-13,vo6014,,0.859,0.812,0.655,,0.03,0.027,0.023
0913+391,61130.6,2026-03-31,vo6091,,0.812,0.762,0.624,,0.026,0.025,0.02
0917+449,60557.0,2024-09-04,vo4248,,1.075,1.054,1.085,,0.037,0.032,0.033
0917+449,60578.1,2024-09-25,vo4269,,1.082,1.078,1.131,,0.033,0.033,0.034
0917+449,60592.3,2024-10-09,vo4283,,1.037,1.055,1.07,,0.032,0.033,0.032
0917+449,60620.0,2024-11-06,vo4311,,1.017,1.058,1.077,,0.035,0.032,0.033
0917+449,60655.0,2024-12-11,vo4346,,1.003,1.12,1.077,,0.031,0.034,0.033
0917+449,60696.6,2025-01-21,vo5022,,0.993,0.98,1.011,,0.031,0.03,0.031
0917+449,60703.5,2025-01-28,vo5029,,0.963,0.964,1.006,,0.03,0.03,0.03
0917+449,60717.6,2025-02-11,vo5043,,0.949,0.948,0.962,,0.029,0.029,0.029
0917+449,60808.7,2025-05-13,vo5134,,0.933,0.925,0.972,,0.03,0.029,0.03
0917+449,60850.7,2025-06-24,vo5176,,0.936,,0.995,,0.028,,0.03
0917+449,60906.5,2025-08-19,vo5232,,0.961,0.944,1.022,,0.031,0.029,0.032
0917+449,60955.5,2025-10-07,vo5281,,0.89,0.906,0.965,,0.027,0.028,0.029
0917+449,60976.5,2025-10-28,vo5302,,0.891,0.908,1.004,,0.027,0.028,0.03
0917+449,61053.6,2026-01-13,vo6014,,0.882,0.835,0.925,,0.03,0.03,0.032
0917+449,61088.9,2026-02-17,vo6049,,0.855,0.884,0.973,,0.029,0.03,0.031
0917+449,61095.6,2026-02-24,vo6056,,0.877,0.886,0.968,,0.028,0.028,0.03
0917+449,61130.5,2026-03-31,vo6091,,0.902,0.873,1.005,,0.029,0.03,0.031
0917+449,61201.7,2026-06-10,vo6162,,0.98,0.899,1.029,,0.033,0.03,0.032
0917+449,61235.6,2026-07-14,vo6196,,,0.914,1.046,,,0.029,0.032
0917+449,61249.5,2026-07-28,vo6210,,,0.946,1.065,,,0.03,0.033
0919-260,61055.0,2026-01-14,vo6014,,1.692,1.453,,,0.076,0.064,
0919-260,61089.9,2026-02-18,vo6049,,,1.631,1.271,,,0.072,0.051
0919-260,61096.9,2026-02-25,vo6056,,1.345,1.448,1.139,,0.068,0.071,0.051
0919-260,61131.8,2026-04-01,vo6091,,,,1.249,,,,0.063
0919-260,61250.4,2026-07-29,vo6210,,,1.422,1.049,,,0.061,0.05
0920+284,61236.0,2026-07-15,vo6196,,,,0.351,,,,0.015
0920+390,59957.6,2023-01-13,fm3013,,0.379,0.408,0.381,,0.014,0.013,0.013
0920+390,59975.7,2023-01-31,fm3031,,0.412,0.413,0.359,,0.014,0.013,0.012
0920+390,60078.2,2023-05-14,fm3134,,,0.383,0.362,,,0.013,0.013
0920+390,60092.2,2023-05-28,fm3148,,,0.376,0.358,,,0.013,0.012
0920+390,60126.2,2023-07-01,fm3182,,0.374,0.362,0.381,,0.015,0.014,0.016
0920+390,60139.6,2023-07-14,fm3195,,0.403,0.378,0.366,,0.014,0.013,0.013
0920+390,60237.3,2023-10-20,fm3293,,0.422,0.424,0.428,,0.014,0.014,0.015
0920+390,60250.3,2023-11-02,fm3306,,0.433,0.435,0.418,,0.015,0.015,0.015
0920+390,60320.4,2024-01-11,fm4011,,0.484,0.428,0.418,,0.021,0.014,0.014
0920+390,60359.3,2024-02-19,fm4050,,0.426,0.411,0.418,,0.014,0.013,0.014
0920+390,60383.4,2024-03-14,fm4074,,0.431,0.446,0.444,,0.016,0.015,0.015
0920+390,60437.1,2024-05-07,fm4128,,0.477,0.468,0.474,,0.02,0.015,0.015
0920+390,60464.4,2024-06-03,fm4155,,0.452,0.476,0.473,,0.019,0.016,0.016
0920+390,60621.5,2024-11-07,fm4312,,0.524,0.502,0.465,,0.016,0.017,0.015
0920+390,60649.4,2024-12-05,fm4340,,0.525,0.524,0.472,,0.017,0.017,0.017
0920+390,60650.5,2024-12-06,fm4341,,0.514,0.499,0.457,,0.016,0.015,0.015
0920+390,60702.3,2025-01-27,fm5027,,0.521,0.499,0.432,,0.018,0.015,0.014
0920+390,60727.3,2025-02-21,fm5052,,0.484,0.464,0.416,,0.015,0.015,0.013
0920+390,60728.5,2025-02-22,fm5053,,0.484,0.472,0.425,,0.015,0.015,0.015
0920+390,60762.5,2025-03-28,fm5087,,0.464,0.458,0.402,,0.016,0.015,0.013
0920+390,60789.1,2025-04-24,fm5114,,0.439,0.424,0.384,,0.014,0.013,0.012
0920+390,60814.2,2025-05-19,fm5139,,0.439,0.43,0.37,,0.015,0.014,0.012
0920+390,60858.3,2025-07-02,fm5183,,0.437,0.398,0.36,,0.015,0.013,0.012
0920+390,60872.2,2025-07-16,fm5197,,0.409,,0.317,,0.015,,0.012
0920+390,60939.4,2025-09-21,fm5264,,0.413,,0.35,,0.014,,0.012
0920+390,60981.5,2025-11-02,fm5306,,0.381,0.368,0.335,,0.014,0.012,0.011
0920+390,61006.0,2025-11-26,fm5331,,0.416,0.363,0.36,,0.014,0.012,0.012
0920+390,61027.7,2025-12-18,fm5352,,0.39,0.384,0.368,,0.013,0.012,0.012
0920+390,61068.9,2026-01-28,fm6029,,0.425,0.427,0.449,,0.014,0.013,0.014
0920+390,61094.6,2026-02-23,fm6054,,0.448,0.427,0.423,,0.015,0.014,0.013
0920+390,61105.9,2026-03-06,fm6066,,0.443,0.439,0.409,,0.015,0.014,0.013
0920+390,61131.9,2026-04-01,fm6092,,0.433,0.433,0.397,,0.015,0.014,0.013
0920+390,61160.0,2026-04-30,fm6120,,0.411,0.43,0.39,,0.014,0.014,0.013
0920+390,61187.9,2026-05-27,fm6148,,0.424,0.43,0.428,,0.014,0.014,0.014
0920+390,61226.6,2026-07-05,fm6186,,0.451,0.472,0.483,,0.015,0.015,0.015
0920+390,61254.5,2026-08-02,fm6214,,0.473,0.486,0.472,,0.016,0.015,0.015
0920+390,61289.7,2026-09-06,fm6249,,0.476,0.484,0.431,,0.015,0.016,0.015
0923+392,61053.6,2026-01-13,vo6014,,7.833,7.599,,,0.242,0.232,
0923+392,61088.9,2026-02-17,vo6049,,7.814,7.592,6.782,,0.238,0.23,0.207
0923+392,61095.6,2026-02-24,vo6056,7.216,7.754,7.574,6.582,0.235,0.234,0.228,0.198
0923+392,61130.8,2026-03-31,vo6091,,7.742,7.59,6.678,,0.234,0.229,0.201
0923+392,61158.7,2026-04-28,vo6119,,7.685,7.546,6.75,,0.288,0.228,0.204
0923+392,61201.6,2026-06-10,vo6162,,7.756,7.535,6.689,,0.235,0.227,0.204
0923+392,61236.2,2026-07-15,vo6196,,,7.644,6.685,,,0.231,0.202
0923+392,61249.6,2026-07-28,vo6210,,7.99,7.598,6.705,,0.288,0.229,0.205
0926-039,59975.6,2023-01-31,fm3031,,0.166,0.137,0.134,,0.009,0.007,0.009
0926-039,60092.4,2023-05-28,fm3148,,,,0.178,,,,0.009
0926-039,60126.4,2023-07-01,fm3182,,0.167,,,,0.011,,
0926-039,60140.3,2023-07-15,fm3195,,0.18,0.174,0.185,,0.011,0.009,0.012
0926-039,60238.0,2023-10-21,fm3293,,,,0.182,,,,0.013
0926-039,60251.0,2023-11-02,fm3306,,,0.174,,,,0.01,
0926-039,60359.6,2024-02-19,fm4050,,,0.156,0.155,,,0.009,0.01
0926-039,60622.0,2024-11-07,fm4312,,0.14,,,,0.006,,
0926-039,60702.7,2025-01-27,fm5027,,,0.145,0.116,,,0.007,0.007
0926-039,60727.6,2025-02-21,fm5052,,,,0.132,,,,0.01
0926-039,60728.4,2025-02-22,fm5053,,,0.136,,,,0.006,
0926-039,60789.4,2025-04-24,fm5114,,,0.138,,,,0.006,
0926-039,61006.8,2025-11-27,fm5331,,0.153,0.141,0.15,,0.008,0.008,0.009
0926-039,61027.9,2025-12-18,fm5352,,0.135,0.119,0.127,,0.008,0.007,0.007
0926-039,61094.4,2026-02-23,fm6054,,,0.132,,,,0.007,
0926-039,61132.5,2026-04-02,fm6092,,,0.142,,,,0.008,
0926-039,61160.4,2026-04-30,fm6120,,,0.141,,,,0.006,
0926-039,61188.4,2026-05-28,fm6148,,,,0.153,,,,0.007
0926-039,61255.2,2026-08-03,fm6214,,,0.169,,,,0.008,
0930-080,59957.9,2023-01-13,fm3013,,,0.271,0.278,,,0.012,0.014
0930-080,60078.4,2023-05-14,fm3134,,,0.298,,,,0.011,
0930-080,60092.4,2023-05-28,fm3148,,,0.29,0.289,,,0.011,0.013
0930-080,60140.3,2023-07-15,fm3195,,,0.292,,,,0.011,
0930-080,60238.1,2023-10-21,fm3293,,,0.294,,,,0.014,
0930-080,60320.8,2024-01-11,fm4011,,,0.278,,,,0.01,
0930-080,60359.7,2024-02-19,fm4050,,,0.292,,,,0.012,
0930-080,60383.6,2024-03-14,fm4074,,,0.285,,,,0.013,
0930-080,60437.5,2024-05-07,fm4128,,,0.281,0.26,,,0.011,0.016
0930-080,60464.6,2024-06-03,fm4155,,,0.266,,,,0.011,
0930-080,60622.0,2024-11-07,fm4312,,,,0.254,,,,0.012
0930-080,60650.9,2024-12-06,fm4341,,,0.258,,,,0.009,
0930-080,60702.8,2025-01-27,fm5027,,,0.236,,,,0.009,
0930-080,60728.4,2025-02-22,fm5053,,0.234,,,,0.01,,
0930-080,60789.5,2025-04-24,fm5114,,,0.214,0.231,,,0.008,0.013
0930-080,60858.1,2025-07-02,fm5183,,,0.249,0.27,,,0.01,0.012
0930-080,60982.1,2025-11-03,fm5306,,0.229,0.237,0.295,,0.01,0.01,0.014
0930-080,61006.9,2025-11-27,fm5331,,0.243,0.235,0.31,,0.01,0.009,0.013
0930-080,61027.9,2025-12-18,fm5352,,,0.242,0.278,,,0.01,0.011
0930-080,61069.7,2026-01-29,fm6029,,,0.241,0.281,,,0.009,0.011
0930-080,61094.4,2026-02-23,fm6054,,,0.227,0.28,,,0.009,0.013
0930-080,61095.6,2026-02-24,vo6056,,,0.24,,,,0.02,
0930-080,61106.6,2026-03-07,fm6066,,,0.283,0.275,,,0.011,0.012
0930-080,61132.6,2026-04-02,fm6092,,0.231,0.257,,,0.009,0.009,
0930-080,61160.5,2026-04-30,fm6120,,,0.288,,,,0.014,
0930-080,61227.3,2026-07-06,fm6186,,,0.259,0.267,,,0.009,0.011
0930-080,61255.2,2026-08-03,fm6214,,,0.253,,,,0.01,
0930-080,61290.2,2026-09-07,fm6249,,,0.255,,,,0.011,
0943+105,59957.8,2023-01-13,fm3013,,0.336,0.322,0.275,,0.011,0.011,0.01
0943+105,59975.6,2023-01-31,fm3031,,0.303,0.296,0.268,,0.013,0.011,0.01
0943+105,60078.3,2023-05-14,fm3134,,0.303,0.296,0.276,,0.014,0.01,0.01
0943+105,60092.3,2023-05-28,fm3148,,,0.303,0.265,,,0.011,0.01
0943+105,60126.5,2023-07-01,fm3182,,0.331,0.308,0.274,,0.013,0.012,0.013
0943+105,60140.2,2023-07-15,fm3195,,0.324,0.293,0.281,,0.013,0.011,0.012
0943+105,60238.0,2023-10-20,fm3293,,0.32,0.278,0.255,,0.013,0.011,0.011
0943+105,60250.9,2023-11-02,fm3306,,0.309,0.292,,,0.012,0.01,
0943+105,60320.7,2024-01-11,fm4011,,,0.286,0.243,,,0.01,0.009
0943+105,60359.6,2024-02-19,fm4050,,0.305,0.29,0.238,,0.011,0.011,0.01
0943+105,60383.5,2024-03-14,fm4074,,0.296,0.271,0.249,,0.014,0.01,0.011
0943+105,60437.4,2024-05-07,fm4128,,,0.262,,,,0.011,
0943+105,60464.3,2024-06-03,fm4155,,,0.255,0.226,,,0.01,0.01
0943+105,60621.8,2024-11-07,fm4312,,0.291,0.279,0.233,,0.011,0.01,0.008
0943+105,60649.8,2024-12-05,fm4340,,0.244,0.248,0.199,,0.009,0.009,0.008
0943+105,60650.7,2024-12-06,fm4341,,0.292,0.274,0.231,,0.01,0.009,0.009
0943+105,60702.6,2025-01-27,fm5027,,0.292,0.261,0.224,,0.011,0.009,0.008
0943+105,60727.6,2025-02-21,fm5052,,0.271,0.251,0.214,,0.009,0.009,0.009
0943+105,60728.4,2025-02-22,fm5053,,,0.253,,,,0.009,
0943+105,60762.5,2025-03-28,fm5087,,0.275,0.252,0.22,,0.009,0.009,0.008
0943+105,60789.4,2025-04-24,fm5114,,0.251,0.247,0.205,,0.01,0.008,0.008
0943+105,60814.4,2025-05-19,fm5139,,0.3,0.251,0.208,,0.013,0.009,0.008
0943+105,60858.2,2025-07-02,fm5183,,,0.243,0.186,,,0.009,0.008
0943+105,60872.1,2025-07-16,fm5197,,0.263,,,,0.011,,
0943+105,60981.9,2025-11-02,fm5306,,0.232,0.22,0.168,,0.009,0.008,0.007
0943+105,61006.0,2025-11-26,fm5331,,0.22,0.213,0.188,,0.008,0.008,0.009
0943+105,61027.9,2025-12-18,fm5352,,,0.224,,,,0.011,
0943+105,61069.6,2026-01-29,fm6029,,0.223,0.208,0.177,,0.009,0.008,0.008
0943+105,61094.5,2026-02-23,fm6054,,0.234,0.21,0.169,,0.01,0.008,0.008
0943+105,61106.5,2026-03-07,fm6066,,,0.215,0.177,,,0.008,0.007
0943+105,61132.4,2026-04-02,fm6092,,0.239,0.224,0.191,,0.01,0.008,0.008
0943+105,61160.4,2026-04-30,fm6120,,0.237,0.235,,,0.01,0.009,
0943+105,61188.3,2026-05-28,fm6148,,,0.234,0.199,,,0.009,0.007
0943+105,61227.2,2026-07-06,fm6186,,0.253,0.231,0.197,,0.01,0.009,0.008
0943+105,61255.1,2026-08-03,fm6214,,0.267,0.251,0.21,,0.01,0.009,0.008
0943+105,61290.0,2026-09-07,fm6249,,0.249,0.221,,,0.009,0.01,
0951+268,59957.6,2023-01-13,fm3013,,,0.249,0.216,,,0.01,0.009
0951+268,59975.8,2023-01-31,fm3031,,0.254,0.241,0.204,,0.01,0.009,0.009
0951+268,60078.2,2023-05-14,fm3134,,,0.243,0.201,,,0.009,0.008
0951+268,60092.3,2023-05-28,fm3148,,,0.224,0.189,,,0.009,0.008
0951+268,60126.3,2023-07-01,fm3182,,,0.235,0.224,,,0.01,0.011
0951+268,60139.5,2023-07-14,fm3195,,,0.232,0.195,,,0.009,0.01
0951+268,60250.8,2023-11-02,fm3306,,0.262,0.244,,,0.011,0.009,
0951+268,60320.5,2024-01-11,fm4011,,,0.248,0.206,,,0.009,0.009
0951+268,60359.4,2024-02-19,fm4050,,0.259,0.244,,,0.01,0.009,
0951+268,60383.5,2024-03-14,fm4074,,0.268,0.237,0.225,,0.012,0.009,0.011
0951+268,60437.6,2024-05-07,fm4128,,,0.239,,,,0.01,
0951+268,60464.5,2024-06-03,fm4155,,0.265,0.233,,,0.012,0.009,
0951+268,60621.7,2024-11-07,fm4312,,0.229,0.225,0.191,,0.009,0.009,0.007
0951+268,60649.6,2024-12-05,fm4340,,0.241,0.23,0.193,,0.009,0.008,0.009
0951+268,60650.7,2024-12-06,fm4341,,0.23,0.22,0.19,,0.008,0.007,0.008
0951+268,60702.5,2025-01-27,fm5027,,0.227,0.21,0.182,,0.009,0.007,0.007
0951+268,60727.4,2025-02-21,fm5052,,0.215,0.215,,,0.008,0.008,
0951+268,60728.5,2025-02-22,fm5053,,0.236,0.216,,,0.011,0.008,
0951+268,60762.5,2025-03-28,fm5087,,0.218,0.207,0.172,,0.008,0.008,0.007
0951+268,60789.2,2025-04-24,fm5114,,0.219,0.2,0.184,,0.009,0.007,0.007
0951+268,60814.2,2025-05-19,fm5139,,,0.207,0.172,,,0.008,0.007
0951+268,60858.2,2025-07-02,fm5183,,0.213,0.201,0.19,,0.01,0.009,0.01
0951+268,60939.8,2025-09-21,fm5264,,0.204,,0.174,,0.008,,0.007
0951+268,60981.7,2025-11-02,fm5306,,0.208,0.186,0.157,,0.008,0.007,0.008
0951+268,61006.2,2025-11-27,fm5331,,,0.193,0.185,,,0.009,0.008
0951+268,61027.8,2025-12-18,fm5352,,0.174,0.198,0.163,,0.008,0.008,0.008
0951+268,61069.0,2026-01-29,fm6029,,0.185,0.189,0.165,,0.008,0.008,0.007
0951+268,61105.9,2026-03-06,fm6066,,0.191,,0.151,,0.009,,0.007
0951+268,61132.3,2026-04-02,fm6092,,0.205,0.192,0.166,,0.008,0.008,0.007
0951+268,61160.2,2026-04-30,fm6120,,0.203,0.192,,,0.009,0.007,
0951+268,61188.1,2026-05-28,fm6148,,0.208,0.193,0.156,,0.01,0.007,0.006
0951+268,61226.6,2026-07-05,fm6186,,0.197,0.171,0.155,,0.008,0.007,0.007
0951+268,61254.9,2026-08-02,fm6214,,0.199,0.188,0.15,,0.008,0.008,0.007
0951+268,61289.8,2026-09-06,fm6249,,0.179,,,,0.008,,
0954+658,59957.6,2023-01-13,fm3013,,1.672,1.611,1.447,,0.054,0.049,0.044
0954+658,59975.7,2023-01-31,fm3031,,1.389,1.306,1.16,,0.043,0.04,0.035
0954+658,60078.2,2023-05-14,fm3134,,1.251,1.282,1.335,,0.049,0.042,0.041
0954+658,60092.2,2023-05-28,fm3148,,,1.218,1.334,,,0.038,0.041
0954+658,60126.2,2023-07-01,fm3182,,1.249,1.239,1.322,,0.046,0.038,0.041
0954+658,60139.5,2023-07-14,fm3195,,1.249,1.256,1.325,,0.038,0.039,0.04
0954+658,60237.3,2023-10-20,fm3293,,1.09,1.092,1.114,,0.034,0.033,0.034
0954+658,60250.3,2023-11-02,fm3306,,1.064,1.056,1.085,,0.033,0.033,0.036
0954+658,60320.4,2024-01-11,fm4011,,1.231,1.32,1.738,,0.045,0.04,0.054
0954+658,60359.4,2024-02-19,fm4050,,1.634,1.81,2.517,,0.052,0.056,0.079
0954+658,60383.8,2024-03-14,fm4074,,1.782,2.013,2.712,,0.056,0.061,0.083
0954+658,60437.1,2024-05-07,fm4128,,2.089,2.311,2.608,,0.077,0.074,0.079
0954+658,60464.5,2024-06-03,fm4155,,1.978,2.018,2.142,,0.068,0.064,0.066
0954+658,60621.3,2024-11-07,fm4312,1.53,1.623,1.633,1.709,0.048,0.055,0.049,0.052
0954+658,60649.2,2024-12-05,fm4340,,1.63,1.667,1.863,,0.052,0.053,0.063
0954+658,60650.4,2024-12-06,fm4341,,1.521,1.577,1.725,,0.053,0.049,0.053
0954+658,60702.1,2025-01-27,fm5027,1.478,1.558,1.594,1.726,0.063,0.05,0.048,0.052
0954+658,60727.3,2025-02-21,fm5052,1.506,1.548,1.566,1.696,0.057,0.047,0.047,0.051
0954+658,60728.4,2025-02-22,fm5053,1.578,1.496,1.554,1.723,0.055,0.049,0.047,0.053
0954+658,60762.4,2025-03-28,fm5087,,1.609,1.683,1.922,,0.051,0.052,0.059
0954+658,60789.0,2025-04-24,fm5114,,1.482,1.466,1.456,,0.046,0.044,0.044
0954+658,60814.0,2025-05-19,fm5139,,1.224,1.214,1.241,,0.04,0.037,0.038
0954+658,60858.1,2025-07-02,fm5183,,1.093,1.1,1.299,,0.035,0.034,0.041
0954+658,60872.1,2025-07-16,fm5197,,1.209,,1.45,,0.039,,0.044
0954+658,60939.2,2025-09-21,fm5264,,1.289,1.298,1.412,,0.044,0.04,0.043
0954+658,60981.2,2025-11-02,fm5306,,1.287,1.3,1.44,,0.044,0.04,0.044
0954+658,61006.0,2025-11-26,fm5331,,1.126,1.156,1.343,,0.038,0.04,0.041
0954+658,61027.1,2025-12-18,fm5352,,1.172,1.151,1.332,,0.037,0.038,0.041
0954+658,61053.6,2026-01-13,vo6014,,1.101,1.116,,,0.036,0.036,
0954+658,61068.8,2026-01-28,fm6029,,1.09,1.131,1.295,,0.034,0.035,0.039
0954+658,61088.9,2026-02-17,vo6049,,1.092,1.074,1.267,,0.034,0.034,0.039
0954+658,61094.4,2026-02-23,fm6054,,1.05,1.073,1.313,,0.034,0.033,0.04
0954+658,61105.7,2026-03-06,fm6066,,1.132,1.174,1.427,,0.036,0.036,0.044
0954+658,61131.8,2026-04-01,fm6092,,1.094,1.123,1.399,,0.037,0.035,0.043
0954+658,61158.5,2026-04-28,vo6119,,,1.199,1.311,,,0.039,0.04
0954+658,61159.8,2026-04-29,fm6120,,1.182,1.213,1.313,,0.043,0.038,0.04
0954+658,61187.7,2026-05-27,fm6148,,1.032,1.041,1.124,,0.039,0.032,0.036
0954+658,61226.5,2026-07-05,fm6186,,0.927,0.946,1.09,,0.03,0.031,0.033
0954+658,61235.6,2026-07-14,vo6196,,,0.901,1.066,,,0.03,0.033
0954+658,61249.5,2026-07-28,vo6210,,1.005,1.04,1.277,,0.036,0.033,0.039
0954+658,61254.4,2026-08-02,fm6214,,0.961,1.049,1.294,,0.031,0.032,0.039
0954+658,61289.4,2026-09-06,fm6249,,1.099,1.212,1.423,,0.037,0.038,0.045
0955+476,59957.6,2023-01-13,fm3013,,0.772,0.834,0.951,,0.026,0.025,0.029
0955+476,59975.7,2023-01-31,fm3031,,0.814,0.839,0.954,,0.025,0.026,0.029
0955+476,60078.2,2023-05-14,fm3134,,0.802,0.885,1.088,,0.029,0.027,0.033
0955+476,60092.2,2023-05-28,fm3148,,,0.838,1.102,,,0.027,0.034
0955+476,60127.0,2023-07-02,fm3182,,0.828,0.88,1.135,,0.028,0.028,0.036
0955+476,60139.5,2023-07-14,fm3195,,0.849,0.899,1.153,,0.029,0.028,0.035
0955+476,60237.2,2023-10-20,fm3293,,0.943,1.008,1.23,,0.032,0.031,0.038
0955+476,60243.3,2023-10-26,vo3299,,0.96,1.028,1.252,,0.03,0.032,0.038
0955+476,60250.3,2023-11-02,fm3306,,0.93,1.007,1.231,,0.03,0.032,0.038
0955+476,60320.4,2024-01-11,fm4011,,0.938,1.047,1.241,,0.032,0.034,0.038
0955+476,60359.4,2024-02-19,fm4050,,0.992,1.067,1.281,,0.031,0.033,0.039
0955+476,60383.4,2024-03-14,fm4074,0.778,0.953,1.042,1.288,0.037,0.03,0.032,0.039
0955+476,60424.0,2024-04-24,vo4115,,1.021,1.108,1.334,,0.032,0.034,0.04
0955+476,60437.1,2024-05-07,fm4128,,0.98,1.127,1.298,,0.031,0.034,0.039
0955+476,60459.1,2024-05-29,vo4150,,0.93,1.13,1.375,,0.033,0.036,0.045
0955+476,60464.4,2024-06-03,fm4155,,0.949,1.155,1.261,,0.037,0.035,0.039
0955+476,60621.3,2024-11-07,fm4312,,1.145,1.181,1.191,,0.035,0.036,0.036
0955+476,60648.0,2024-12-04,vo4339,,1.097,1.173,1.167,,0.039,0.036,0.035
0955+476,60649.2,2024-12-05,fm4340,,1.144,1.18,1.195,,0.037,0.038,0.041
0955+476,60650.4,2024-12-06,fm4341,,1.102,1.147,1.123,,0.034,0.035,0.035
0955+476,60702.1,2025-01-27,fm5027,,1.053,1.09,1.059,,0.032,0.033,0.033
0955+476,60727.2,2025-02-21,fm5052,,1.032,1.064,1.002,,0.032,0.032,0.031
0955+476,60728.4,2025-02-22,fm5053,,1.039,1.049,,,0.032,0.032,
0955+476,60762.4,2025-03-28,fm5087,,0.999,1.026,0.988,,0.031,0.032,0.031
0955+476,60773.6,2025-04-08,vo5099,,1.029,1.048,0.986,,0.032,0.032,0.03
0955+476,60789.0,2025-04-24,fm5114,,1.054,1.057,1.008,,0.033,0.032,0.031
0955+476,60814.0,2025-05-19,fm5139,,1.01,1.064,1.001,,0.035,0.034,0.031
0955+476,60858.1,2025-07-02,fm5183,,1.04,1.015,0.97,,0.033,0.031,0.031
0955+476,60872.1,2025-07-16,fm5197,,1.053,,0.938,,0.037,,0.03
0955+476,60939.2,2025-09-21,fm5264,,0.987,0.973,0.888,,0.036,0.03,0.027
0955+476,60981.3,2025-11-02,fm5306,,0.93,0.953,0.871,,0.029,0.029,0.027
0955+476,61005.0,2025-11-25,vo5330,,1.011,1.005,0.927,,0.031,0.031,0.029
0955+476,61006.0,2025-11-26,fm5331,1.158,1.049,1.02,0.945,0.05,0.032,0.031,0.03
0955+476,61025.6,2025-12-16,vo5351,,1.029,1.005,0.925,,0.033,0.031,0.028
0955+476,61027.1,2025-12-18,fm5352,,1.033,1.014,0.918,,0.033,0.031,0.028
0955+476,61068.8,2026-01-28,fm6029,,1.039,1.021,0.925,,0.033,0.031,0.028
0955+476,61094.4,2026-02-23,fm6054,,1.075,1.054,0.945,,0.033,0.032,0.029
0955+476,61105.8,2026-03-06,fm6066,,1.097,1.039,0.927,,0.034,0.032,0.029
0955+476,61131.8,2026-04-01,fm6092,,1.053,1.077,0.958,,0.034,0.033,0.03
0955+476,61159.7,2026-04-29,fm6120,,1.04,1.04,0.923,,0.039,0.032,0.029
0955+476,61187.8,2026-05-27,fm6148,,,1.013,0.949,,,0.031,0.029
0955+476,61226.5,2026-07-05,fm6186,,1.004,1.014,0.944,,0.032,0.033,0.03
0955+476,61254.4,2026-08-02,fm6214,,1.046,1.034,0.965,,0.035,0.032,0.03
0955+476,61289.4,2026-09-06,fm6249,,1.049,1.028,0.953,,0.033,0.032,0.031
1004-217,59958.0,2023-01-14,fm3013,,,0.318,0.265,,,0.015,0.018
1004-217,59976.0,2023-02-01,fm3031,,,0.28,0.252,,,0.016,0.017
1004-217,61028.1,2025-12-19,fm5352,,0.301,0.275,0.24,,0.011,0.01,0.012
1012+232,59957.5,2023-01-13,fm3013,,0.912,0.887,0.979,,0.029,0.029,0.032
1012+232,59975.6,2023-01-31,fm3031,,0.857,0.908,0.937,,0.027,0.03,0.029
1012+232,60078.3,2023-05-14,fm3134,,0.939,0.967,1.003,,0.035,0.032,0.031
1012+232,60092.3,2023-05-28,fm3148,,,0.979,1.003,,,0.031,0.031
1012+232,60126.5,2023-07-01,fm3182,,1.015,1.01,1.004,,0.032,0.031,0.031
1012+232,60139.5,2023-07-14,fm3195,,0.961,0.969,0.946,,0.03,0.03,0.029
1012+232,60237.2,2023-10-20,fm3293,,0.995,0.961,0.917,,0.031,0.029,0.029
1012+232,60250.8,2023-11-02,fm3306,,0.965,0.915,0.891,,0.03,0.029,0.029
1012+232,60320.6,2024-01-11,fm4011,,0.911,0.904,0.8,,0.03,0.028,0.025
1012+232,60359.5,2024-02-19,fm4050,,0.902,0.849,0.758,,0.029,0.027,0.024
1012+232,60383.5,2024-03-14,fm4074,,0.897,0.83,0.752,,0.028,0.026,0.024
1012+232,60437.6,2024-05-07,fm4128,,,0.805,0.714,,,0.025,0.023
1012+232,60464.4,2024-06-03,fm4155,,0.812,0.776,0.694,,0.028,0.024,0.022
1012+232,60621.7,2024-11-07,fm4312,,0.816,0.744,0.666,,0.026,0.023,0.021
1012+232,60649.7,2024-12-05,fm4340,,0.799,0.766,0.681,,0.026,0.025,0.024
1012+232,60650.7,2024-12-06,fm4341,,0.808,0.722,0.658,,0.027,0.022,0.021
1012+232,60702.5,2025-01-27,fm5027,,0.809,0.731,0.661,,0.028,0.023,0.021
1012+232,60727.4,2025-02-21,fm5052,0.942,0.759,0.754,0.656,0.032,0.024,0.024,0.021
1012+232,60728.5,2025-02-22,fm5053,,0.765,0.755,0.647,,0.024,0.023,0.022
1012+232,60762.3,2025-03-28,fm5087,,,0.635,0.608,,,0.021,0.02
1012+232,60789.3,2025-04-24,fm5114,,0.753,0.714,0.614,,0.024,0.022,0.02
1012+232,60814.2,2025-05-19,fm5139,,0.772,0.725,0.602,,0.029,0.022,0.019
1012+232,60858.0,2025-07-02,fm5183,,0.765,0.666,0.584,,0.026,0.022,0.02
1012+232,60872.0,2025-07-16,fm5197,,,,0.568,,,,0.018
1012+232,60939.2,2025-09-21,fm5264,,0.651,0.598,0.52,,0.023,0.019,0.017
1012+232,60981.8,2025-11-02,fm5306,,0.643,0.634,0.575,,0.02,0.02,0.018
1012+232,61006.0,2025-11-26,fm5331,,0.694,0.638,0.607,,0.024,0.023,0.02
1012+232,61027.2,2025-12-18,fm5352,,,0.669,0.594,,,0.022,0.02
1012+232,61068.8,2026-01-28,fm6029,,0.654,0.636,0.592,,0.021,0.021,0.019
1012+232,61094.3,2026-02-23,fm6054,,0.73,0.642,0.604,,0.024,0.02,0.019
1012+232,61105.7,2026-03-06,fm6066,,0.696,0.689,0.623,,0.029,0.022,0.02
1012+232,61131.8,2026-04-01,fm6092,,0.693,0.695,0.663,,0.023,0.022,0.021
1012+232,61160.2,2026-04-30,fm6120,,0.736,0.734,,,0.025,0.023,
1012+232,61188.2,2026-05-28,fm6148,,0.739,0.755,0.731,,0.03,0.023,0.023
1012+232,61226.6,2026-07-05,fm6186,,0.781,0.76,0.728,,0.026,0.024,0.023
1012+232,61254.4,2026-08-02,fm6214,,0.777,0.768,0.738,,0.025,0.024,0.023
1012+232,61289.9,2026-09-06,fm6249,,0.791,0.786,,,0.025,0.025,
1015+057,59957.7,2023-01-13,fm3013,,0.303,0.3,0.292,,0.011,0.012,0.012
1015+057,59975.7,2023-01-31,fm3031,,0.294,0.291,0.298,,0.012,0.01,0.011
1015+057,60078.4,2023-05-14,fm3134,,,0.3,0.298,,,0.011,0.012
1015+057,60092.4,2023-05-28,fm3148,,,0.276,0.298,,,0.011,0.011
1015+057,60126.5,2023-07-01,fm3182,,0.289,0.302,0.28,,0.011,0.011,0.014
1015+057,60139.4,2023-07-14,fm3195,,,0.282,0.273,,,0.01,0.011
1015+057,60238.0,2023-10-20,fm3293,,0.268,0.27,,,0.011,0.011,
1015+057,60250.9,2023-11-02,fm3306,,0.252,0.249,0.247,,0.01,0.01,0.012
1015+057,60320.7,2024-01-11,fm4011,,,0.253,0.235,,,0.01,0.01
1015+057,60359.6,2024-02-19,fm4050,,0.271,0.24,0.251,,0.011,0.01,0.01
1015+057,60383.6,2024-03-14,fm4074,,0.265,0.252,,,0.012,0.011,
1015+057,60437.4,2024-05-07,fm4128,,0.315,0.251,0.25,,0.013,0.01,0.012
1015+057,60464.4,2024-06-03,fm4155,,,0.255,,,,0.011,
1015+057,60621.9,2024-11-07,fm4312,,0.273,0.266,0.243,,0.009,0.01,0.008
1015+057,60649.8,2024-12-05,fm4340,,0.282,0.274,0.251,,0.01,0.009,0.01
1015+057,60650.8,2024-12-06,fm4341,,0.269,0.264,0.241,,0.01,0.009,0.009
1015+057,60702.7,2025-01-27,fm5027,,0.278,0.273,0.245,,0.01,0.009,0.009
1015+057,60727.6,2025-02-21,fm5052,,0.274,0.27,,,0.01,0.009,
1015+057,60728.6,2025-02-22,fm5053,,0.27,0.271,0.242,,0.009,0.009,0.011
1015+057,60762.5,2025-03-28,fm5087,,0.283,0.275,0.254,,0.011,0.01,0.009
1015+057,60789.4,2025-04-24,fm5114,,,0.303,0.259,,,0.01,0.009
1015+057,60814.4,2025-05-19,fm5139,,,0.302,0.273,,,0.012,0.01
1015+057,60858.2,2025-07-02,fm5183,,,0.3,0.279,,,0.01,0.011
1015+057,60872.2,2025-07-16,fm5197,,0.297,,0.261,,0.011,,0.012
1015+057,60940.0,2025-09-22,fm5264,,0.306,0.305,0.285,,0.011,0.011,0.01
1015+057,60981.9,2025-11-02,fm5306,,0.319,0.315,0.292,,0.011,0.011,0.011
1015+057,61006.8,2025-11-27,fm5331,,0.34,0.341,0.31,,0.011,0.011,0.011
1015+057,61027.9,2025-12-18,fm5352,,0.323,0.326,0.3,,0.012,0.011,0.011
1015+057,61069.6,2026-01-29,fm6029,,0.322,0.326,0.293,,0.012,0.011,0.01
1015+057,61094.5,2026-02-23,fm6054,,0.329,0.321,0.287,,0.011,0.012,0.01
1015+057,61106.5,2026-03-07,fm6066,,,0.329,0.304,,,0.011,0.01
1015+057,61132.5,2026-04-02,fm6092,,0.352,0.337,0.315,,0.012,0.011,0.011
1015+057,61160.4,2026-04-30,fm6120,,0.366,0.355,0.307,,0.015,0.011,0.011
1015+057,61188.3,2026-05-28,fm6148,,,0.344,0.305,,,0.011,0.011
1015+057,61227.2,2026-07-06,fm6186,,,0.361,0.34,,,0.012,0.011
1015+057,61255.2,2026-08-03,fm6214,,0.366,0.339,0.334,,0.013,0.012,0.012
1015+057,61290.1,2026-09-07,fm6249,,0.385,0.357,,,0.013,0.012,
1015+359,60459.0,2024-05-29,vo4150,,0.621,0.667,0.819,,0.021,0.02,0.026
1015+359,61095.5,2026-02-24,vo6056,,0.673,0.697,0.659,,0.023,0.023,0.021
1015+359,61130.5,2026-03-31,vo6091,,0.721,0.698,0.668,,0.024,0.023,0.021
1015+359,61250.1,2026-07-29,vo6210,,0.755,0.737,0.719,,0.032,0.025,0.023
1022+194,59957.6,2023-01-13,fm3013,,,0.435,0.384,,,0.02,0.014
1022+194,59975.7,2023-01-31,fm3031,,0.429,0.387,0.355,,0.014,0.014,0.012
1022+194,60078.3,2023-05-14,fm3134,,0.461,0.436,0.381,,0.017,0.014,0.013
1022+194,60092.4,2023-05-28,fm3148,,,0.413,0.375,,,0.016,0.013
1022+194,60126.6,2023-07-01,fm3182,,0.425,0.425,0.378,,0.015,0.016,0.014
1022+194,60139.6,2023-07-14,fm3195,,0.435,0.426,0.377,,0.016,0.015,0.014
1022+194,60250.8,2023-11-02,fm3306,,0.439,0.411,0.393,,0.015,0.014,0.015
1022+194,60320.6,2024-01-11,fm4011,,,0.424,0.389,,,0.016,0.013
1022+194,60359.5,2024-02-19,fm4050,,0.505,0.501,0.394,,0.017,0.017,0.014
1022+194,60383.5,2024-03-14,fm4074,,0.458,0.436,0.407,,0.016,0.014,0.015
1022+194,60437.6,2024-05-07,fm4128,,,0.464,0.438,,,0.016,0.015
1022+194,60464.5,2024-06-03,fm4155,,0.474,0.447,0.418,,0.018,0.016,0.014
1022+194,60621.8,2024-11-07,fm4312,,0.482,0.481,0.475,,0.015,0.015,0.015
1022+194,60649.7,2024-12-05,fm4340,,0.508,0.507,0.507,,0.017,0.016,0.018
1022+194,60650.7,2024-12-06,fm4341,,0.48,0.493,0.479,,0.015,0.015,0.015
1022+194,60702.6,2025-01-27,fm5027,,0.48,0.489,0.488,,0.016,0.015,0.015
1022+194,60727.5,2025-02-21,fm5052,0.491,0.479,0.488,0.465,0.019,0.017,0.015,0.015
1022+194,60789.4,2025-04-24,fm5114,0.531,0.458,0.477,0.468,0.021,0.015,0.015,0.015
1022+194,60814.3,2025-05-19,fm5139,,0.469,0.465,0.475,,0.018,0.015,0.016
1022+194,60858.1,2025-07-02,fm5183,,0.507,0.479,0.488,,0.021,0.015,0.016
1022+194,60872.1,2025-07-16,fm5197,,0.435,,0.44,,0.014,,0.015
1022+194,60939.9,2025-09-21,fm5264,,0.472,0.443,0.464,,0.018,0.015,0.015
1022+194,60981.8,2025-11-02,fm5306,,0.463,0.461,0.477,,0.014,0.014,0.015
1022+194,61006.8,2025-11-27,fm5331,,0.441,0.442,0.492,,0.015,0.015,0.016
1022+194,61027.9,2025-12-18,fm5352,0.525,0.435,0.443,0.464,0.022,0.017,0.014,0.016
1022+194,61069.5,2026-01-29,fm6029,,0.442,0.447,0.479,,0.014,0.014,0.015
1022+194,61094.5,2026-02-23,fm6054,,0.451,0.452,0.487,,0.014,0.015,0.015
1022+194,61106.4,2026-03-07,fm6066,,0.442,0.441,0.49,,0.014,0.014,0.015
1022+194,61132.4,2026-04-02,fm6092,,0.443,0.448,0.492,,0.015,0.014,0.016
1022+194,61160.4,2026-04-30,fm6120,,0.44,0.441,0.482,,0.015,0.014,0.015
1022+194,61188.2,2026-05-28,fm6148,,,0.443,0.496,,,0.015,0.015
1022+194,61227.1,2026-07-06,fm6186,,0.441,0.431,0.5,,0.015,0.014,0.016
1022+194,61255.0,2026-08-03,fm6214,,0.445,0.457,0.507,,0.015,0.015,0.016
1022+194,61289.9,2026-09-06,fm6249,,0.432,0.444,,,0.014,0.014,
1027-186,59957.9,2023-01-13,fm3013,,0.294,0.287,0.294,,0.012,0.011,0.011
1027-186,59975.9,2023-01-31,fm3031,,0.3,0.275,0.262,,0.013,0.011,0.012
1027-186,60078.6,2023-05-14,fm3134,,,0.284,0.297,,,0.011,0.012
1027-186,60092.6,2023-05-28,fm3148,,,0.277,0.34,,,0.011,0.013
1027-186,60126.6,2023-07-01,fm3182,,,0.272,0.326,,,0.014,0.016
1027-186,60140.5,2023-07-15,fm3195,,,0.296,0.324,,,0.013,0.015
1027-186,60651.0,2024-12-07,fm4341,,0.348,0.335,0.331,,0.012,0.011,0.013
1027-186,61028.1,2025-12-19,fm5352,,0.403,0.396,0.412,,0.013,0.013,0.014
1030+415,60417.1,2024-04-17,vo4108,,0.789,0.807,0.819,,0.026,0.026,0.025
1030+415,60557.0,2024-09-04,vo4248,,,0.871,0.951,,,0.027,0.029
1030+415,60592.0,2024-10-09,vo4283,,0.905,0.953,0.985,,0.028,0.029,0.03
1030+415,60620.2,2024-11-06,vo4311,,0.965,1.001,1.027,,0.031,0.03,0.031
1030+415,60655.1,2024-12-11,vo4346,,0.93,1.059,1.005,,0.028,0.032,0.031
1030+415,60696.7,2025-01-21,vo5022,,0.994,1.008,1.034,,0.031,0.031,0.031
1030+415,60703.8,2025-01-28,vo5029,,1.056,1.055,1.071,,0.032,0.032,0.032
1030+415,60717.6,2025-02-11,vo5043,,1.029,1.049,1.082,,0.032,0.032,0.033
1030+415,60808.6,2025-05-13,vo5134,,1.044,1.087,1.123,,0.033,0.033,0.034
1030+415,60850.8,2025-06-24,vo5176,,1.093,,1.118,,0.033,,0.034
1030+415,60906.6,2025-08-19,vo5232,,1.23,1.195,1.136,,0.041,0.037,0.036
1030+415,60955.5,2025-10-07,vo5281,,1.095,1.112,1.081,,0.034,0.037,0.034
1030+415,60976.6,2025-10-28,vo5302,,1.093,1.123,1.112,,0.034,0.035,0.034
1030+415,61053.5,2026-01-13,vo6014,,1.204,1.228,,,0.037,0.04,
1030+415,61088.9,2026-02-17,vo6049,,1.185,1.202,1.188,,0.038,0.039,0.037
1030+415,61095.5,2026-02-24,vo6056,,1.194,1.206,1.161,,0.039,0.037,0.035
1030+415,61158.5,2026-04-28,vo6119,,1.238,1.222,1.235,,0.04,0.038,0.038
1030+415,61235.6,2026-07-14,vo6196,,,1.215,1.187,,,0.038,0.037
1030+415,61249.6,2026-07-28,vo6210,,,1.229,1.176,,,0.038,0.036
1036+054,61053.6,2026-01-13,vo6014,,1.001,0.942,,,0.034,0.032,
1036+054,61089.6,2026-02-18,vo6049,,0.928,0.935,0.826,,0.034,0.033,0.028
1036+054,61095.5,2026-02-24,vo6056,,0.963,0.938,0.819,,0.031,0.03,0.026
1036+054,61130.5,2026-03-31,vo6091,,0.962,0.908,0.773,,0.033,0.03,0.025
1036+054,61159.4,2026-04-29,vo6119,,,0.87,0.75,,,0.031,0.026
1036+054,61202.2,2026-06-11,vo6162,,0.851,0.794,0.674,,0.031,0.027,0.022
1036+054,61236.2,2026-07-15,vo6196,,,0.779,0.624,,,0.027,0.021
1036+054,61250.2,2026-07-29,vo6210,,,0.792,0.704,,,0.027,0.024
1038+064,61202.6,2026-06-11,vo6162,,,1.414,1.476,,,0.052,0.051
1038+064,61236.3,2026-07-15,vo6196,,,1.439,1.42,,,0.045,0.044
1039+811,60424.1,2024-04-24,vo4115,,1.163,1.121,1.049,,0.038,0.034,0.032
1039+811,60557.1,2024-09-04,vo4248,,,1.051,0.847,,,0.035,0.032
1039+811,60592.1,2024-10-09,vo4283,,0.99,0.928,0.783,,0.035,0.037,0.029
1039+811,60620.1,2024-11-06,vo4311,,1.058,0.957,0.761,,0.034,0.03,0.024
1039+811,60648.4,2024-12-04,vo4339,,1.041,0.991,0.753,,0.036,0.036,0.024
1039+811,60655.1,2024-12-11,vo4346,,1.04,1.058,0.746,,0.034,0.037,0.024
1039+811,60696.6,2025-01-21,vo5022,,0.991,0.9,0.71,,0.038,0.028,0.022
1039+811,60703.7,2025-01-28,vo5029,,0.978,0.914,0.718,,0.035,0.029,0.022
1039+811,60717.5,2025-02-11,vo5043,,0.945,0.895,0.701,,0.03,0.029,0.021
1039+811,60773.5,2025-04-08,vo5099,,0.919,0.892,0.784,,0.03,0.031,0.024
1039+811,60808.6,2025-05-13,vo5134,,0.944,0.897,0.824,,0.031,0.028,0.025
1039+811,60850.8,2025-06-24,vo5176,,0.962,,0.879,,0.031,,0.027
1039+811,60906.5,2025-08-19,vo5232,,,1.084,0.958,,,0.042,0.032
1039+811,60955.5,2025-10-07,vo5281,,0.983,1.001,0.872,,0.032,0.032,0.032
1039+811,61005.0,2025-11-25,vo5330,,1.005,0.977,0.915,,0.032,0.04,0.029
1039+811,61025.6,2025-12-16,vo5351,,1.017,1.037,0.917,,0.032,0.033,0.028
1039+811,61053.5,2026-01-13,vo6014,,1.012,1.064,0.87,,0.037,0.041,0.028
1039+811,61095.5,2026-02-24,vo6056,,1.036,1.066,0.872,,0.034,0.041,0.028
1039+811,61158.5,2026-04-28,vo6119,,1.004,,0.856,,0.033,,0.027
1039+811,61201.6,2026-06-10,vo6162,,0.997,0.947,0.855,,0.034,0.03,0.027
1039+811,61235.6,2026-07-14,vo6196,,,0.961,0.851,,,0.049,0.026
1040+244,59957.7,2023-01-13,fm3013,,0.594,0.568,0.524,,0.019,0.018,0.017
1040+244,59975.8,2023-01-31,fm3031,,0.614,0.598,0.553,,0.022,0.019,0.018
1040+244,60078.3,2023-05-14,fm3134,,,0.548,0.573,,,0.017,0.018
1040+244,60092.2,2023-05-28,fm3148,,,0.527,0.554,,,0.018,0.018
1040+244,60126.6,2023-07-01,fm3182,,0.48,0.5,0.55,,0.016,0.016,0.018
1040+244,60139.6,2023-07-14,fm3195,,0.482,0.517,0.6,,0.017,0.018,0.02
1040+244,60237.2,2023-10-20,fm3293,,0.587,0.61,0.692,,0.019,0.019,0.022
1040+244,60250.3,2023-11-02,fm3306,,0.577,0.628,0.703,,0.018,0.02,0.023
1040+244,60320.6,2024-01-11,fm4011,,0.732,0.725,0.774,,0.025,0.023,0.024
1040+244,60359.5,2024-02-19,fm4050,0.57,0.715,0.782,0.886,0.022,0.022,0.024,0.028
1040+244,60383.8,2024-03-14,fm4074,,0.897,0.924,1.055,,0.029,0.029,0.033
1040+244,60417.2,2024-04-17,vo4108,,0.955,0.984,0.954,,0.031,0.03,0.029
1040+244,60424.0,2024-04-24,vo4115,,0.882,0.92,0.928,,0.027,0.028,0.028
1040+244,60437.6,2024-05-07,fm4128,,1.004,0.992,0.969,,0.038,0.032,0.03
1040+244,60464.4,2024-06-03,fm4155,0.989,0.913,0.906,0.847,0.047,0.037,0.028,0.028
1040+244,60557.0,2024-09-04,vo4248,,0.829,0.837,0.789,,0.034,0.026,0.024
1040+244,60578.0,2024-09-25,vo4269,,0.835,0.845,0.884,,0.027,0.027,0.028
1040+244,60592.0,2024-10-09,vo4283,,0.86,0.852,0.857,,0.027,0.027,0.026
1040+244,60620.0,2024-11-06,vo4311,,0.878,0.894,0.905,,0.031,0.028,0.027
1040+244,60621.8,2024-11-07,fm4312,,0.879,0.885,0.893,,0.028,0.031,0.027
1040+244,60648.6,2024-12-04,vo4339,,0.856,0.891,0.916,,0.032,0.029,0.028
1040+244,60649.7,2024-12-05,fm4340,,0.884,0.908,0.945,,0.028,0.029,0.032
1040+244,60650.7,2024-12-06,fm4341,,0.881,0.894,0.91,,0.027,0.027,0.028
1040+244,60655.0,2024-12-11,vo4346,,0.892,0.983,0.923,,0.028,0.03,0.028
1040+244,60696.5,2025-01-21,vo5022,,0.928,0.93,0.931,,0.029,0.028,0.028
1040+244,60702.5,2025-01-27,fm5027,0.897,0.939,0.943,0.962,0.029,0.03,0.029,0.029
1040+244,60703.6,2025-01-28,vo5029,,0.921,0.926,0.918,,0.028,0.029,0.028
1040+244,60717.6,2025-02-11,vo5043,,0.923,0.916,0.887,,0.028,0.028,0.027
1040+244,60727.5,2025-02-21,fm5052,0.959,0.928,0.91,,0.032,0.028,0.028,
1040+244,60728.4,2025-02-22,fm5053,0.915,0.915,0.907,0.884,0.032,0.029,0.028,0.028
1040+244,60762.6,2025-03-28,fm5087,,0.824,0.797,0.718,,0.026,0.024,0.022
1040+244,60773.5,2025-04-08,vo5099,,0.781,0.759,0.692,,0.025,0.023,0.021
1040+244,60789.3,2025-04-24,fm5114,0.82,0.797,0.745,0.658,0.028,0.027,0.023,0.021
1040+244,60808.6,2025-05-13,vo5134,,0.669,0.66,0.58,,0.022,0.02,0.018
1040+244,60814.1,2025-05-19,fm5139,,,0.672,0.571,,,0.025,0.018
1040+244,60851.0,2025-06-25,vo5176,,0.647,0.646,0.595,,0.022,0.022,0.019
1040+244,60858.1,2025-07-02,fm5183,,0.695,0.675,0.65,,0.022,0.021,0.021
1040+244,60872.2,2025-07-16,fm5197,,0.686,,0.63,,0.025,,0.02
1040+244,60906.8,2025-08-19,vo5232,,1.095,0.901,0.771,,0.036,0.03,0.028
1040+244,60939.9,2025-09-21,fm5264,,0.848,0.835,0.824,,0.028,0.026,0.025
1040+244,60955.8,2025-10-07,vo5281,,0.86,0.843,0.786,,0.027,0.028,0.025
1040+244,60976.6,2025-10-28,vo5302,,0.848,0.784,0.802,,0.028,0.026,0.026
1040+244,60981.8,2025-11-02,fm5306,0.807,0.795,0.789,0.764,0.03,0.025,0.024,0.023
1040+244,61005.3,2025-11-26,vo5330,,0.732,0.745,0.735,,0.026,0.027,0.024
1040+244,61006.1,2025-11-27,fm5331,,0.763,0.762,0.742,,0.024,0.024,0.024
1040+244,61025.5,2025-12-16,vo5351,,0.74,0.747,0.716,,0.025,0.024,0.023
1040+244,61027.1,2025-12-18,fm5352,,0.73,0.735,0.709,,0.025,0.023,0.022
1040+244,61054.0,2026-01-13,vo6014,,0.655,,0.704,,0.038,,0.045
1040+244,61069.0,2026-01-29,fm6029,0.701,0.726,0.704,0.699,0.026,0.023,0.022,0.022
1040+244,61089.3,2026-02-18,vo6049,,,,0.629,,,,0.045
1040+244,61094.5,2026-02-23,fm6054,,0.663,0.652,0.669,,0.021,0.02,0.021
1040+244,61095.7,2026-02-24,vo6056,,0.688,0.669,0.671,,0.036,0.034,0.027
1040+244,61105.9,2026-03-06,fm6066,,0.641,0.645,0.712,,0.021,0.02,0.022
1040+244,61130.7,2026-03-31,vo6091,,,0.669,0.826,,,0.031,0.032
1040+244,61131.8,2026-04-01,fm6092,,0.665,0.705,0.816,,0.023,0.022,0.025
1040+244,61158.6,2026-04-28,vo6119,,,0.747,,,,0.035,
1040+244,61159.8,2026-04-29,fm6120,,0.701,0.747,0.921,,0.022,0.023,0.029
1040+244,61188.2,2026-05-28,fm6148,,,0.818,0.921,,,0.026,0.028
1040+244,61201.6,2026-06-10,vo6162,,,0.766,0.848,,,0.033,0.032
1040+244,61226.6,2026-07-05,fm6186,,0.766,0.791,0.846,,0.027,0.025,0.026
1040+244,61236.3,2026-07-15,vo6196,,,,0.891,,,,0.033
1040+244,61250.2,2026-07-29,vo6210,,,0.829,0.905,,,0.039,0.037
1040+244,61254.4,2026-08-02,fm6214,,0.837,0.863,0.934,,0.027,0.027,0.029
1040+244,61289.4,2026-09-06,fm6249,,0.845,0.89,,,0.027,0.029,
1042+071,59957.8,2023-01-13,fm3013,,0.285,0.279,0.269,,0.01,0.011,0.01
1042+071,59975.7,2023-01-31,fm3031,,0.289,0.297,0.268,,0.012,0.012,0.01
1042+071,60078.4,2023-05-14,fm3134,,,0.305,0.305,,,0.011,0.011
1042+071,60092.4,2023-05-28,fm3148,,,0.297,0.291,,,0.013,0.011
1042+071,60126.4,2023-07-01,fm3182,,0.329,0.313,0.331,,0.012,0.011,0.013
1042+071,60139.5,2023-07-14,fm3195,,,0.297,0.299,,,0.012,0.012
1042+071,60238.0,2023-10-21,fm3293,,0.316,0.309,,,0.012,0.011,
1042+071,60251.0,2023-11-02,fm3306,,0.306,0.305,0.311,,0.011,0.011,0.013
1042+071,60320.7,2024-01-11,fm4011,,,0.312,0.302,,,0.011,0.011
1042+071,60359.6,2024-02-19,fm4050,,0.337,0.326,0.338,,0.012,0.011,0.013
1042+071,60383.6,2024-03-14,fm4074,,0.337,0.305,0.333,,0.015,0.012,0.013
1042+071,60437.4,2024-05-07,fm4128,,,0.337,0.346,,,0.012,0.012
1042+071,60464.4,2024-06-03,fm4155,,,0.316,0.321,,,0.012,0.012
1042+071,60621.9,2024-11-07,fm4312,,0.327,0.329,0.327,,0.011,0.011,0.011
1042+071,60649.8,2024-12-05,fm4340,,0.346,0.351,0.369,,0.012,0.012,0.014
1042+071,60650.8,2024-12-06,fm4341,,0.322,0.325,0.313,,0.01,0.01,0.012
1042+071,60702.7,2025-01-27,fm5027,,0.33,0.327,0.321,,0.012,0.011,0.011
1042+071,60727.6,2025-02-21,fm5052,,0.314,0.324,,,0.01,0.011,
1042+071,60728.7,2025-02-22,fm5053,,0.346,0.351,0.333,,0.011,0.011,0.012
1042+071,60762.5,2025-03-28,fm5087,,0.319,0.318,0.292,,0.011,0.011,0.01
1042+071,60789.4,2025-04-24,fm5114,,,0.326,0.32,,,0.011,0.011
1042+071,60814.4,2025-05-19,fm5139,,,0.325,0.325,,,0.011,0.011
1042+071,60858.1,2025-07-02,fm5183,,0.361,0.368,0.358,,0.015,0.012,0.012
1042+071,60872.1,2025-07-16,fm5197,,0.305,,0.302,,0.011,,0.012
1042+071,60981.9,2025-11-02,fm5306,,0.336,0.322,0.298,,0.011,0.011,0.01
1042+071,61006.8,2025-11-27,fm5331,,0.33,0.318,0.283,,0.011,0.011,0.011
1042+071,61027.1,2025-12-18,fm5352,,0.311,0.303,0.269,,0.013,0.011,0.01
1042+071,61069.6,2026-01-29,fm6029,,0.325,0.3,0.283,,0.012,0.01,0.01
1042+071,61094.5,2026-02-23,fm6054,,0.304,0.302,0.296,,0.011,0.012,0.011
1042+071,61106.6,2026-03-07,fm6066,,,0.289,0.26,,,0.01,0.009
1042+071,61132.5,2026-04-02,fm6092,,0.316,0.317,0.289,,0.011,0.011,0.01
1042+071,61160.4,2026-04-30,fm6120,,0.3,0.287,0.301,,0.01,0.01,0.011
1042+071,61188.3,2026-05-28,fm6148,,,0.319,0.282,,,0.011,0.01
1042+071,61227.2,2026-07-06,fm6186,,0.31,0.291,0.28,,0.013,0.011,0.01
1042+071,61255.2,2026-08-03,fm6214,,0.291,0.304,0.286,,0.011,0.011,0.01
1044+719,60727.2,2025-02-21,fm5052,,1.09,1.045,0.921,,0.034,0.032,0.029
1044+719,60728.4,2025-02-22,fm5053,1.323,1.041,1.035,0.906,0.055,0.039,0.031,0.028
1044+719,60762.4,2025-03-28,fm5087,,1.019,0.957,0.902,,0.032,0.03,0.028
1044+719,60789.0,2025-04-24,fm5114,,0.984,0.947,0.938,,0.03,0.029,0.029
1044+719,60814.0,2025-05-19,fm5139,,1.039,1.005,1.047,,0.04,0.035,0.032
1044+719,60858.1,2025-07-02,fm5183,,1.099,1.108,1.229,,0.036,0.034,0.039
1044+719,60872.1,2025-07-16,fm5197,,1.097,,1.301,,0.036,,0.04
1044+719,60940.4,2025-09-22,fm5264,,1.421,1.516,1.74,,0.051,0.046,0.053
1044+719,60981.2,2025-11-02,fm5306,,1.609,1.726,1.868,,0.06,0.053,0.057
1044+719,61006.0,2025-11-26,fm5331,,1.643,1.636,1.755,,0.057,0.055,0.054
1044+719,61027.3,2025-12-18,fm5352,1.373,1.648,1.709,1.739,0.045,0.053,0.052,0.053
1044+719,61053.6,2026-01-13,vo6014,,1.611,1.665,1.586,,0.051,0.051,0.049
1044+719,61068.8,2026-01-28,fm6029,,1.746,1.738,1.606,,0.056,0.053,0.049
1044+719,61094.6,2026-02-23,fm6054,,1.738,1.747,1.646,,0.053,0.053,0.05
1044+719,61095.6,2026-02-24,vo6056,,1.691,1.737,1.617,,0.052,0.055,0.049
1044+719,61105.7,2026-03-06,fm6066,,1.791,1.804,1.743,,0.061,0.055,0.053
1044+719,61130.5,2026-03-31,vo6091,,1.852,1.896,1.779,,0.064,0.063,0.054
1044+719,61131.7,2026-04-01,fm6092,,1.875,1.927,1.818,,0.068,0.058,0.055
1044+719,61158.5,2026-04-28,vo6119,,1.928,1.928,1.926,,0.06,0.061,0.059
1044+719,61159.7,2026-04-29,fm6120,,1.941,1.985,1.912,,0.064,0.062,0.06
1044+719,61187.7,2026-05-27,fm6148,,1.951,2.023,2.018,,0.066,0.068,0.061
1044+719,61201.5,2026-06-10,vo6162,,2.144,2.074,2.028,,0.074,0.064,0.062
1044+719,61226.7,2026-07-05,fm6186,,2.162,2.19,2.064,,0.07,0.067,0.063
1044+719,61235.5,2026-07-14,vo6196,,,2.188,2.022,,,0.067,0.061
1044+719,61249.6,2026-07-28,vo6210,,2.291,2.246,2.142,,0.085,0.069,0.066
1044+719,61254.4,2026-08-02,fm6214,,2.251,2.275,2.17,,0.071,0.069,0.066
1044+719,61289.4,2026-09-06,fm6249,,2.307,2.394,,,0.077,0.077,
1053+704,59957.6,2023-01-13,fm3013,,0.452,0.478,0.463,,0.015,0.015,0.015
1053+704,59975.7,2023-01-31,fm3031,,0.46,0.469,0.47,,0.015,0.015,0.016
1053+704,60078.2,2023-05-14,fm3134,,,0.422,0.411,,,0.014,0.013
1053+704,60092.2,2023-05-28,fm3148,,,0.401,0.413,,,0.014,0.014
1053+704,60126.2,2023-07-01,fm3182,,0.429,0.397,0.421,,0.019,0.014,0.017
1053+704,60139.5,2023-07-14,fm3195,,0.421,0.408,0.417,,0.015,0.013,0.014
1053+704,60237.2,2023-10-20,fm3293,,0.416,0.412,0.431,,0.014,0.015,0.016
1053+704,60250.3,2023-11-02,fm3306,,0.408,0.405,0.428,,0.014,0.013,0.015
1053+704,60320.4,2024-01-11,fm4011,,0.438,0.426,0.488,,0.015,0.014,0.016
1053+704,60359.3,2024-02-19,fm4050,,0.403,0.432,0.47,,0.013,0.014,0.016
1053+704,60383.4,2024-03-14,fm4074,,0.41,0.435,0.467,,0.015,0.014,0.016
1053+704,60437.0,2024-05-07,fm4128,,,0.444,0.508,,,0.014,0.017
1053+704,60464.4,2024-06-03,fm4155,,0.42,0.444,0.512,,0.015,0.015,0.016
1053+704,60621.4,2024-11-07,fm4312,,0.427,0.47,0.481,,0.017,0.015,0.015
1053+704,60649.3,2024-12-05,fm4340,,0.481,0.489,0.514,,0.016,0.016,0.018
1053+704,60650.4,2024-12-06,fm4341,,0.452,0.454,0.478,,0.014,0.014,0.015
1053+704,60702.2,2025-01-27,fm5027,,0.454,0.47,0.492,,0.017,0.015,0.015
1053+704,60727.3,2025-02-21,fm5052,,0.43,0.459,0.494,,0.015,0.016,0.016
1053+704,60728.5,2025-02-22,fm5053,,0.47,0.454,,,0.017,0.015,
1053+704,60762.6,2025-03-28,fm5087,,0.449,0.464,0.503,,0.015,0.015,0.016
1053+704,60789.0,2025-04-24,fm5114,,0.472,0.478,0.523,,0.021,0.016,0.017
1053+704,60814.1,2025-05-19,fm5139,,0.478,0.499,0.535,,0.015,0.016,0.017
1053+704,60858.2,2025-07-02,fm5183,,0.47,0.49,0.557,,0.015,0.016,0.018
1053+704,60872.2,2025-07-16,fm5197,,0.491,,0.542,,0.018,,0.017
1053+704,60939.3,2025-09-21,fm5264,,0.498,,0.515,,0.02,,0.016
1053+704,60981.4,2025-11-02,fm5306,,0.455,0.487,0.502,,0.014,0.015,0.016
1053+704,61006.1,2025-11-27,fm5331,,0.483,0.498,0.5,,0.015,0.016,0.017
1053+704,61027.2,2025-12-18,fm5352,,0.473,0.496,0.496,,0.015,0.015,0.016
1053+704,61069.0,2026-01-28,fm6029,,0.468,0.512,0.544,,0.017,0.016,0.017
1053+704,61094.4,2026-02-23,fm6054,,0.487,0.505,0.56,,0.015,0.016,0.018
1053+704,61105.9,2026-03-06,fm6066,,0.455,0.487,0.58,,0.016,0.017,0.018
1053+704,61131.9,2026-04-01,fm6092,,0.491,0.518,0.61,,0.018,0.016,0.019
1053+704,61159.8,2026-04-29,fm6120,,0.484,0.524,0.625,,0.017,0.017,0.02
1053+704,61187.8,2026-05-27,fm6148,,0.494,0.537,0.677,,0.016,0.017,0.021
1053+704,61226.5,2026-07-05,fm6186,,0.558,0.606,0.776,,0.018,0.021,0.024
1053+704,61254.5,2026-08-02,fm6214,,0.555,0.621,0.844,,0.022,0.02,0.026
1053+704,61289.5,2026-09-06,fm6249,,0.575,0.716,0.948,,0.02,0.025,0.03
1055+018,61159.4,2026-04-29,vo6119,,4.801,4.945,5.653,,0.195,0.157,0.173
1058+726,61201.6,2026-06-10,vo6162,,0.756,0.707,0.592,,0.028,0.025,0.019
1059+282,59957.6,2023-01-13,fm3013,,0.702,0.708,0.691,,0.022,0.022,0.022
1059+282,59975.6,2023-01-31,fm3031,,0.708,0.682,0.661,,0.023,0.023,0.021
1059+282,60078.3,2023-05-14,fm3134,,,0.628,0.602,,,0.021,0.019
1059+282,60092.2,2023-05-28,fm3148,,,0.606,0.599,,,0.019,0.019
1059+282,60126.5,2023-07-01,fm3182,,0.63,0.607,0.582,,0.02,0.019,0.021
1059+282,60139.5,2023-07-14,fm3195,,,0.622,0.577,,,0.02,0.02
1059+282,60237.3,2023-10-20,fm3293,,0.589,0.575,0.572,,0.021,0.018,0.019
1059+282,60250.4,2023-11-02,fm3306,,0.562,0.54,0.513,,0.018,0.018,0.019
1059+282,60320.6,2024-01-11,fm4011,,0.574,0.556,0.538,,0.022,0.017,0.017
1059+282,60359.4,2024-02-19,fm4050,,0.553,0.543,0.528,,0.017,0.017,0.017
1059+282,60383.5,2024-03-14,fm4074,,0.546,0.54,0.527,,0.018,0.017,0.018
1059+282,60437.6,2024-05-07,fm4128,,0.573,0.536,0.52,,0.02,0.018,0.017
1059+282,60464.5,2024-06-03,fm4155,,,0.481,0.497,,,0.016,0.016
1059+282,60621.7,2024-11-07,fm4312,0.5,0.477,0.475,0.463,0.021,0.015,0.015,0.015
1059+282,60649.7,2024-12-05,fm4340,,0.509,0.5,0.487,,0.017,0.016,0.017
1059+282,60650.7,2024-12-06,fm4341,,0.476,0.486,0.469,,0.015,0.015,0.015
1059+282,60702.5,2025-01-27,fm5027,,0.488,0.471,0.479,,0.016,0.015,0.015
1059+282,60727.5,2025-02-21,fm5052,,0.451,0.462,0.476,,0.015,0.014,0.016
1059+282,60728.5,2025-02-22,fm5053,,0.46,0.463,0.472,,0.015,0.014,0.016
1059+282,60762.6,2025-03-28,fm5087,,0.454,0.459,0.457,,0.017,0.015,0.014
1059+282,60789.3,2025-04-24,fm5114,,0.481,0.472,0.462,,0.015,0.015,0.014
1059+282,60814.3,2025-05-19,fm5139,,0.459,0.466,0.456,,0.017,0.015,0.015
1059+282,60858.2,2025-07-02,fm5183,,0.478,0.481,0.49,,0.015,0.015,0.016
1059+282,60872.1,2025-07-16,fm5197,,0.458,,0.43,,0.015,,0.014
1059+282,60939.2,2025-09-21,fm5264,,0.434,0.446,0.444,,0.016,0.016,0.014
1059+282,60981.8,2025-11-02,fm5306,,0.443,0.441,0.429,,0.014,0.014,0.014
1059+282,61006.0,2025-11-26,fm5331,,0.494,0.457,0.431,,0.018,0.018,0.014
1059+282,61027.8,2025-12-18,fm5352,,0.417,0.395,0.401,,0.014,0.014,0.014
1059+282,61069.0,2026-01-29,fm6029,,0.427,0.418,0.41,,0.015,0.013,0.013
1059+282,61094.5,2026-02-23,fm6054,,0.416,0.413,0.413,,0.014,0.013,0.013
1059+282,61105.9,2026-03-06,fm6066,,0.414,0.422,0.409,,0.015,0.013,0.013
1059+282,61131.9,2026-04-01,fm6092,,0.42,0.425,0.435,,0.014,0.014,0.014
1059+282,61160.2,2026-04-30,fm6120,,0.43,0.423,0.416,,0.014,0.013,0.013
1059+282,61188.2,2026-05-28,fm6148,,0.389,0.414,0.413,,0.014,0.013,0.013
1059+282,61226.6,2026-07-05,fm6186,,0.415,0.4,0.408,,0.014,0.013,0.013
1059+282,61254.6,2026-08-02,fm6214,,0.432,0.422,0.41,,0.018,0.014,0.013
1059+282,61289.9,2026-09-06,fm6249,,0.42,0.442,0.442,,0.014,0.015,0.015
1102-242,61096.9,2026-02-25,vo6056,,,,0.596,,,,0.037
1111+149,59957.6,2023-01-13,fm3013,,0.421,0.398,0.322,,0.015,0.014,0.013
1111+149,59975.7,2023-01-31,fm3031,,0.409,0.381,0.316,,0.015,0.014,0.012
1111+149,60078.4,2023-05-14,fm3134,,,0.345,0.258,,,0.012,0.01
1111+149,60092.4,2023-05-28,fm3148,,,0.344,0.249,,,0.013,0.009
1111+149,60126.6,2023-07-01,fm3182,,0.329,0.336,,,0.013,0.012,
1111+149,60139.4,2023-07-14,fm3195,,0.35,0.325,0.255,,0.015,0.012,0.011
1111+149,60250.9,2023-11-02,fm3306,,0.336,0.304,0.284,,0.012,0.011,0.011
1111+149,60320.7,2024-01-11,fm4011,,,0.293,0.284,,,0.01,0.01
1111+149,60359.6,2024-02-19,fm4050,,0.339,0.32,0.327,,0.014,0.011,0.012
1111+149,60383.6,2024-03-14,fm4074,,,0.33,0.32,,,0.013,0.014
1111+149,60437.4,2024-05-07,fm4128,,,0.341,0.35,,,0.012,0.012
1111+149,60464.4,2024-06-03,fm4155,,,0.338,0.345,,,0.013,0.013
1111+149,60649.8,2024-12-05,fm4340,,0.41,0.401,0.402,,0.014,0.013,0.015
1111+149,60650.8,2024-12-06,fm4341,,0.385,0.382,0.372,,0.013,0.013,0.012
1111+149,60702.6,2025-01-27,fm5027,,,0.384,0.391,,,0.012,0.013
1111+149,60727.6,2025-02-21,fm5052,0.437,0.377,0.402,0.399,0.017,0.013,0.014,0.013
1111+149,60728.3,2025-02-22,fm5053,,0.4,0.386,0.368,,0.013,0.013,0.014
1111+149,60762.5,2025-03-28,fm5087,,0.394,0.395,0.367,,0.013,0.013,0.012
1111+149,60789.4,2025-04-24,fm5114,,0.394,0.421,0.361,,0.017,0.013,0.012
1111+149,60814.3,2025-05-19,fm5139,,0.495,0.414,0.35,,0.018,0.014,0.011
1111+149,60858.1,2025-07-02,fm5183,,0.405,0.413,0.356,,0.014,0.014,0.012
1111+149,60872.1,2025-07-16,fm5197,,0.391,,0.297,,0.015,,0.014
1111+149,60940.0,2025-09-21,fm5264,,,,0.301,,,,0.012
1111+149,60981.9,2025-11-02,fm5306,,0.36,0.344,0.247,,0.013,0.011,0.01
1111+149,61006.1,2025-11-27,fm5331,0.433,0.373,0.36,0.271,0.02,0.013,0.013,0.011
1111+149,61027.1,2025-12-18,fm5352,,0.345,0.336,0.253,,0.012,0.012,0.01
1111+149,61069.6,2026-01-29,fm6029,0.477,0.332,0.307,0.234,0.02,0.011,0.01,0.008
1111+149,61094.4,2026-02-23,fm6054,,0.34,0.29,0.237,,0.011,0.01,0.009
1111+149,61106.5,2026-03-07,fm6066,,0.344,0.299,0.229,,0.012,0.011,0.008
1111+149,61132.4,2026-04-02,fm6092,,0.325,0.302,0.236,,0.011,0.01,0.009
1111+149,61160.4,2026-04-30,fm6120,,,0.288,,,,0.01,
1111+149,61188.3,2026-05-28,fm6148,,,0.313,0.225,,,0.011,0.008
1111+149,61227.2,2026-07-06,fm6186,,0.309,0.271,0.228,,0.011,0.009,0.008
1111+149,61255.1,2026-08-03,fm6214,,0.316,0.299,0.233,,0.011,0.01,0.009
1111+149,61290.0,2026-09-07,fm6249,,,0.258,0.242,,,0.012,0.011
1115-122,61053.9,2026-01-13,vo6014,,1.375,1.436,,,0.046,0.052,
1115-122,61236.4,2026-07-15,vo6196,,,1.162,1.076,,,0.044,0.036
1115-122,61250.6,2026-07-29,vo6210,,,1.436,1.325,,,0.05,0.053
1124-186,59958.0,2023-01-13,fm3013,,0.874,0.913,1.047,,0.028,0.03,0.032
1124-186,59976.0,2023-02-01,fm3031,,0.924,0.936,1.086,,0.031,0.031,0.034
1124-186,60078.6,2023-05-14,fm3134,,,1.153,1.255,,,0.035,0.039
1124-186,60092.6,2023-05-28,fm3148,,,1.115,1.227,,,0.036,0.038
1124-186,60126.6,2023-07-01,fm3182,0.917,1.093,1.127,1.18,0.037,0.035,0.035,0.037
1124-186,60140.6,2023-07-15,fm3195,,1.099,1.174,1.216,,0.04,0.037,0.039
1124-186,60244.1,2023-10-27,vo3299,,1.171,1.21,1.257,,0.037,0.038,0.039
1124-186,60251.2,2023-11-03,fm3306,0.942,1.143,1.204,1.236,0.033,0.036,0.037,0.038
1124-186,60321.0,2024-01-11,fm4011,,1.181,1.213,1.266,,0.04,0.038,0.039
1124-186,60359.9,2024-02-19,fm4050,1.075,1.128,1.134,1.12,0.037,0.034,0.035,0.035
1124-186,60417.8,2024-04-17,vo4108,,1.099,1.154,1.164,,0.06,0.046,0.042
1124-186,60424.6,2024-04-24,vo4115,0.994,1.145,1.191,1.227,0.036,0.038,0.038,0.037
1124-186,60437.7,2024-05-07,fm4128,,1.181,1.261,1.296,,0.042,0.039,0.04
1124-186,60459.7,2024-05-29,vo4150,,,1.357,0.747,,,0.047,0.033
1124-186,60557.1,2024-09-04,vo4248,,,1.326,1.459,,,0.043,0.048
1124-186,60578.0,2024-09-25,vo4269,,1.286,1.367,1.487,,0.045,0.043,0.046
1124-186,60593.2,2024-10-10,vo4283,,1.301,1.325,1.361,,0.043,0.042,0.042
1124-186,60621.1,2024-11-07,vo4311,,1.329,1.391,1.458,,0.045,0.043,0.044
1124-186,60622.2,2024-11-08,fm4312,1.175,1.373,1.431,1.481,0.041,0.046,0.05,0.046
1124-186,60649.0,2024-12-05,vo4339,,1.475,1.483,1.543,,0.049,0.046,0.048
1124-186,60650.1,2024-12-06,fm4340,,1.404,1.488,1.583,,0.045,0.048,0.054
1124-186,60651.1,2024-12-07,fm4341,,1.35,1.419,1.458,,0.043,0.043,0.045
1124-186,60656.0,2024-12-12,vo4346,,1.512,1.66,1.609,,0.047,0.052,0.049
1124-186,60696.5,2025-01-21,vo5022,,1.484,1.5,1.528,,0.048,0.046,0.047
1124-186,60702.9,2025-01-27,fm5027,1.373,1.543,1.577,1.606,0.056,0.048,0.049,0.049
1124-186,60703.5,2025-01-28,vo5029,,1.482,1.513,1.522,,0.049,0.047,0.049
1124-186,60717.5,2025-02-11,vo5043,,1.464,1.492,1.475,,0.046,0.046,0.045
1124-186,60727.9,2025-02-21,fm5052,1.431,1.517,1.554,1.553,0.047,0.048,0.047,0.048
1124-186,60728.9,2025-02-22,fm5053,1.333,1.447,1.48,,0.043,0.044,0.045,
1124-186,60774.7,2025-04-09,vo5099,,1.563,1.598,1.466,,0.053,0.049,0.045
1124-186,60789.7,2025-04-24,fm5114,,1.592,1.584,1.545,,0.051,0.048,0.048
1124-186,60809.6,2025-05-14,vo5134,,1.52,1.569,1.426,,0.05,0.049,0.045
1124-186,60814.6,2025-05-19,fm5139,,1.86,1.602,1.492,,0.083,0.049,0.045
1124-186,60851.5,2025-06-25,vo5176,,1.527,1.506,1.435,,0.048,0.048,0.045
1124-186,60858.5,2025-07-02,fm5183,1.957,1.629,1.541,1.469,0.088,0.058,0.049,0.047
1124-186,60872.5,2025-07-16,fm5197,,1.438,,1.19,,0.046,,0.038
1124-186,60907.3,2025-08-20,vo5232,,,1.431,1.396,,,0.046,0.044
1124-186,60956.3,2025-10-08,vo5281,,1.363,1.341,1.326,,0.045,0.045,0.042
1124-186,60977.2,2025-10-29,vo5302,,1.393,1.419,1.461,,0.051,0.046,0.047
1124-186,60982.2,2025-11-03,fm5306,,1.417,1.464,1.48,,0.044,0.045,0.046
1124-186,61005.3,2025-11-26,vo5330,,1.371,1.446,1.48,,0.054,0.057,0.051
1124-186,61005.9,2025-11-26,fm5331,1.437,1.443,1.472,1.509,0.05,0.044,0.045,0.047
1124-186,61026.0,2025-12-17,vo5351,,1.354,1.351,1.398,,0.044,0.043,0.047
1124-186,61028.1,2025-12-19,fm5352,1.276,1.33,1.362,1.25,0.046,0.044,0.042,0.039
1124-186,61054.2,2026-01-14,vo6014,,1.322,,,,0.084,,
1124-186,61095.7,2026-02-24,vo6056,,1.23,1.272,,,0.061,0.054,
1124-186,61250.7,2026-07-29,vo6210,,,1.76,1.906,,,0.083,0.077
1124-186,61290.3,2026-09-07,fm6249,,1.45,1.571,1.652,,0.044,0.048,0.053
1127-145,61130.7,2026-03-31,vo6091,,5.901,5.911,5.535,,0.206,0.181,0.167
1127-145,61202.6,2026-06-11,vo6162,,5.998,5.99,5.496,,0.185,0.182,0.168
1127-145,61236.4,2026-07-15,vo6196,,,5.747,4.977,,,0.176,0.157
1128+385,60578.0,2024-09-25,vo4269,,2.488,2.521,2.53,,0.076,0.076,0.077
1128+385,61053.6,2026-01-13,vo6014,,2.075,2.098,,,0.065,0.067,
1128+385,61088.9,2026-02-17,vo6049,,2.092,2.107,2.101,,0.065,0.066,0.065
1128+385,61130.5,2026-03-31,vo6091,,2.015,2.063,2.025,,0.062,0.063,0.061
1128+385,61158.6,2026-04-28,vo6119,,2.044,1.989,1.955,,0.069,0.062,0.06
1128+385,61201.5,2026-06-10,vo6162,,2.006,1.952,1.92,,0.063,0.06,0.059
1128+385,61235.5,2026-07-14,vo6196,,,1.926,1.929,,,0.059,0.059
1130+009,59957.8,2023-01-13,fm3013,,0.24,0.251,0.252,,0.011,0.009,0.01
1130+009,59975.8,2023-01-31,fm3031,,0.28,0.264,0.246,,0.01,0.01,0.01
1130+009,60078.5,2023-05-14,fm3134,,,,0.22,,,,0.01
1130+009,60092.4,2023-05-28,fm3148,,,0.243,0.21,,,0.01,0.01
1130+009,60126.4,2023-07-01,fm3182,,0.26,,0.237,,0.011,,0.012
1130+009,60140.4,2023-07-15,fm3195,,,0.273,,,,0.012,
1130+009,60237.1,2023-10-20,fm3293,,0.293,0.28,0.234,,0.013,0.012,0.013
1130+009,60251.0,2023-11-03,fm3306,,0.285,0.276,0.249,,0.012,0.01,0.011
1130+009,60320.8,2024-01-11,fm4011,,,0.3,0.295,,,0.011,0.011
1130+009,60359.7,2024-02-19,fm4050,,0.345,0.322,0.318,,0.014,0.012,0.011
1130+009,60383.6,2024-03-14,fm4074,,0.336,0.329,0.343,,0.014,0.012,0.014
1130+009,60437.5,2024-05-07,fm4128,,,0.312,0.277,,,0.011,0.011
1130+009,60464.6,2024-06-03,fm4155,,0.257,0.289,0.231,,0.011,0.01,0.01
1130+009,60650.0,2024-12-05,fm4340,,0.249,0.211,0.179,,0.009,0.008,0.009
1130+009,60650.9,2024-12-06,fm4341,,,,0.183,,,,0.008
1130+009,60702.8,2025-01-27,fm5027,,,0.205,0.166,,,0.008,0.007
1130+009,60727.7,2025-02-21,fm5052,,0.23,0.193,,,0.009,0.007,
1130+009,60762.5,2025-03-28,fm5087,,,,0.182,,,,0.008
1130+009,60789.5,2025-04-24,fm5114,,,0.192,0.212,,,0.007,0.008
1130+009,60858.1,2025-07-02,fm5183,,0.253,0.248,0.305,,0.009,0.009,0.011
1130+009,60872.0,2025-07-16,fm5197,,,,0.301,,,,0.012
1130+009,60940.1,2025-09-22,fm5264,,,0.315,0.367,,,0.011,0.012
1130+009,60982.0,2025-11-03,fm5306,,0.311,0.341,0.417,,0.011,0.011,0.013
1130+009,61005.9,2025-11-26,fm5331,,0.323,0.346,0.4,,0.011,0.012,0.013
1130+009,61027.0,2025-12-18,fm5352,,0.345,0.365,0.387,,0.014,0.012,0.013
1130+009,61094.7,2026-02-23,fm6054,,0.353,0.369,0.361,,0.013,0.012,0.012
1130+009,61106.6,2026-03-07,fm6066,,,0.34,0.336,,,0.012,0.011
1130+009,61132.6,2026-04-02,fm6092,,0.398,0.36,0.328,,0.015,0.012,0.012
1130+009,61160.5,2026-04-30,fm6120,,,0.369,0.375,,,0.012,0.013
1130+009,61188.4,2026-05-28,fm6148,,,0.393,0.423,,,0.016,0.014
1130+009,61227.3,2026-07-06,fm6186,,0.393,0.402,0.387,,0.014,0.013,0.013
1130+009,61255.2,2026-08-03,fm6214,,0.388,0.397,0.391,,0.015,0.013,0.013
1130+009,61290.1,2026-09-07,fm6249,,0.405,0.376,0.387,,0.016,0.014,0.014
1133-032,59957.8,2023-01-13,fm3013,,0.498,0.526,0.509,,0.016,0.017,0.018
1133-032,59975.5,2023-01-31,fm3031,,0.52,0.511,0.455,,0.019,0.016,0.015
1133-032,60078.5,2023-05-14,fm3134,,,0.503,0.447,,,0.017,0.015
1133-032,60092.4,2023-05-28,fm3148,,,0.52,0.446,,,0.017,0.015
1133-032,60126.6,2023-07-01,fm3182,,,0.497,,,,0.017,
1133-032,60237.2,2023-10-20,fm3293,,0.533,0.523,0.479,,0.018,0.017,0.017
1133-032,60251.1,2023-11-03,fm3306,,0.519,0.514,0.445,,0.017,0.017,0.015
1133-032,60320.8,2024-01-11,fm4011,,,0.513,0.453,,,0.016,0.015
1133-032,60359.7,2024-02-19,fm4050,,,0.524,0.418,,,0.017,0.016
1133-032,60383.6,2024-03-14,fm4074,,0.491,0.498,0.436,,0.017,0.019,0.017
1133-032,60437.5,2024-05-07,fm4128,,0.651,0.525,0.44,,0.027,0.018,0.015
1133-032,60464.6,2024-06-03,fm4155,,,0.497,0.451,,,0.016,0.015
1133-032,60622.0,2024-11-08,fm4312,0.421,0.482,0.509,0.457,0.016,0.017,0.017,0.014
1133-032,60650.0,2024-12-05,fm4340,,0.416,0.403,0.399,,0.014,0.013,0.015
1133-032,60650.9,2024-12-06,fm4341,,0.49,0.503,0.437,,0.016,0.016,0.015
1133-032,60702.8,2025-01-27,fm5027,,0.514,0.479,0.475,,0.02,0.015,0.016
1133-032,60727.7,2025-02-21,fm5052,,0.506,0.524,0.457,,0.016,0.016,0.015
1133-032,60728.7,2025-02-22,fm5053,,0.485,0.511,,,0.015,0.016,
1133-032,60762.4,2025-03-28,fm5087,,0.492,0.493,0.439,,0.017,0.016,0.014
1133-032,60789.5,2025-04-24,fm5114,,,0.507,0.449,,,0.016,0.015
1133-032,60814.5,2025-05-19,fm5139,,,0.49,0.455,,,0.019,0.015
1133-032,60858.4,2025-07-02,fm5183,,0.483,0.511,0.466,,0.019,0.016,0.016
1133-032,60872.0,2025-07-16,fm5197,,0.498,,0.422,,0.016,,0.015
1133-032,60982.0,2025-11-03,fm5306,,0.45,0.459,0.433,,0.015,0.015,0.014
1133-032,61027.0,2025-12-18,fm5352,,0.472,0.46,0.414,,0.015,0.015,0.014
1133-032,61132.6,2026-04-02,fm6092,,0.485,0.477,0.425,,0.016,0.015,0.014
1133-032,61160.5,2026-04-30,fm6120,,,0.474,0.41,,,0.015,0.014
1133-032,61188.5,2026-05-28,fm6148,,,0.462,0.403,,,0.015,0.013
1133-032,61227.3,2026-07-06,fm6186,,0.461,0.44,0.404,,0.016,0.014,0.013
1133-032,61255.2,2026-08-03,fm6214,,0.418,0.452,0.408,,0.016,0.015,0.013
1133-032,61290.2,2026-09-07,fm6249,,0.441,0.445,,,0.015,0.015,
1136-156,61130.7,2026-03-31,vo6091,,0.434,,0.483,,0.028,,0.024
1136-156,61159.6,2026-04-29,vo6119,,,,0.541,,,,0.026
1144+402,59957.6,2023-01-13,fm3013,,1.294,1.35,1.458,,0.04,0.041,0.045
1144+402,59975.7,2023-01-31,fm3031,,1.204,1.236,1.404,,0.037,0.038,0.043
1144+402,60078.2,2023-05-14,fm3134,,1.269,1.394,1.624,,0.046,0.043,0.05
1144+402,60092.2,2023-05-28,fm3148,,,1.411,1.628,,,0.046,0.049
1144+402,60126.6,2023-07-01,fm3182,,1.418,1.449,1.584,,0.047,0.048,0.049
1144+402,60139.6,2023-07-14,fm3195,,1.354,1.452,1.599,,0.042,0.044,0.049
1144+402,60237.3,2023-10-20,fm3293,,1.577,1.635,1.821,,0.052,0.05,0.055
1144+402,60243.3,2023-10-26,vo3299,,1.561,1.633,1.858,,0.048,0.05,0.057
1144+402,60250.3,2023-11-02,fm3306,,1.525,1.632,1.825,,0.049,0.049,0.055
1144+402,60320.5,2024-01-11,fm4011,,1.496,1.55,1.776,,0.049,0.047,0.054
1144+402,60359.4,2024-02-19,fm4050,,1.421,1.522,1.817,,0.043,0.046,0.055
1144+402,60383.4,2024-03-14,fm4074,1.204,1.455,1.596,1.943,0.043,0.046,0.048,0.059
1144+402,60417.1,2024-04-17,vo4108,,1.64,1.745,2.013,,0.051,0.053,0.062
1144+402,60424.0,2024-04-24,vo4115,,1.538,1.696,2.014,,0.051,0.052,0.061
1144+402,60437.1,2024-05-07,fm4128,,1.548,1.727,2.086,,0.051,0.053,0.063
1144+402,60459.0,2024-05-29,vo4150,,1.624,1.772,2.223,,0.05,0.055,0.069
1144+402,60464.5,2024-06-03,fm4155,,1.706,1.814,2.16,,0.056,0.059,0.067
1144+402,60557.2,2024-09-04,vo4248,,1.659,1.696,1.808,,0.073,0.052,0.055
1144+402,60592.1,2024-10-09,vo4283,,1.522,1.574,1.607,,0.047,0.048,0.049
1144+402,60620.1,2024-11-06,vo4311,,1.52,1.576,1.63,,0.051,0.048,0.049
1144+402,60621.3,2024-11-07,fm4312,1.498,1.565,1.579,1.606,0.061,0.049,0.049,0.049
1144+402,60648.1,2024-12-04,vo4339,,1.574,1.631,1.688,,0.063,0.05,0.051
1144+402,60649.2,2024-12-05,fm4340,,1.652,1.679,1.713,,0.053,0.054,0.058
1144+402,60650.5,2024-12-06,fm4341,,1.536,1.591,1.593,,0.046,0.048,0.049
1144+402,60655.0,2024-12-11,vo4346,,1.569,1.744,1.622,,0.048,0.053,0.049
1144+402,60696.5,2025-01-21,vo5022,,1.515,1.54,1.564,,0.046,0.047,0.047
1144+402,60702.1,2025-01-27,fm5027,1.505,1.515,1.541,1.582,0.069,0.046,0.046,0.048
1144+402,60703.8,2025-01-28,vo5029,,1.468,1.505,1.532,,0.045,0.046,0.046
1144+402,60717.5,2025-02-11,vo5043,,1.498,1.498,1.492,,0.046,0.046,0.045
1144+402,60727.3,2025-02-21,fm5052,1.322,1.46,1.493,1.505,0.059,0.044,0.045,0.046
1144+402,60728.4,2025-02-22,fm5053,,1.457,1.493,1.505,,0.044,0.045,0.046
1144+402,60762.4,2025-03-28,fm5087,,1.45,1.463,1.45,,0.044,0.044,0.044
1144+402,60773.5,2025-04-08,vo5099,,1.459,1.462,1.441,,0.044,0.044,0.043
1144+402,60789.1,2025-04-24,fm5114,,1.456,1.497,1.47,,0.046,0.046,0.045
1144+402,60808.5,2025-05-13,vo5134,,1.425,1.416,1.417,,0.045,0.043,0.043
1144+402,60814.0,2025-05-19,fm5139,,1.415,1.433,1.431,,0.045,0.043,0.044
1144+402,60850.9,2025-06-24,vo5176,,1.391,1.407,1.404,,0.043,0.044,0.043
1144+402,60858.0,2025-07-02,fm5183,,1.332,1.336,1.364,,0.045,0.042,0.043
1144+402,60872.0,2025-07-16,fm5197,,1.389,,1.369,,0.046,,0.042
1144+402,60906.8,2025-08-19,vo5232,,1.432,1.439,1.492,,0.048,0.045,0.045
1144+402,60939.2,2025-09-21,fm5264,,1.309,1.308,1.391,,0.042,0.04,0.042
1144+402,60955.5,2025-10-07,vo5281,,1.4,1.432,1.462,,0.043,0.044,0.045
1144+402,60976.5,2025-10-28,vo5302,,1.382,1.409,1.438,,0.046,0.044,0.044
1144+402,60981.3,2025-11-02,fm5306,,1.242,1.281,1.248,,0.039,0.039,0.038
1144+402,61005.0,2025-11-25,vo5330,,1.364,1.344,1.354,,0.043,0.041,0.042
1144+402,61006.0,2025-11-26,fm5331,,1.362,1.365,1.372,,0.046,0.042,0.042
1144+402,61025.6,2025-12-16,vo5351,,1.369,1.353,1.336,,0.044,0.041,0.041
1144+402,61027.2,2025-12-18,fm5352,,1.399,1.364,1.356,,0.045,0.041,0.041
1144+402,61053.6,2026-01-13,vo6014,,1.347,1.31,1.257,,0.043,0.042,0.041
1144+402,61068.8,2026-01-28,fm6029,1.519,1.338,1.302,1.301,0.052,0.041,0.039,0.04
1144+402,61088.9,2026-02-17,vo6049,,1.286,1.309,1.363,,0.044,0.043,0.043
1144+402,61094.4,2026-02-23,fm6054,,1.318,1.318,1.338,,0.04,0.04,0.041
1144+402,61095.6,2026-02-24,vo6056,,1.315,1.321,1.305,,0.042,0.042,0.04
1144+402,61105.7,2026-03-06,fm6066,,1.347,1.322,1.336,,0.041,0.04,0.041
1144+402,61130.5,2026-03-31,vo6091,,1.293,1.293,1.348,,0.042,0.043,0.042
1144+402,61131.8,2026-04-01,fm6092,,1.32,1.317,1.369,,0.04,0.04,0.042
1144+402,61158.5,2026-04-28,vo6119,,1.286,1.274,1.346,,0.052,0.041,0.043
1144+402,61159.8,2026-04-29,fm6120,,1.271,1.29,1.329,,0.04,0.039,0.041
1144+402,61187.8,2026-05-27,fm6148,1.414,1.217,1.246,1.319,0.063,0.044,0.041,0.04
1144+402,61201.5,2026-06-10,vo6162,,1.18,1.241,1.319,,0.046,0.039,0.041
1144+402,61226.6,2026-07-05,fm6186,,1.25,1.264,1.317,,0.039,0.039,0.04
1144+402,61235.6,2026-07-14,vo6196,,,1.251,1.286,,,0.04,0.04
1144+402,61249.6,2026-07-28,vo6210,,1.393,1.262,1.33,,0.065,0.042,0.042
1144+402,61254.4,2026-08-02,fm6214,,1.293,1.292,1.356,,0.043,0.039,0.041
1144+402,61289.4,2026-09-06,fm6249,,1.266,1.262,1.319,,0.039,0.039,0.042
1147+245,61088.9,2026-02-17,vo6049,,0.946,0.984,1.021,,0.042,0.039,0.037
1147+245,61250.0,2026-07-29,vo6210,,,0.942,0.897,,,0.036,0.035
1149-084,59957.9,2023-01-13,fm3013,,1.212,1.202,1.111,,0.039,0.037,0.036
1149-084,59975.6,2023-01-31,fm3031,1.254,1.235,1.218,1.148,0.044,0.039,0.037,0.039
1149-084,60078.6,2023-05-14,fm3134,,,1.206,1.099,,,0.041,0.035
1149-084,60092.5,2023-05-28,fm3148,,,1.247,1.151,,,0.042,0.036
1149-084,60126.6,2023-07-01,fm3182,,1.351,1.277,1.167,,0.042,0.04,0.037
1149-084,60139.4,2023-07-14,fm3195,,,1.268,,,,0.041,
1149-084,60251.1,2023-11-03,fm3306,,1.227,1.21,1.075,,0.043,0.039,0.035
1149-084,60320.9,2024-01-11,fm4011,,,1.104,1.012,,,0.034,0.032
1149-084,60359.8,2024-02-19,fm4050,1.209,1.11,1.093,0.963,0.043,0.037,0.035,0.032
1149-084,60383.7,2024-03-14,fm4074,1.323,1.139,1.103,,0.05,0.038,0.034,
1149-084,60437.6,2024-05-07,fm4128,,1.148,1.068,0.99,,0.039,0.034,0.032
1149-084,60459.4,2024-05-29,vo4150,,,1.029,0.913,,,0.036,0.045
1149-084,60464.6,2024-06-03,fm4155,,1.111,1.095,0.981,,0.034,0.034,0.03
1149-084,60557.0,2024-09-04,vo4248,,,1.113,1.067,,,0.035,0.036
1149-084,60592.0,2024-10-09,vo4283,,1.16,1.129,1.027,,0.04,0.036,0.036
1149-084,60622.1,2024-11-08,fm4312,1.165,1.206,1.154,1.091,0.041,0.041,0.039,0.039
1149-084,60648.9,2024-12-04,vo4339,,1.221,1.211,1.142,,0.038,0.039,0.036
1149-084,60650.0,2024-12-05,fm4340,,1.276,1.265,1.181,,0.042,0.041,0.043
1149-084,60651.0,2024-12-06,fm4341,,1.242,1.176,1.114,,0.04,0.036,0.041
1149-084,60655.9,2024-12-11,vo4346,,1.19,1.31,1.103,,0.042,0.041,0.035
1149-084,60696.5,2025-01-21,vo5022,,1.314,1.207,1.216,,0.054,0.039,0.042
1149-084,60702.8,2025-01-27,fm5027,1.202,1.267,1.263,1.22,0.04,0.041,0.039,0.042
1149-084,60703.5,2025-01-28,vo5029,,1.257,1.202,1.192,,0.04,0.037,0.038
1149-084,60717.5,2025-02-11,vo5043,,1.274,1.221,1.176,,0.056,0.039,0.041
1149-084,60727.8,2025-02-21,fm5052,1.327,1.22,1.241,,0.044,0.043,0.038,
1149-084,60728.8,2025-02-22,fm5053,1.198,1.215,1.22,1.182,0.039,0.038,0.039,0.039
1149-084,60762.6,2025-03-28,fm5087,,1.189,1.19,1.203,,0.038,0.037,0.049
1149-084,60773.5,2025-04-08,vo5099,,1.217,1.152,1.143,,0.046,0.036,0.038
1149-084,60789.6,2025-04-24,fm5114,,,1.186,1.182,,,0.04,0.037
1149-084,60809.5,2025-05-14,vo5134,,,1.133,1.174,,,0.035,0.038
1149-084,60814.5,2025-05-19,fm5139,,,1.172,1.155,,,0.038,0.036
1149-084,60858.4,2025-07-02,fm5183,,,1.134,1.166,,,0.037,0.04
1149-084,60872.4,2025-07-16,fm5197,,1.051,,,,0.038,,
1149-084,60907.2,2025-08-20,vo5232,,1.162,1.105,1.068,,0.042,0.036,0.034
1149-084,60939.2,2025-09-21,fm5264,,1.035,1.002,0.891,,0.032,0.034,0.03
1149-084,60956.1,2025-10-08,vo5281,,,1.021,1.017,,,0.034,0.035
1149-084,60977.1,2025-10-29,vo5302,,1.029,1.001,1.085,,0.039,0.034,0.043
1149-084,60982.1,2025-11-03,fm5306,,1.01,0.98,0.872,,0.034,0.03,0.03
1149-084,61005.3,2025-11-26,vo5330,,,1.029,,,,0.039,
1149-084,61005.9,2025-11-26,fm5331,1.042,1.035,1.009,0.918,0.04,0.035,0.032,0.032
1149-084,61025.9,2025-12-16,vo5351,,1.029,0.963,0.928,,0.036,0.032,0.031
1149-084,61026.9,2025-12-17,fm5352,,0.99,0.989,0.905,,0.032,0.03,0.028
1149-084,61068.7,2026-01-28,fm6029,,0.991,0.971,0.889,,0.035,0.031,0.032
1149-084,61094.8,2026-02-23,fm6054,,1.015,0.941,0.865,,0.037,0.03,0.03
1149-084,61105.7,2026-03-06,fm6066,,0.948,0.935,0.872,,0.031,0.029,0.028
1149-084,61132.7,2026-04-02,fm6092,,,0.956,0.897,,,0.03,0.029
1149-084,61159.8,2026-04-29,vo6119,,,0.929,,,,0.051,
1149-084,61160.6,2026-04-30,fm6120,,1.077,0.971,,,0.045,0.033,
1149-084,61188.5,2026-05-28,fm6148,,,0.961,0.829,,,0.03,0.026
1149-084,61202.6,2026-06-11,vo6162,,,0.963,0.903,,,0.056,0.049
1149-084,61227.4,2026-07-06,fm6186,,1.007,0.971,0.846,,0.032,0.031,0.03
1149-084,61250.5,2026-07-29,vo6210,,,1.079,0.95,,,0.06,0.049
1149-084,61255.3,2026-08-03,fm6214,,,0.987,,,,0.031,
1149-084,61290.2,2026-09-07,fm6249,,1.031,0.983,,,0.038,0.031,
1150+497,59957.6,2023-01-13,fm3013,,1.102,1.013,0.922,,0.034,0.031,0.029
1150+497,59975.7,2023-01-31,fm3031,,1.032,0.993,0.906,,0.032,0.031,0.028
1150+497,60078.1,2023-05-14,fm3134,,1.148,0.983,0.873,,0.043,0.03,0.027
1150+497,60092.2,2023-05-28,fm3148,,,0.988,0.938,,,0.032,0.029
1150+497,60126.2,2023-07-01,fm3182,,1.039,0.982,0.803,,0.035,0.031,0.026
1150+497,60139.5,2023-07-14,fm3195,,1.055,1.01,0.864,,0.046,0.032,0.027
1150+497,60237.3,2023-10-20,fm3293,,0.987,0.916,0.801,,0.032,0.028,0.025
1150+497,60250.3,2023-11-02,fm3306,1.242,0.936,0.907,0.826,0.054,0.032,0.028,0.026
1150+497,60320.4,2024-01-11,fm4011,,1.033,0.899,0.786,,0.032,0.028,0.025
1150+497,60359.3,2024-02-19,fm4050,,0.981,0.924,0.831,,0.031,0.029,0.026
1150+497,60383.4,2024-03-14,fm4074,,0.958,0.93,0.878,,0.032,0.029,0.028
1150+497,60437.0,2024-05-07,fm4128,,,0.936,0.801,,,0.029,0.027
1150+497,60464.5,2024-06-03,fm4155,1.25,1.011,0.93,0.845,0.042,0.033,0.029,0.026
1150+497,60621.3,2024-11-07,fm4312,1.181,0.97,0.924,0.781,0.04,0.031,0.029,0.024
1150+497,60649.2,2024-12-05,fm4340,,0.937,0.98,0.766,,0.03,0.032,0.027
1150+497,60650.4,2024-12-06,fm4341,,0.932,0.927,0.784,,0.031,0.029,0.025
1150+497,60702.1,2025-01-27,fm5027,,0.995,0.906,0.778,,0.032,0.028,0.027
1150+497,60727.2,2025-02-21,fm5052,1.392,0.938,0.905,0.747,0.058,0.029,0.028,0.024
1150+497,60728.4,2025-02-22,fm5053,1.248,0.988,0.902,,0.049,0.03,0.028,
1150+497,60762.4,2025-03-28,fm5087,,0.952,0.892,0.763,,0.03,0.028,0.024
1150+497,60789.0,2025-04-24,fm5114,,0.938,0.854,0.782,,0.029,0.026,0.024
1150+497,60814.0,2025-05-19,fm5139,,0.916,0.863,0.751,,0.032,0.026,0.023
1150+497,60858.1,2025-07-02,fm5183,,0.935,0.828,0.665,,0.034,0.026,0.024
1150+497,60872.1,2025-07-16,fm5197,,0.932,,0.715,,0.03,,0.023
1150+497,60939.2,2025-09-21,fm5264,,0.867,0.76,0.622,,0.033,0.024,0.02
1150+497,60981.3,2025-11-02,fm5306,,0.776,0.765,0.705,,0.025,0.024,0.022
1150+497,61006.0,2025-11-26,fm5331,,0.917,0.831,0.742,,0.029,0.027,0.025
1150+497,61027.2,2025-12-18,fm5352,,0.894,0.848,0.733,,0.03,0.027,0.023
1150+497,61068.8,2026-01-28,fm6029,1.062,0.979,0.865,0.727,0.045,0.03,0.027,0.023
1150+497,61094.4,2026-02-23,fm6054,,0.969,0.821,0.719,,0.03,0.026,0.023
1150+497,61105.8,2026-03-06,fm6066,,0.918,0.856,0.758,,0.031,0.027,0.024
1150+497,61131.8,2026-04-01,fm6092,,0.931,0.889,0.738,,0.031,0.029,0.023
1150+497,61159.7,2026-04-29,fm6120,,0.902,0.792,0.735,,0.03,0.024,0.023
1150+497,61187.8,2026-05-27,fm6148,,0.883,0.811,0.729,,0.029,0.025,0.024
1150+497,61226.5,2026-07-05,fm6186,,0.861,0.834,0.745,,0.032,0.026,0.023
1150+497,61254.4,2026-08-02,fm6214,,0.928,0.791,0.768,,0.031,0.024,0.024
1150+497,61289.4,2026-09-06,fm6249,,0.853,0.821,,,0.027,0.027,
1156+295,60424.2,2024-04-24,vo4115,2.244,2.952,3.13,3.296,0.074,0.095,0.095,0.099
1156+295,60459.2,2024-05-29,vo4150,,3.655,3.968,4.855,,0.117,0.121,0.153
1156+295,60557.1,2024-09-04,vo4248,,4.832,5.113,5.354,,0.183,0.154,0.162
1156+295,60578.0,2024-09-25,vo4269,4.141,4.614,4.765,4.983,0.152,0.139,0.143,0.151
1156+295,60592.0,2024-10-09,vo4283,,3.905,4.039,4.002,,0.122,0.122,0.121
1156+295,60620.0,2024-11-06,vo4311,3.383,3.557,3.665,3.648,0.103,0.12,0.11,0.11
1156+295,60648.1,2024-12-04,vo4339,,3.477,3.596,3.589,,0.121,0.11,0.109
1156+295,60655.0,2024-12-11,vo4346,,3.757,4.167,3.757,,0.114,0.126,0.114
1156+295,60696.5,2025-01-21,vo5022,,3.309,3.365,3.289,,0.1,0.101,0.099
1156+295,60703.5,2025-01-28,vo5029,,3.456,3.507,3.453,,0.104,0.107,0.104
1156+295,60717.6,2025-02-11,vo5043,,3.763,3.958,4.115,,0.114,0.12,0.124
1156+295,60773.5,2025-04-08,vo5099,,3.884,3.951,3.912,,0.117,0.119,0.118
1156+295,60808.5,2025-05-13,vo5134,3.775,4.275,4.334,4.374,0.124,0.134,0.132,0.133
1156+295,60851.1,2025-06-25,vo5176,4.187,4.981,,5.5,0.151,0.151,,0.167
1156+295,60907.0,2025-08-19,vo5232,,4.262,4.448,4.589,,0.134,0.134,0.138
1156+295,60955.8,2025-10-07,vo5281,,2.929,2.907,2.723,,0.088,0.088,0.083
1156+295,61005.0,2025-11-25,vo5330,,3.025,3.063,2.971,,0.093,0.093,0.091
1156+295,61025.5,2025-12-16,vo5351,,2.876,2.882,2.822,,0.09,0.087,0.086
1156+295,61053.5,2026-01-13,vo6014,,2.723,2.7,,,0.085,0.082,
1156+295,61089.0,2026-02-17,vo6049,,2.627,2.677,2.727,,0.08,0.081,0.084
1156+295,61095.5,2026-02-24,vo6056,,2.633,2.618,2.579,,0.08,0.079,0.078
1156+295,61130.9,2026-03-31,vo6091,,2.439,2.503,2.701,,0.075,0.078,0.082
1156+295,61158.5,2026-04-28,vo6119,,2.629,2.671,2.926,,0.092,0.081,0.089
1156+295,61202.5,2026-06-11,vo6162,,2.896,3.083,3.562,,0.089,0.094,0.109
1156+295,61235.5,2026-07-14,vo6196,,,3.121,3.41,,,0.094,0.103
1156+295,61250.0,2026-07-28,vo6210,,3.039,3.184,3.537,,0.097,0.097,0.108
1213-172,60417.9,2024-04-17,vo4108,,2.232,2.224,2.062,,0.073,0.069,0.064
1213-172,60424.7,2024-04-24,vo4115,2.093,2.23,2.161,1.999,0.071,0.068,0.066,0.06
1213-172,60557.1,2024-09-04,vo4248,,,2.078,1.927,,,0.064,0.06
1213-172,60578.0,2024-09-25,vo4269,2.475,2.265,2.186,2.09,0.1,0.074,0.067,0.064
1213-172,60621.1,2024-11-07,vo4311,,2.165,2.15,1.992,,0.069,0.066,0.061
1213-172,60649.0,2024-12-05,vo4339,,2.149,2.126,1.983,,0.071,0.065,0.06
1213-172,60656.0,2024-12-12,vo4346,,2.145,2.315,2.005,,0.07,0.071,0.061
1213-172,60696.9,2025-01-21,vo5022,,2.065,2.025,1.856,,0.063,0.062,0.058
1213-172,60703.5,2025-01-28,vo5029,,2.074,1.976,1.855,,0.066,0.06,0.057
1213-172,60717.5,2025-02-11,vo5043,,2.056,1.984,1.788,,0.064,0.061,0.056
1213-172,60773.5,2025-04-08,vo5099,,1.979,1.861,1.666,,0.063,0.058,0.053
1213-172,60809.6,2025-05-14,vo5134,,1.844,1.837,1.61,,0.063,0.057,0.049
1213-172,60851.5,2025-06-25,vo5176,,1.887,,1.702,,0.065,,0.053
1213-172,60907.4,2025-08-20,vo5232,,1.895,1.861,1.729,,0.062,0.059,0.054
1213-172,60977.2,2025-10-29,vo5302,,1.811,1.833,1.707,,0.062,0.058,0.054
1213-172,61005.3,2025-11-26,vo5330,,1.865,1.81,1.647,,0.061,0.059,0.053
1213-172,61026.0,2025-12-17,vo5351,,1.767,1.674,1.588,,0.056,0.053,0.05
1213-172,61054.2,2026-01-14,vo6014,,1.839,1.589,,,0.072,0.058,
1213-172,61095.6,2026-02-24,vo6056,,1.658,1.673,1.649,,0.059,0.058,0.057
1213-172,61130.6,2026-03-31,vo6091,,1.774,1.742,1.647,,0.059,0.059,0.052
1213-172,61159.7,2026-04-29,vo6119,,,1.719,,,,0.057,
1213-172,61202.8,2026-06-11,vo6162,,,1.68,1.578,,,0.086,0.06
1213-172,61236.5,2026-07-15,vo6196,,,1.701,1.66,,,0.057,0.056
1213-172,61250.5,2026-07-29,vo6210,,,1.883,1.698,,,0.069,0.062
1219+044,59957.8,2023-01-13,fm3013,,0.539,0.506,0.556,,0.02,0.016,0.018
1219+044,59975.6,2023-01-31,fm3031,,0.498,0.498,0.576,,0.018,0.016,0.02
1219+044,60078.5,2023-05-14,fm3134,,,0.516,0.707,,,0.017,0.023
1219+044,60092.4,2023-05-28,fm3148,,,0.492,0.735,,,0.017,0.023
1219+044,60126.6,2023-07-01,fm3182,,0.525,0.573,0.811,,0.018,0.018,0.027
1219+044,60139.4,2023-07-14,fm3195,,0.537,0.565,0.855,,0.027,0.019,0.027
1219+044,60237.2,2023-10-20,fm3293,0.504,0.604,0.691,1.202,0.023,0.02,0.023,0.038
1219+044,60251.1,2023-11-03,fm3306,,0.632,0.741,1.286,,0.02,0.024,0.04
1219+044,60320.8,2024-01-11,fm4011,,0.734,0.915,1.529,,0.024,0.03,0.047
1219+044,60359.7,2024-02-19,fm4050,,0.806,0.993,1.524,,0.028,0.032,0.046
1219+044,60383.6,2024-03-14,fm4074,,0.86,1.031,1.412,,0.03,0.032,0.044
1219+044,60437.5,2024-05-07,fm4128,,0.778,0.967,1.019,,0.028,0.031,0.031
1219+044,60622.0,2024-11-07,fm4312,0.631,0.729,0.793,1.064,0.022,0.024,0.026,0.032
1219+044,60649.9,2024-12-05,fm4340,,0.737,0.813,1.124,,0.024,0.026,0.038
1219+044,60650.9,2024-12-06,fm4341,,0.705,0.777,1.031,,0.022,0.024,0.032
1219+044,60702.8,2025-01-27,fm5027,0.651,0.76,0.84,1.193,0.026,0.023,0.026,0.037
1219+044,60727.7,2025-02-21,fm5052,0.616,0.781,0.904,1.294,0.024,0.027,0.028,0.04
1219+044,60728.7,2025-02-22,fm5053,,0.78,0.889,1.31,,0.026,0.028,0.04
1219+044,60762.4,2025-03-28,fm5087,,0.795,0.912,1.285,,0.029,0.032,0.039
1219+044,60789.5,2025-04-24,fm5114,,0.856,1.005,1.35,,0.032,0.032,0.041
1219+044,60814.4,2025-05-19,fm5139,,0.901,1.016,1.327,,0.034,0.032,0.04
1219+044,60858.3,2025-07-02,fm5183,,0.991,1.072,1.319,,0.032,0.033,0.041
1219+044,60872.4,2025-07-16,fm5197,,0.934,,1.275,,0.032,,0.039
1219+044,60940.1,2025-09-22,fm5264,,0.995,1.107,1.411,,0.034,0.038,0.043
1219+044,60982.0,2025-11-03,fm5306,0.793,1.027,1.151,1.405,0.028,0.032,0.035,0.043
1219+044,61006.0,2025-11-27,fm5331,0.785,1.055,1.162,1.396,0.027,0.033,0.036,0.043
1219+044,61025.8,2025-12-16,vo5351,,1.015,1.137,1.288,,0.033,0.036,0.04
1219+044,61027.0,2025-12-18,fm5352,0.757,1.026,1.154,1.32,0.028,0.037,0.036,0.04
1219+044,61053.7,2026-01-13,vo6014,,1.04,1.095,,,0.035,0.037,
1219+044,61089.2,2026-02-18,vo6049,,0.925,1.045,1.066,,0.044,0.042,0.039
1219+044,61094.7,2026-02-23,fm6054,0.858,0.991,1.051,1.044,0.031,0.031,0.033,0.032
1219+044,61095.9,2026-02-24,vo6056,,0.967,0.996,1.0,,0.031,0.032,0.031
1219+044,61130.5,2026-03-31,vo6091,,0.968,0.981,0.906,,0.038,0.031,0.028
1219+044,61131.8,2026-04-01,fm6092,,0.924,0.978,0.913,,0.032,0.03,0.029
1219+044,61158.5,2026-04-28,vo6119,,,0.904,0.815,,,0.029,0.027
1219+044,61160.5,2026-04-30,fm6120,,0.881,0.929,0.828,,0.038,0.03,0.026
1219+044,61188.4,2026-05-28,fm6148,,0.775,0.859,0.796,,0.038,0.029,0.025
1219+044,61202.7,2026-06-11,vo6162,,0.882,0.858,0.795,,0.032,0.033,0.026
1219+044,61226.5,2026-07-05,fm6186,,0.834,0.801,0.762,,0.033,0.025,0.025
1219+044,61236.3,2026-07-15,vo6196,,,0.8,0.767,,,0.026,0.024
1219+044,61250.3,2026-07-29,vo6210,,,0.822,0.802,,,0.03,0.026
1219+044,61254.3,2026-08-02,fm6214,,0.82,0.792,0.741,,0.027,0.027,0.023
1219+044,61290.2,2026-09-07,fm6249,,0.777,0.78,0.769,,0.025,0.026,0.026
1221+809,59957.6,2023-01-13,fm3013,,0.846,0.875,0.971,,0.027,0.032,0.03
1221+809,59975.6,2023-01-31,fm3031,,0.896,0.905,0.971,,0.029,0.028,0.03
1221+809,60078.2,2023-05-14,fm3134,,,0.871,0.944,,,0.027,0.029
1221+809,60092.2,2023-05-28,fm3148,,,0.852,0.918,,,0.027,0.028
1221+809,60126.7,2023-07-01,fm3182,,0.882,0.764,0.868,,0.035,0.029,0.027
1221+809,60139.5,2023-07-14,fm3195,,0.867,0.826,0.87,,0.027,0.027,0.027
1221+809,60237.3,2023-10-20,fm3293,,0.842,0.822,0.85,,0.027,0.026,0.026
1221+809,60250.4,2023-11-02,fm3306,,0.836,0.833,0.868,,0.026,0.026,0.028
1221+809,60320.4,2024-01-11,fm4011,,0.802,0.753,0.81,,0.026,0.023,0.025
1221+809,60359.4,2024-02-19,fm4050,,0.772,0.77,0.834,,0.026,0.024,0.026
1221+809,60383.4,2024-03-14,fm4074,,0.706,0.744,0.805,,0.023,0.023,0.025
1221+809,60437.1,2024-05-07,fm4128,,0.78,0.807,0.852,,0.033,0.025,0.026
1221+809,60464.5,2024-06-03,fm4155,,0.826,0.866,0.878,,0.037,0.027,0.027
1221+809,60621.3,2024-11-07,fm4312,,,,0.848,,,,0.026
1221+809,60649.2,2024-12-05,fm4340,,0.887,0.889,0.913,,0.029,0.029,0.033
1221+809,60650.4,2024-12-06,fm4341,,0.778,0.842,0.85,,0.024,0.026,0.026
1221+809,60702.1,2025-01-27,fm5027,,0.821,0.832,0.805,,0.036,0.029,0.026
1221+809,60727.2,2025-02-21,fm5052,,0.795,0.789,,,0.025,0.024,
1221+809,60728.4,2025-02-22,fm5053,,,0.802,0.797,,,0.03,0.025
1221+809,60762.4,2025-03-28,fm5087,,0.805,0.815,0.759,,0.029,0.027,0.023
1221+809,60789.0,2025-04-24,fm5114,,0.786,0.81,0.763,,0.026,0.028,0.024
1221+809,60814.0,2025-05-19,fm5139,,0.834,0.801,0.753,,0.031,0.027,0.023
1221+809,60858.1,2025-07-02,fm5183,,,0.753,0.73,,,0.024,0.024
1221+809,60872.1,2025-07-16,fm5197,,0.791,,0.697,,0.026,,0.022
1221+809,60939.2,2025-09-21,fm5264,,0.684,0.702,0.646,,0.026,0.023,0.021
1221+809,60981.3,2025-11-02,fm5306,,0.64,0.643,0.569,,0.022,0.021,0.018
1221+809,61006.0,2025-11-26,fm5331,,0.717,,0.649,,0.03,,0.021
1221+809,61027.1,2025-12-18,fm5352,,,0.687,0.632,,,0.027,0.021
1221+809,61068.8,2026-01-28,fm6029,,0.711,0.682,0.646,,0.033,0.022,0.02
1221+809,61088.9,2026-02-17,vo6049,,,0.715,0.633,,,0.028,0.021
1221+809,61094.4,2026-02-23,fm6054,,0.709,,0.63,,0.024,,0.02
1221+809,61105.8,2026-03-06,fm6066,,0.688,,0.635,,0.024,,0.02
1221+809,61131.8,2026-04-01,fm6092,,0.658,0.673,0.662,,0.023,0.024,0.021
1221+809,61159.7,2026-04-29,fm6120,,0.695,0.703,0.669,,0.024,0.023,0.021
1221+809,61187.7,2026-05-27,fm6148,,0.705,0.69,0.672,,0.024,0.023,0.021
1221+809,61226.5,2026-07-05,fm6186,,0.659,0.66,0.679,,0.026,0.021,0.021
1221+809,61254.4,2026-08-02,fm6214,,,0.682,0.689,,,0.022,0.022
1221+809,61289.4,2026-09-06,fm6249,,,0.703,,,,0.023,
1222+131,59957.8,2023-01-13,fm3013,,1.411,0.943,0.258,,0.051,0.033,0.011
1222+131,59975.8,2023-01-31,fm3031,,1.387,1.031,0.277,,0.048,0.036,0.01
1222+131,60078.4,2023-05-14,fm3134,,,0.96,0.295,,,0.034,0.011
1222+131,60092.4,2023-05-28,fm3148,,,0.979,0.304,,,0.034,0.011
1222+131,60126.5,2023-07-01,fm3182,3.033,1.347,0.894,,0.106,0.052,0.036,
1222+131,60139.4,2023-07-14,fm3195,3.282,1.622,1.169,0.319,0.132,0.059,0.042,0.012
1222+131,60237.2,2023-10-20,fm3293,3.182,1.6,1.177,0.327,0.108,0.061,0.041,0.015
1222+131,60251.0,2023-11-03,fm3306,3.042,1.381,0.94,0.274,0.133,0.055,0.037,0.012
1222+131,60320.8,2024-01-11,fm4011,,1.52,1.016,0.302,,0.05,0.037,0.011
1222+131,60359.6,2024-02-19,fm4050,3.154,1.374,0.955,0.283,0.111,0.046,0.035,0.011
1222+131,60383.6,2024-03-14,fm4074,,1.353,0.959,,,0.044,0.037,
1222+131,60437.4,2024-05-07,fm4128,2.961,1.373,0.976,0.299,0.141,0.05,0.033,0.011
1222+131,60464.6,2024-06-03,fm4155,,1.516,1.044,0.205,,0.058,0.038,0.01
1222+131,60621.9,2024-11-07,fm4312,3.062,1.432,1.02,0.286,0.117,0.059,0.038,0.01
1222+131,60649.9,2024-12-05,fm4340,,1.701,1.239,0.377,,0.061,0.044,0.015
1222+131,60650.8,2024-12-06,fm4341,,1.422,1.004,0.285,,0.048,0.037,0.01
1222+131,60702.7,2025-01-27,fm5027,3.051,1.387,0.996,0.306,0.115,0.043,0.034,0.011
1222+131,60727.6,2025-02-21,fm5052,2.931,1.374,0.987,,0.097,0.043,0.039,
1222+131,60728.7,2025-02-22,fm5053,3.152,1.533,1.061,,0.116,0.057,0.036,
1222+131,60762.4,2025-03-28,fm5087,3.034,1.344,0.978,0.298,0.123,0.044,0.034,0.011
1222+131,60789.5,2025-04-24,fm5114,3.04,1.517,0.989,0.284,0.123,0.054,0.035,0.01
1222+131,60814.3,2025-05-19,fm5139,,1.606,1.122,0.314,,0.057,0.039,0.011
1222+131,60858.3,2025-07-02,fm5183,3.263,1.561,1.073,0.278,0.111,0.065,0.042,0.01
1222+131,60872.0,2025-07-16,fm5197,2.87,1.334,,0.27,0.118,0.044,,0.01
1222+131,60940.1,2025-09-22,fm5264,,1.402,,0.254,,0.054,,0.009
1222+131,60981.9,2025-11-02,fm5306,3.078,1.461,1.046,0.284,0.102,0.048,0.038,0.01
1222+131,61006.1,2025-11-27,fm5331,3.014,1.492,1.046,0.26,0.102,0.058,0.037,0.01
1222+131,61027.0,2025-12-18,fm5352,3.123,1.59,1.169,0.353,0.098,0.064,0.043,0.012
1222+131,61094.7,2026-02-23,fm6054,3.084,1.441,1.021,0.256,0.107,0.061,0.037,0.01
1222+131,61105.8,2026-03-06,fm6066,3.2,1.538,1.107,0.33,0.125,0.051,0.038,0.012
1222+131,61132.5,2026-04-02,fm6092,3.062,1.48,1.022,0.257,0.113,0.049,0.037,0.009
1222+131,61160.4,2026-04-30,fm6120,2.852,1.337,0.967,,0.095,0.044,0.032,
1222+131,61188.4,2026-05-28,fm6148,,1.475,0.94,0.282,,0.06,0.035,0.01
1222+131,61226.5,2026-07-05,fm6186,,1.503,1.104,0.305,,0.052,0.037,0.013
1222+131,61255.2,2026-08-03,fm6214,,1.454,1.059,0.27,,0.051,0.036,0.01
1222+131,61290.1,2026-09-07,fm6249,,1.425,0.996,,,0.05,0.035,
1222+216,61130.7,2026-03-31,vo6091,,1.299,1.194,0.973,,0.046,0.038,0.031
1226+023,61053.6,2026-01-13,vo6014,,21.615,19.262,15.159,,0.708,0.605,0.467
1226+023,61158.6,2026-04-28,vo6119,,22.094,19.556,14.421,,0.772,0.6,0.436
1226+023,61202.4,2026-06-11,vo6162,,21.571,20.177,14.855,,0.689,0.613,0.454
1226+023,61236.5,2026-07-15,vo6196,,,19.551,14.029,,,0.61,0.425
1226+373,59957.6,2023-01-13,fm3013,,,0.212,0.217,,,0.008,0.01
1226+373,59975.6,2023-01-31,fm3031,,,,0.231,,,,0.01
1226+373,60078.2,2023-05-14,fm3134,,,0.224,0.21,,,0.009,0.009
1226+373,60092.2,2023-05-28,fm3148,,,,0.227,,,,0.01
1226+373,60127.0,2023-07-02,fm3182,,,0.217,0.29,,,0.011,0.017
1226+373,60139.5,2023-07-14,fm3195,,,0.215,0.231,,,0.01,0.01
1226+373,60237.3,2023-10-20,fm3293,,0.28,0.253,0.269,,0.01,0.01,0.011
1226+373,60250.4,2023-11-02,fm3306,,0.237,0.221,0.29,,0.009,0.01,0.012
1226+373,60320.5,2024-01-11,fm4011,,,0.255,0.287,,,0.009,0.011
1226+373,60359.4,2024-02-19,fm4050,,0.256,0.251,0.307,,0.01,0.01,0.011
1226+373,60383.8,2024-03-14,fm4074,,0.253,,0.282,,0.014,,0.015
1226+373,60437.6,2024-05-07,fm4128,,,0.278,0.289,,,0.012,0.012
1226+373,60464.4,2024-06-03,fm4155,,0.268,0.262,0.262,,0.011,0.011,0.011
1226+373,60621.4,2024-11-07,fm4312,,0.289,0.299,0.301,,0.011,0.01,0.01
1226+373,60649.3,2024-12-05,fm4340,,0.288,0.313,0.287,,0.011,0.011,0.012
1226+373,60650.6,2024-12-06,fm4341,,0.309,0.305,0.293,,0.01,0.01,0.01
1226+373,60702.2,2025-01-27,fm5027,,0.29,0.292,0.321,,0.01,0.01,0.011
1226+373,60727.4,2025-02-21,fm5052,,0.299,0.273,,,0.01,0.009,
1226+373,60728.5,2025-02-22,fm5053,,0.302,0.302,0.306,,0.01,0.01,0.012
1226+373,60762.5,2025-03-28,fm5087,,0.303,0.278,0.265,,0.011,0.009,0.009
1226+373,60789.2,2025-04-24,fm5114,,0.28,0.261,0.243,,0.01,0.009,0.008
1226+373,60814.1,2025-05-19,fm5139,,,0.279,0.286,,,0.009,0.01
1226+373,60858.1,2025-07-02,fm5183,,0.336,0.312,0.248,,0.014,0.01,0.01
1226+373,60872.2,2025-07-16,fm5197,,0.273,,0.212,,0.01,,0.008
1226+373,60939.4,2025-09-21,fm5264,,0.28,0.237,0.263,,0.011,0.01,0.009
1226+373,60981.4,2025-11-02,fm5306,,0.268,0.285,0.266,,0.009,0.01,0.009
1226+373,61006.0,2025-11-27,fm5331,,0.256,0.261,0.248,,0.009,0.01,0.009
1226+373,61027.8,2025-12-18,fm5352,,0.323,0.303,0.266,,0.011,0.011,0.01
1226+373,61068.9,2026-01-28,fm6029,,0.247,0.223,0.23,,0.009,0.008,0.008
1226+373,61094.5,2026-02-23,fm6054,,0.349,0.307,0.268,,0.015,0.011,0.01
1226+373,61105.8,2026-03-06,fm6066,,0.276,0.216,0.212,,0.012,0.01,0.008
1226+373,61131.9,2026-04-01,fm6092,,0.257,0.256,0.264,,0.009,0.009,0.01
1226+373,61160.4,2026-04-30,fm6120,,0.319,0.268,0.271,,0.012,0.011,0.01
1226+373,61187.9,2026-05-27,fm6148,,0.262,0.273,0.267,,0.01,0.01,0.009
1226+373,61226.5,2026-07-05,fm6186,,0.297,0.264,0.256,,0.012,0.009,0.009
1226+373,61254.5,2026-08-02,fm6214,,0.278,0.26,0.264,,0.011,0.009,0.01
1226+373,61289.6,2026-09-06,fm6249,,0.276,0.308,,,0.011,0.011,
1227+255,59957.7,2023-01-13,fm3013,,0.303,0.301,0.329,,0.011,0.01,0.012
1227+255,59975.7,2023-01-31,fm3031,,0.307,0.286,0.332,,0.011,0.011,0.011
1227+255,60078.3,2023-05-14,fm3134,,,0.39,0.468,,,0.013,0.015
1227+255,60092.3,2023-05-28,fm3148,,,0.36,0.421,,,0.013,0.014
1227+255,60126.3,2023-07-01,fm3182,,0.373,0.378,0.446,,0.013,0.013,0.015
1227+255,60139.5,2023-07-14,fm3195,,0.395,0.389,0.452,,0.014,0.013,0.015
1227+255,60237.2,2023-10-20,fm3293,,0.389,0.384,0.401,,0.014,0.014,0.014
1227+255,60250.3,2023-11-02,fm3306,,0.338,0.334,0.356,,0.012,0.012,0.014
1227+255,60320.6,2024-01-11,fm4011,,,0.293,0.271,,,0.011,0.01
1227+255,60359.5,2024-02-19,fm4050,,0.322,0.264,0.269,,0.014,0.01,0.011
1227+255,60383.5,2024-03-14,fm4074,,0.273,0.255,,,0.013,0.01,
1227+255,60437.3,2024-05-07,fm4128,,0.275,0.264,0.25,,0.013,0.01,0.011
1227+255,60464.4,2024-06-03,fm4155,,,0.29,0.287,,,0.011,0.011
1227+255,60621.8,2024-11-07,fm4312,,0.313,0.323,0.335,,0.011,0.011,0.011
1227+255,60649.7,2024-12-05,fm4340,,0.323,0.327,0.329,,0.011,0.011,0.013
1227+255,60650.7,2024-12-06,fm4341,,0.314,0.323,0.326,,0.01,0.01,0.012
1227+255,60702.6,2025-01-27,fm5027,,0.309,0.293,0.305,,0.01,0.01,0.01
1227+255,60727.5,2025-02-21,fm5052,,0.276,0.274,0.275,,0.01,0.009,0.01
1227+255,60728.4,2025-02-22,fm5053,,0.272,0.27,0.275,,0.01,0.01,0.011
1227+255,60762.4,2025-03-28,fm5087,,0.247,0.255,0.249,,0.009,0.009,0.009
1227+255,60789.4,2025-04-24,fm5114,,0.224,0.236,0.225,,0.009,0.008,0.008
1227+255,60814.3,2025-05-19,fm5139,,0.219,0.208,0.201,,0.011,0.007,0.007
1227+255,60858.0,2025-07-02,fm5183,,0.227,0.196,0.193,,0.009,0.009,0.008
1227+255,60872.2,2025-07-16,fm5197,,0.195,,0.172,,0.009,,0.01
1227+255,60939.2,2025-09-21,fm5264,,,0.17,0.142,,,0.009,0.007
1227+255,60981.8,2025-11-02,fm5306,,,0.175,0.15,,,0.008,0.007
1227+255,61005.9,2025-11-26,fm5331,,0.184,0.166,0.162,,0.008,0.007,0.009
1227+255,61027.9,2025-12-18,fm5352,,0.156,,0.145,,0.009,,0.009
1227+255,61069.0,2026-01-28,fm6029,,,0.178,,,,0.008,
1227+255,61094.4,2026-02-23,fm6054,,0.178,0.164,0.155,,0.008,0.008,0.008
1227+255,61105.8,2026-03-06,fm6066,,,0.166,,,,0.007,
1227+255,61131.9,2026-04-01,fm6092,,0.187,0.173,0.168,,0.008,0.008,0.008
1227+255,61160.3,2026-04-30,fm6120,,,0.169,,,,0.007,
1227+255,61188.2,2026-05-28,fm6148,,0.222,,0.185,,0.012,,0.008
1227+255,61226.5,2026-07-05,fm6186,,0.2,0.195,0.19,,0.009,0.008,0.007
1227+255,61254.6,2026-08-02,fm6214,,0.198,0.192,0.189,,0.008,0.008,0.007
1227+255,61289.4,2026-09-06,fm6249,,,0.198,,,,0.009,
1228+126,60417.4,2024-04-17,vo4108,,45.472,39.14,20.76,,1.479,1.222,0.647
1228+126,60424.4,2024-04-24,vo4115,,48.719,41.954,24.198,,1.572,1.298,0.765
1228+126,60459.2,2024-05-29,vo4150,,48.353,40.136,23.919,,1.47,1.323,0.778
1228+126,60557.0,2024-09-04,vo4248,,50.147,42.291,25.251,,1.892,1.319,0.833
1228+126,60592.0,2024-10-09,vo4283,,50.058,43.474,25.44,,1.543,1.346,0.819
1228+126,60620.0,2024-11-06,vo4311,73.239,49.729,43.517,26.318,2.413,1.591,1.348,0.811
1228+126,60648.8,2024-12-04,vo4339,,49.615,44.085,25.978,,1.794,1.447,0.824
1228+126,60655.8,2024-12-11,vo4346,,50.219,46.966,24.455,,1.567,1.541,0.755
1228+126,60696.5,2025-01-21,vo5022,,48.937,40.912,23.545,,1.572,1.29,0.73
1228+126,60703.6,2025-01-28,vo5029,,49.277,41.032,22.916,,1.59,1.311,0.715
1228+126,60717.5,2025-02-11,vo5043,,49.22,41.591,23.856,,1.565,1.309,0.755
1228+126,60773.5,2025-04-08,vo5099,,48.889,41.827,23.037,,1.508,1.318,0.736
1228+126,60808.5,2025-05-13,vo5134,,50.168,41.203,23.897,,1.795,1.266,0.744
1228+126,60851.3,2025-06-25,vo5176,76.991,51.335,,25.94,2.403,1.594,,0.798
1228+126,60907.3,2025-08-20,vo5232,,49.245,40.825,21.26,,1.571,1.284,0.666
1228+126,60956.0,2025-10-07,vo5281,,50.109,42.383,25.187,,1.561,1.321,0.786
1228+126,60976.9,2025-10-28,vo5302,,50.612,43.543,26.815,,1.56,1.369,0.831
1228+126,61005.2,2025-11-26,vo5330,,50.963,45.272,29.037,,1.556,1.44,0.903
1228+126,61053.6,2026-01-13,vo6014,,47.153,40.098,,,1.529,1.294,
1228+126,61088.9,2026-02-17,vo6049,,46.638,39.428,21.531,,1.502,1.215,0.687
1228+126,61130.5,2026-03-31,vo6091,,47.553,41.12,23.793,,1.547,1.264,0.73
1228+126,61158.5,2026-04-28,vo6119,,48.541,40.891,23.541,,1.621,1.268,0.725
1228+126,61202.3,2026-06-11,vo6162,,49.986,41.652,23.623,,1.568,1.28,0.746
1228+126,61236.2,2026-07-15,vo6196,,,41.958,23.917,,,1.309,0.751
1229-021,61088.9,2026-02-17,vo6049,,0.866,0.801,0.766,,0.031,0.029,0.027
1229-021,61159.6,2026-04-29,vo6119,,,0.795,,,,0.031,
1229-021,61250.3,2026-07-29,vo6210,,,0.849,0.789,,,0.032,0.034
1236+077,59957.8,2023-01-13,fm3013,,0.427,0.437,0.415,,0.014,0.016,0.014
1236+077,59975.6,2023-01-31,fm3031,,0.433,0.439,0.403,,0.017,0.014,0.013
1236+077,60078.5,2023-05-14,fm3134,,,0.398,0.389,,,0.013,0.013
1236+077,60092.4,2023-05-28,fm3148,,,0.377,0.388,,,0.013,0.014
1236+077,60126.6,2023-07-01,fm3182,,0.393,0.42,0.398,,0.014,0.016,0.015
1236+077,60139.5,2023-07-14,fm3195,,0.383,0.418,0.404,,0.015,0.014,0.014
1236+077,60250.2,2023-11-02,fm3306,,0.405,0.432,0.423,,0.014,0.014,0.015
1236+077,60320.8,2024-01-11,fm4011,,0.411,0.397,0.395,,0.016,0.013,0.014
1236+077,60359.7,2024-02-19,fm4050,,0.401,0.393,0.397,,0.013,0.014,0.014
1236+077,60383.6,2024-03-14,fm4074,,0.389,0.43,0.413,,0.014,0.014,0.015
1236+077,60437.5,2024-05-07,fm4128,,0.368,0.425,0.389,,0.017,0.014,0.013
1236+077,60464.6,2024-06-03,fm4155,,0.417,0.424,0.427,,0.016,0.015,0.014
1236+077,60622.0,2024-11-07,fm4312,,0.434,0.435,0.412,,0.014,0.016,0.013
1236+077,60650.0,2024-12-05,fm4340,,0.375,0.342,0.341,,0.013,0.012,0.013
1236+077,60650.9,2024-12-06,fm4341,,0.433,0.414,0.402,,0.014,0.013,0.013
1236+077,60702.8,2025-01-27,fm5027,0.45,0.426,0.442,0.415,0.018,0.015,0.016,0.013
1236+077,60727.7,2025-02-21,fm5052,0.389,0.396,0.405,0.426,0.016,0.014,0.013,0.014
1236+077,60728.7,2025-02-22,fm5053,,0.415,0.42,,,0.014,0.013,
1236+077,60762.4,2025-03-28,fm5087,,0.394,0.41,0.392,,0.013,0.013,0.012
1236+077,60789.5,2025-04-24,fm5114,,0.407,0.416,0.39,,0.015,0.013,0.013
1236+077,60814.4,2025-05-19,fm5139,,,0.413,0.394,,,0.013,0.013
1236+077,60858.3,2025-07-02,fm5183,,0.404,0.403,0.396,,0.014,0.013,0.014
1236+077,60872.4,2025-07-16,fm5197,,0.402,,0.379,,0.015,,0.014
1236+077,60939.2,2025-09-21,fm5264,,0.375,0.4,0.393,,0.014,0.014,0.013
1236+077,60982.0,2025-11-03,fm5306,,0.395,0.416,0.409,,0.013,0.013,0.013
1236+077,61006.0,2025-11-27,fm5331,,0.409,0.414,0.419,,0.014,0.013,0.014
1236+077,61027.0,2025-12-18,fm5352,,,0.416,0.413,,,0.013,0.013
1236+077,61094.7,2026-02-23,fm6054,,0.394,0.412,0.418,,0.014,0.013,0.014
1236+077,61105.8,2026-03-06,fm6066,,0.42,0.418,0.432,,0.014,0.013,0.014
1236+077,61132.6,2026-04-02,fm6092,,0.421,0.443,0.437,,0.014,0.016,0.015
1236+077,61160.5,2026-04-30,fm6120,,,0.423,0.437,,,0.014,0.014
1236+077,61188.4,2026-05-28,fm6148,,,0.428,0.442,,,0.014,0.014
1236+077,61226.5,2026-07-05,fm6186,,0.439,0.434,0.439,,0.016,0.014,0.014
1236+077,61255.2,2026-08-03,fm6214,,0.443,0.444,0.453,,0.015,0.014,0.014
1236+077,61290.1,2026-09-07,fm6249,,0.421,0.441,0.463,,0.014,0.017,0.016
1243-072,59957.9,2023-01-13,fm3013,,0.847,0.863,1.022,,0.032,0.027,0.034
1243-072,59976.0,2023-02-01,fm3031,,,0.831,0.931,,,0.026,0.03
1243-072,60078.6,2023-05-14,fm3134,,,0.822,0.972,,,0.027,0.033
1243-072,60092.5,2023-05-28,fm3148,,,0.782,0.945,,,0.026,0.03
1243-072,60126.4,2023-07-01,fm3182,,0.749,0.783,,,0.026,0.025,
1243-072,60251.2,2023-11-03,fm3306,,0.779,0.793,,,0.029,0.026,
1243-072,60320.9,2024-01-11,fm4011,,,0.755,0.873,,,0.023,0.028
1243-072,60359.8,2024-02-19,fm4050,,,0.761,0.892,,,0.023,0.029
1243-072,60383.7,2024-03-14,fm4074,,,0.78,,,,0.025,
1243-072,60417.6,2024-04-17,vo4108,,0.719,0.771,0.774,,0.027,0.025,0.033
1243-072,60424.6,2024-04-24,vo4115,,,0.749,0.856,,,0.027,0.027
1243-072,60437.6,2024-05-07,fm4128,,,0.813,0.933,,,0.026,0.032
1243-072,60459.5,2024-05-29,vo4150,,,0.798,,,,0.033,
1243-072,60557.0,2024-09-04,vo4248,,,0.807,0.943,,,0.027,0.037
1243-072,60622.1,2024-11-08,fm4312,,,0.948,0.962,,,0.036,0.032
1243-072,60650.0,2024-12-06,fm4340,,,0.923,,,,0.033,
1243-072,60651.0,2024-12-07,fm4341,,,0.938,1.045,,,0.03,0.036
1243-072,60702.9,2025-01-27,fm5027,0.725,0.962,0.951,1.115,0.029,0.04,0.03,0.041
1243-072,60727.8,2025-02-21,fm5052,,0.946,0.952,1.103,,0.033,0.029,0.034
1243-072,60728.8,2025-02-22,fm5053,,0.883,0.966,1.084,,0.029,0.03,0.034
1243-072,60762.4,2025-03-28,fm5087,,0.906,0.931,1.05,,0.03,0.029,0.042
1243-072,60789.6,2025-04-24,fm5114,,,0.933,0.988,,,0.029,0.032
1243-072,60814.6,2025-05-19,fm5139,,,0.92,1.039,,,0.03,0.034
1243-072,60858.5,2025-07-02,fm5183,,,0.985,1.076,,,0.031,0.036
1243-072,60872.5,2025-07-16,fm5197,,0.962,,0.85,,0.032,,0.036
1243-072,60907.3,2025-08-20,vo5232,,,1.0,1.125,,,0.034,0.039
1243-072,60939.2,2025-09-21,fm5264,,0.988,,0.962,,0.035,,0.033
1243-072,60982.1,2025-11-03,fm5306,,0.988,1.009,1.079,,0.036,0.031,0.035
1243-072,61005.9,2025-11-26,fm5331,0.769,0.937,1.009,1.161,0.033,0.035,0.031,0.036
1243-072,61026.0,2025-12-17,vo5351,,,0.946,,,,0.031,
1243-072,61027.0,2025-12-17,fm5352,,,0.959,1.081,,,0.03,0.039
1243-072,61130.6,2026-03-31,vo6091,,,0.971,,,,0.038,
1243-072,61132.7,2026-04-02,fm6092,,0.947,0.977,1.119,,0.033,0.032,0.037
1243-072,61160.6,2026-04-30,fm6120,,,1.002,1.233,,,0.031,0.046
1243-072,61188.5,2026-05-28,fm6148,,,1.024,1.274,,,0.032,0.04
1243-072,61236.4,2026-07-15,vo6196,,,,1.228,,,,0.04
1243-072,61254.3,2026-08-02,fm6214,,1.082,1.043,1.141,,0.035,0.036,0.037
1243-072,61290.3,2026-09-07,fm6249,,0.968,1.046,1.311,,0.034,0.033,0.044
1243-160,59958.0,2023-01-13,fm3013,,0.441,0.416,0.378,,0.015,0.014,0.013
1243-160,59976.0,2023-01-31,fm3031,,0.433,0.39,0.368,,0.014,0.013,0.013
1243-160,60078.7,2023-05-14,fm3134,,,0.387,0.357,,,0.013,0.013
1243-160,60092.6,2023-05-28,fm3148,,,0.37,0.368,,,0.013,0.015
1243-160,60126.5,2023-07-01,fm3182,,0.37,0.362,0.367,,0.013,0.013,0.014
1243-160,60139.8,2023-07-14,fm3195,,,0.387,0.387,,,0.017,0.017
1243-160,60251.2,2023-11-03,fm3306,,0.364,0.376,0.4,,0.014,0.013,0.014
1243-160,60321.0,2024-01-11,fm4011,,,0.389,0.42,,,0.013,0.015
1243-160,60359.9,2024-02-19,fm4050,,0.374,0.389,0.426,,0.013,0.013,0.015
1243-160,60383.8,2024-03-14,fm4074,,0.376,0.386,0.437,,0.014,0.013,0.017
1243-160,60437.7,2024-05-07,fm4128,,,0.41,0.417,,,0.014,0.015
1243-160,60464.6,2024-06-03,fm4155,,,0.409,0.444,,,0.014,0.015
1243-160,60622.3,2024-11-08,fm4312,,0.517,0.535,0.585,,0.017,0.017,0.019
1243-160,60650.1,2024-12-06,fm4340,,0.525,0.555,0.591,,0.017,0.018,0.021
1243-160,60651.1,2024-12-07,fm4341,,0.497,0.524,0.561,,0.016,0.016,0.018
1243-160,60703.0,2025-01-27,fm5027,,0.491,0.511,0.551,,0.016,0.016,0.017
1243-160,60727.9,2025-02-21,fm5052,,0.466,0.475,0.521,,0.015,0.015,0.017
1243-160,60762.8,2025-03-28,fm5087,,0.462,0.467,0.51,,0.015,0.015,0.016
1243-160,60789.7,2025-04-24,fm5114,,0.472,0.48,0.512,,0.015,0.015,0.016
1243-160,60872.5,2025-07-16,fm5197,0.535,0.472,,0.507,0.026,0.018,,0.017
1243-160,60982.2,2025-11-03,fm5306,,0.56,0.576,0.617,,0.018,0.018,0.019
1243-160,61028.1,2025-12-19,fm5352,,0.561,0.563,0.562,,0.018,0.018,0.02
1243-160,61160.7,2026-04-30,fm6120,,0.618,0.596,0.667,,0.02,0.019,0.021
1243-160,61188.6,2026-05-28,fm6148,,,0.592,0.65,,,0.019,0.02
1243-160,61290.4,2026-09-07,fm6249,,0.627,0.659,0.704,,0.02,0.023,0.023
1244-255,60593.4,2024-10-10,vo4283,,1.443,,1.686,,0.061,,0.06
1244-255,60649.2,2024-12-05,vo4339,,1.609,1.725,1.924,,0.055,0.053,0.06
1244-255,60656.2,2024-12-12,vo4346,,1.666,1.883,1.89,,0.054,0.06,0.062
1244-255,60697.1,2025-01-22,vo5022,,1.746,1.837,1.93,,0.055,0.058,0.061
1244-255,60704.0,2025-01-29,vo5029,,1.885,1.927,1.986,,0.064,0.062,0.065
1244-255,60718.0,2025-02-12,vo5043,,1.889,1.967,1.994,,0.062,0.068,0.062
1244-255,60773.5,2025-04-08,vo5099,,1.75,1.684,1.614,,0.069,0.061,0.053
1244-255,60809.8,2025-05-14,vo5134,,,1.433,1.38,,,0.052,0.046
1244-255,60907.5,2025-08-20,vo5232,,,1.174,1.248,,,0.048,0.043
1244-255,60956.4,2025-10-08,vo5281,,1.063,1.121,1.191,,0.044,0.052,0.044
1253-055,61088.9,2026-02-17,vo6049,,10.703,11.982,16.649,,0.365,0.365,0.531
1253-055,61097.0,2026-02-25,vo6056,8.32,10.633,11.879,16.258,0.291,0.356,0.366,0.499
1253-055,61131.8,2026-04-01,vo6091,,10.136,11.281,15.178,,0.311,0.355,0.48
1253-055,61202.8,2026-06-11,vo6162,,12.389,13.059,17.783,,0.42,0.442,0.547
1253-055,61250.5,2026-07-29,vo6210,,12.373,13.758,18.35,,0.527,0.434,0.564
1255+327,61201.6,2026-06-10,vo6162,,0.736,0.704,0.75,,0.027,0.024,0.024
1256-220,61054.0,2026-01-14,vo6014,,0.69,0.833,,,0.036,0.044,
1300+580,59957.5,2023-01-13,fm3013,,0.206,0.203,0.193,,0.008,0.008,0.008
1300+580,59975.7,2023-01-31,fm3031,,0.207,,0.195,,0.009,,0.008
1300+580,60078.2,2023-05-14,fm3134,,,,0.2,,,,0.009
1300+580,60092.2,2023-05-28,fm3148,,,0.182,0.202,,,0.008,0.008
1300+580,60126.6,2023-07-01,fm3182,,0.236,0.187,0.212,,0.011,0.008,0.012
1300+580,60139.6,2023-07-14,fm3195,,,0.217,0.216,,,0.009,0.01
1300+580,60237.3,2023-10-20,fm3293,,0.274,0.253,0.236,,0.01,0.01,0.01
1300+580,60250.4,2023-11-02,fm3306,,0.282,0.237,0.237,,0.01,0.009,0.01
1300+580,60320.4,2024-01-11,fm4011,,0.269,0.246,0.259,,0.011,0.009,0.01
1300+580,60359.4,2024-02-19,fm4050,,0.263,0.266,0.246,,0.01,0.01,0.013
1300+580,60383.8,2024-03-14,fm4074,,0.273,0.248,0.229,,0.012,0.011,0.014
1300+580,60437.1,2024-05-07,fm4128,,,0.258,0.249,,,0.009,0.01
1300+580,60464.4,2024-06-03,fm4155,,0.25,0.245,0.239,,0.01,0.01,0.009
1300+580,60621.3,2024-11-07,fm4312,,0.292,0.304,0.282,,0.01,0.012,0.009
1300+580,60649.3,2024-12-05,fm4340,,0.307,0.307,0.296,,0.011,0.01,0.011
1300+580,60650.4,2024-12-06,fm4341,,0.322,0.293,0.29,,0.011,0.009,0.01
1300+580,60702.2,2025-01-27,fm5027,,0.335,0.273,0.294,,0.012,0.009,0.01
1300+580,60727.3,2025-02-21,fm5052,,0.326,0.31,0.289,,0.013,0.011,0.01
1300+580,60728.4,2025-02-22,fm5053,,0.291,0.315,0.297,,0.01,0.01,0.01
1300+580,60762.5,2025-03-28,fm5087,,0.336,0.295,0.28,,0.011,0.01,0.009
1300+580,60789.1,2025-04-24,fm5114,,0.332,0.327,0.288,,0.011,0.01,0.009
1300+580,60814.2,2025-05-19,fm5139,,0.324,0.332,0.305,,0.012,0.011,0.011
1300+580,60858.1,2025-07-02,fm5183,,0.344,0.314,0.315,,0.012,0.01,0.011
1300+580,60872.2,2025-07-16,fm5197,,0.339,,0.309,,0.012,,0.011
1300+580,60939.2,2025-09-21,fm5264,,0.34,,0.325,,0.012,,0.011
1300+580,60981.4,2025-11-02,fm5306,,0.311,0.29,0.318,,0.01,0.01,0.011
1300+580,61006.1,2025-11-27,fm5331,,0.34,0.31,0.309,,0.013,0.011,0.011
1300+580,61027.2,2025-12-18,fm5352,,0.302,0.311,0.303,,0.01,0.01,0.011
1300+580,61068.9,2026-01-28,fm6029,,0.342,0.31,0.319,,0.012,0.011,0.01
1300+580,61094.4,2026-02-23,fm6054,,0.326,0.307,0.318,,0.011,0.01,0.011
1300+580,61105.9,2026-03-06,fm6066,,0.355,0.351,0.334,,0.012,0.011,0.011
1300+580,61131.9,2026-04-01,fm6092,,0.378,0.32,0.345,,0.012,0.011,0.011
1300+580,61159.8,2026-04-29,fm6120,,0.354,0.317,0.337,,0.013,0.011,0.011
1300+580,61187.8,2026-05-27,fm6148,,0.316,0.378,0.35,,0.012,0.013,0.011
1300+580,61226.5,2026-07-05,fm6186,,0.374,0.34,0.359,,0.015,0.011,0.011
1300+580,61254.5,2026-08-02,fm6214,,0.385,0.387,0.377,,0.013,0.013,0.012
1300+580,61289.5,2026-09-06,fm6249,,0.4,0.351,,,0.013,0.014,
1306+360,61053.5,2026-01-13,vo6014,,0.373,,,,0.014,,
1306+360,61088.9,2026-02-17,vo6049,,0.383,0.425,0.493,,0.016,0.018,0.017
1306+360,61095.5,2026-02-24,vo6056,,0.39,0.407,0.504,,0.015,0.015,0.017
1306+360,61130.5,2026-03-31,vo6091,,0.419,0.426,0.519,,0.017,0.016,0.017
1306+360,61158.5,2026-04-28,vo6119,,,,0.568,,,,0.019
1306+360,61201.5,2026-06-10,vo6162,,,0.516,0.627,,,0.019,0.021
1306+360,61235.5,2026-07-14,vo6196,,,0.543,0.631,,,0.018,0.02
1306+360,61249.5,2026-07-28,vo6210,,,0.543,0.646,,,0.019,0.021
1308+326,61095.6,2026-02-24,vo6056,,2.731,2.843,2.979,,0.083,0.088,0.09
1308+326,61130.5,2026-03-31,vo6091,,2.764,2.854,3.018,,0.088,0.087,0.091
1308+326,61158.8,2026-04-28,vo6119,,2.863,2.854,3.12,,0.097,0.096,0.095
1308+326,61201.6,2026-06-10,vo6162,,2.819,2.863,3.121,,0.095,0.088,0.096
1308+326,61235.5,2026-07-14,vo6196,,,3.003,3.204,,,0.094,0.097
1308+326,61250.5,2026-07-29,vo6210,,3.084,3.051,3.337,,0.133,0.094,0.103
1308+328,59957.7,2023-01-13,fm3013,,0.521,0.567,0.549,,0.016,0.018,0.018
1308+328,59975.7,2023-01-31,fm3031,,0.51,0.506,0.542,,0.018,0.016,0.021
1308+328,60078.3,2023-05-14,fm3134,,,0.541,0.514,,,0.018,0.018
1308+328,60092.2,2023-05-28,fm3148,,,0.537,0.479,,,0.02,0.017
1308+328,60126.6,2023-07-01,fm3182,,0.534,0.556,0.537,,0.018,0.019,0.021
1308+328,60139.5,2023-07-14,fm3195,,0.577,0.551,0.63,,0.019,0.018,0.021
1308+328,60237.3,2023-10-20,fm3293,,0.648,0.618,0.614,,0.021,0.019,0.023
1308+328,60250.3,2023-11-02,fm3306,,0.63,0.618,0.56,,0.02,0.021,0.024
1308+328,60320.6,2024-01-11,fm4011,,0.634,0.614,0.583,,0.021,0.02,0.018
1308+328,60359.5,2024-02-19,fm4050,,0.595,0.592,0.613,,0.02,0.019,0.022
1308+328,60383.4,2024-03-14,fm4074,,0.643,0.606,0.534,,0.021,0.02,0.018
1308+328,60417.3,2024-04-17,vo4108,,0.667,0.658,0.645,,0.021,0.021,0.02
1308+328,60424.3,2024-04-24,vo4115,,0.673,0.669,0.679,,0.021,0.021,0.021
1308+328,60437.3,2024-05-07,fm4128,,,0.683,0.654,,,0.022,0.021
1308+328,60464.5,2024-06-03,fm4155,,0.667,0.68,0.686,,0.023,0.021,0.028
1308+328,60620.0,2024-11-06,vo4311,,0.659,0.666,0.605,,0.021,0.021,0.019
1308+328,60621.4,2024-11-07,fm4312,,0.667,0.67,0.559,,0.023,0.023,0.02
1308+328,60649.7,2024-12-05,fm4340,,0.691,0.687,0.598,,0.022,0.022,0.022
1308+328,60650.7,2024-12-06,fm4341,,0.627,0.597,0.64,,0.019,0.019,0.02
1308+328,60702.5,2025-01-27,fm5027,,0.636,0.593,0.52,,0.02,0.018,0.02
1308+328,60727.5,2025-02-21,fm5052,1.433,0.614,0.595,0.531,0.047,0.021,0.019,0.017
1308+328,60728.5,2025-02-22,fm5053,,0.615,0.591,,,0.019,0.018,
1308+328,60762.4,2025-03-28,fm5087,,0.578,0.54,0.472,,0.019,0.018,0.018
1308+328,60789.3,2025-04-24,fm5114,,0.56,0.566,0.43,,0.018,0.018,0.015
1308+328,60814.3,2025-05-19,fm5139,,0.559,0.56,,,0.02,0.018,
1308+328,60858.2,2025-07-02,fm5183,1.142,0.461,0.485,0.482,0.051,0.017,0.016,0.021
1308+328,60872.1,2025-07-16,fm5197,,0.505,,,,0.018,,
1308+328,60907.0,2025-08-19,vo5232,,0.466,0.446,0.413,,0.016,0.015,0.014
1308+328,60939.2,2025-09-21,fm5264,,0.422,0.396,,,0.015,0.014,
1308+328,60981.8,2025-11-02,fm5306,,0.376,0.345,,,0.012,0.011,
1308+328,61006.1,2025-11-27,fm5331,,0.364,0.37,,,0.012,0.016,
1308+328,61027.9,2025-12-18,fm5352,,,0.334,0.314,,,0.011,0.011
1308+328,61068.8,2026-01-28,fm6029,,0.347,0.322,0.308,,0.012,0.012,0.01
1308+328,61094.9,2026-02-23,fm6054,,0.327,0.343,0.391,,0.012,0.012,0.015
1308+328,61105.8,2026-03-06,fm6066,,0.332,,0.292,,0.012,,0.011
1308+328,61131.9,2026-04-01,fm6092,,0.333,0.329,0.237,,0.011,0.014,0.011
1308+328,61160.4,2026-04-30,fm6120,,0.355,0.332,,,0.013,0.011,
1308+328,61188.2,2026-05-28,fm6148,,0.316,0.308,0.314,,0.011,0.015,0.011
1308+328,61226.5,2026-07-05,fm6186,,0.334,0.327,0.402,,0.012,0.012,0.022
1308+328,61254.6,2026-08-02,fm6214,,,0.287,0.378,,,0.01,0.016
1308+328,61289.6,2026-09-06,fm6249,,0.329,,,,0.013,,
1324+224,59957.7,2023-01-13,fm3013,,0.53,0.533,0.536,,0.019,0.019,0.017
1324+224,59975.6,2023-01-31,fm3031,,0.551,0.523,0.55,,0.018,0.017,0.018
1324+224,60078.4,2023-05-14,fm3134,,0.572,0.629,0.68,,0.02,0.02,0.021
1324+224,60092.3,2023-05-28,fm3148,,,0.633,0.699,,,0.022,0.022
1324+224,60127.0,2023-07-01,fm3182,,0.666,0.669,0.715,,0.022,0.021,0.024
1324+224,60139.4,2023-07-14,fm3195,,0.674,0.683,0.71,,0.023,0.023,0.023
1324+224,60237.2,2023-10-20,fm3293,,0.714,0.719,0.737,,0.024,0.022,0.023
1324+224,60250.4,2023-11-02,fm3306,,0.69,0.731,0.71,,0.022,0.023,0.023
1324+224,60320.7,2024-01-11,fm4011,,0.678,0.665,0.619,,0.023,0.021,0.02
1324+224,60359.6,2024-02-19,fm4050,,,0.648,0.588,,,0.024,0.019
1324+224,60383.5,2024-03-14,fm4074,,0.637,0.614,0.589,,0.023,0.021,0.019
1324+224,60437.4,2024-05-07,fm4128,,0.635,0.61,0.542,,0.023,0.019,0.017
1324+224,60621.9,2024-11-07,fm4312,,0.548,0.541,0.487,,0.02,0.017,0.015
1324+224,60649.8,2024-12-05,fm4340,,0.585,0.551,0.525,,0.019,0.018,0.018
1324+224,60650.8,2024-12-06,fm4341,,0.554,0.519,0.484,,0.018,0.016,0.016
1324+224,60702.6,2025-01-27,fm5027,,0.544,0.527,0.525,,0.017,0.016,0.017
1324+224,60727.6,2025-02-21,fm5052,,0.53,0.531,0.547,,0.017,0.017,0.017
1324+224,60728.6,2025-02-22,fm5053,0.564,0.545,0.543,0.56,0.02,0.017,0.017,0.018
1324+224,60762.4,2025-03-28,fm5087,,0.554,0.548,0.573,,0.018,0.017,0.018
1324+224,60789.4,2025-04-24,fm5114,,0.564,0.563,0.57,,0.017,0.018,0.018
1324+224,60814.4,2025-05-19,fm5139,,0.626,0.586,0.592,,0.021,0.018,0.018
1324+224,60858.2,2025-07-02,fm5183,0.61,0.618,0.631,0.613,0.025,0.021,0.02,0.02
1324+224,60872.2,2025-07-16,fm5197,,0.639,,0.573,,0.021,,0.018
1324+224,60907.2,2025-08-20,vo5232,,,0.728,0.682,,,0.025,0.022
1324+224,60939.5,2025-09-21,fm5264,,0.662,0.665,0.644,,0.023,0.022,0.02
1324+224,60981.9,2025-11-02,fm5306,,0.655,0.673,0.634,,0.02,0.021,0.02
1324+224,61006.0,2025-11-27,fm5331,,0.702,0.672,0.67,,0.022,0.022,0.021
1324+224,61027.2,2025-12-18,fm5352,,0.679,0.657,0.637,,0.023,0.021,0.02
1324+224,61068.8,2026-01-28,fm6029,,0.725,0.713,0.695,,0.024,0.022,0.021
1324+224,61094.7,2026-02-23,fm6054,,0.759,0.764,0.717,,0.025,0.024,0.022
1324+224,61105.8,2026-03-06,fm6066,,0.76,0.749,0.703,,0.025,0.023,0.022
1324+224,61131.7,2026-04-01,fm6092,,0.79,0.797,0.68,,0.031,0.031,0.021
1324+224,61159.8,2026-04-29,fm6120,,0.722,0.72,0.649,,0.026,0.023,0.021
1324+224,61187.8,2026-05-27,fm6148,,0.72,0.735,0.677,,0.025,0.023,0.022
1324+224,61226.5,2026-07-05,fm6186,,0.801,0.735,0.724,,0.026,0.023,0.023
1324+224,61254.3,2026-08-02,fm6214,,0.815,0.797,0.722,,0.026,0.025,0.023
1324+224,61289.4,2026-09-06,fm6249,,0.789,0.763,0.7,,0.025,0.024,0.023
1325+126,59957.8,2023-01-13,fm3013,,0.276,0.312,0.287,,0.011,0.011,0.011
1325+126,59975.8,2023-01-31,fm3031,,0.298,0.286,0.273,,0.01,0.01,0.01
1325+126,60078.5,2023-05-14,fm3134,,,0.275,0.293,,,0.01,0.011
1325+126,60092.4,2023-05-28,fm3148,,,0.277,0.307,,,0.011,0.011
1325+126,60126.3,2023-07-01,fm3182,,0.279,0.294,0.301,,0.012,0.01,0.013
1325+126,60139.5,2023-07-14,fm3195,,,0.307,0.308,,,0.011,0.012
1325+126,60237.2,2023-10-20,fm3293,,0.318,0.321,0.354,,0.013,0.012,0.013
1325+126,60250.3,2023-11-02,fm3306,,0.309,0.289,0.329,,0.011,0.011,0.013
1325+126,60320.8,2024-01-11,fm4011,,0.313,0.34,0.344,,0.013,0.012,0.012
1325+126,60359.7,2024-02-19,fm4050,,0.291,0.317,0.333,,0.011,0.011,0.013
1325+126,60383.6,2024-03-14,fm4074,,0.307,0.324,0.331,,0.012,0.012,0.013
1325+126,60437.5,2024-05-07,fm4128,,,0.325,0.321,,,0.013,0.011
1325+126,60464.6,2024-06-03,fm4155,,,0.308,0.293,,,0.011,0.011
1325+126,60622.0,2024-11-07,fm4312,,0.268,0.288,0.255,,0.01,0.01,0.009
1325+126,60649.9,2024-12-05,fm4340,,0.23,0.221,0.203,,0.011,0.008,0.01
1325+126,60650.9,2024-12-06,fm4341,,0.259,0.273,0.251,,0.009,0.009,0.009
1325+126,60702.8,2025-01-27,fm5027,,0.254,0.268,0.253,,0.009,0.009,0.009
1325+126,60727.7,2025-02-21,fm5052,,0.249,0.269,,,0.009,0.009,
1325+126,60728.8,2025-02-22,fm5053,,0.264,0.252,0.238,,0.009,0.009,0.011
1325+126,60762.4,2025-03-28,fm5087,,0.254,0.239,0.226,,0.01,0.009,0.008
1325+126,60789.5,2025-04-24,fm5114,,0.224,0.256,0.245,,0.008,0.009,0.009
1325+126,60814.4,2025-05-19,fm5139,,,0.251,0.229,,,0.009,0.008
1325+126,60858.3,2025-07-02,fm5183,,,0.259,0.262,,,0.009,0.01
1325+126,60872.4,2025-07-16,fm5197,,0.244,,0.24,,0.011,,0.011
1325+126,60940.1,2025-09-22,fm5264,,0.259,0.262,0.245,,0.01,0.01,0.009
1325+126,60982.0,2025-11-03,fm5306,,0.249,0.253,0.255,,0.011,0.009,0.009
1325+126,61006.0,2025-11-26,fm5331,,0.261,0.268,0.259,,0.009,0.009,0.009
1325+126,61027.0,2025-12-17,fm5352,,0.248,0.246,0.248,,0.009,0.009,0.009
1325+126,61069.0,2026-01-28,fm6029,,0.265,0.26,0.268,,0.009,0.009,0.009
1325+126,61094.9,2026-02-23,fm6054,,,0.269,0.279,,,0.01,0.01
1325+126,61095.6,2026-02-24,vo6056,,0.283,,0.257,,0.018,,0.012
1325+126,61105.8,2026-03-06,fm6066,,0.275,0.276,0.28,,0.01,0.009,0.009
1325+126,61132.6,2026-04-02,fm6092,,0.249,0.263,0.289,,0.009,0.009,0.01
1325+126,61158.7,2026-04-28,vo6119,,,,0.265,,,,0.017
1325+126,61160.5,2026-04-30,fm6120,,,0.277,0.285,,,0.009,0.01
1325+126,61188.4,2026-05-28,fm6148,,,0.275,0.282,,,0.01,0.01
1325+126,61226.5,2026-07-05,fm6186,,0.274,0.273,0.287,,0.012,0.009,0.01
1325+126,61236.3,2026-07-15,vo6196,,,0.315,0.276,,,0.022,0.016
1325+126,61289.4,2026-09-06,fm6249,,0.269,0.276,,,0.01,0.012,
1328+307,59957.6,2023-01-13,fm3013,,6.754,5.977,4.38,,0.207,0.182,0.133
1328+307,59975.7,2023-01-31,fm3031,9.394,6.786,6.016,4.326,0.381,0.211,0.184,0.132
1328+307,60078.3,2023-05-14,fm3134,,6.817,6.005,4.36,,0.225,0.184,0.133
1328+307,60092.3,2023-05-28,fm3148,,,5.965,4.323,,,0.197,0.133
1328+307,60126.6,2023-07-01,fm3182,9.176,6.696,6.052,4.379,0.309,0.234,0.189,0.133
1328+307,60139.6,2023-07-14,fm3195,8.92,6.611,6.093,4.381,0.304,0.223,0.193,0.133
1328+307,60237.3,2023-10-20,fm3293,9.153,6.74,6.085,4.471,0.291,0.236,0.188,0.135
1328+307,60244.8,2023-10-27,vo3299,9.557,6.79,6.01,4.372,0.3,0.209,0.184,0.132
1328+307,60250.4,2023-11-02,fm3306,9.356,6.72,6.032,4.334,0.295,0.206,0.184,0.131
1328+307,60320.7,2024-01-11,fm4011,,6.705,6.088,4.346,,0.225,0.192,0.133
1328+307,60359.6,2024-02-19,fm4050,9.37,6.732,5.981,4.306,0.319,0.216,0.183,0.13
1328+307,60383.5,2024-03-14,fm4074,10.007,6.98,6.091,4.368,0.318,0.233,0.193,0.135
1328+307,60437.3,2024-05-07,fm4128,9.233,6.788,6.114,4.354,0.304,0.224,0.186,0.131
1328+307,60464.6,2024-06-03,fm4155,9.707,6.768,6.035,4.331,0.315,0.22,0.186,0.131
1328+307,60621.3,2024-11-07,fm4312,9.475,6.7,5.991,4.337,0.343,0.22,0.184,0.132
1328+307,60649.2,2024-12-05,fm4340,,6.583,5.847,4.207,,0.208,0.186,0.14
1328+307,60650.7,2024-12-06,fm4341,,6.845,6.048,4.411,,0.21,0.184,0.133
1328+307,60698.0,2025-01-23,vo5022,9.414,6.781,5.951,4.275,0.32,0.209,0.181,0.13
1328+307,60702.1,2025-01-27,fm5027,9.525,6.705,6.001,4.33,0.311,0.213,0.183,0.131
1328+307,60705.0,2025-01-30,vo5029,9.324,6.789,6.004,4.276,0.294,0.21,0.183,0.13
1328+307,60719.0,2025-02-13,vo5043,9.445,6.806,6.047,4.303,0.305,0.21,0.184,0.13
1328+307,60727.5,2025-02-21,fm5052,9.619,6.814,6.092,4.404,0.298,0.208,0.187,0.133
1328+307,60728.5,2025-02-22,fm5053,9.412,6.832,6.026,4.417,0.303,0.211,0.185,0.134
1328+307,60762.5,2025-03-28,fm5087,9.275,6.673,5.928,4.297,0.3,0.222,0.18,0.131
1328+307,60775.0,2025-04-10,vo5099,9.432,6.76,6.027,4.331,0.31,0.215,0.186,0.133
1328+307,60789.4,2025-04-24,fm5114,9.392,6.793,6.026,4.317,0.293,0.21,0.185,0.131
1328+307,60810.0,2025-05-15,vo5134,9.465,6.87,6.173,4.412,0.294,0.211,0.19,0.135
1328+307,60814.3,2025-05-19,fm5139,,6.711,5.994,4.332,,0.221,0.184,0.132
1328+307,60852.0,2025-06-26,vo5176,9.44,6.932,6.203,4.471,0.31,0.21,0.19,0.136
1328+307,60858.2,2025-07-02,fm5183,9.338,6.673,5.985,4.362,0.294,0.22,0.184,0.135
1328+307,60871.9,2025-07-15,fm5197,9.45,6.75,,4.346,0.308,0.221,,0.132
1328+307,60939.2,2025-09-21,fm5264,9.143,6.711,5.968,4.318,0.316,0.236,0.186,0.131
1328+307,60981.0,2025-11-02,fm5306,9.458,6.801,6.012,4.384,0.297,0.209,0.185,0.133
1328+307,61006.0,2025-11-26,fm5331,9.194,6.873,6.097,4.531,0.293,0.207,0.186,0.138
1328+307,61006.0,2025-11-27,vo5330,9.036,6.61,5.934,4.21,0.367,0.212,0.184,0.129
1328+307,61027.1,2025-12-18,fm5352,9.447,6.686,5.995,4.357,0.307,0.218,0.186,0.131
1328+307,61027.0,2025-12-18,vo5351,9.165,6.68,5.982,4.258,0.294,0.203,0.183,0.13
1328+307,61055.0,2026-01-15,vo6014,9.184,6.758,6.012,4.199,0.334,0.206,0.184,0.129
1328+307,61068.7,2026-01-28,fm6029,9.292,6.736,6.066,4.319,0.287,0.219,0.187,0.131
1328+307,61090.0,2026-02-19,vo6049,9.214,6.861,6.094,4.363,0.335,0.212,0.186,0.133
1328+307,61094.6,2026-02-23,fm6054,9.245,6.88,6.037,4.255,0.29,0.213,0.186,0.13
1328+307,61097.0,2026-02-26,vo6056,9.496,6.877,6.122,4.31,0.306,0.213,0.186,0.131
1328+307,61105.6,2026-03-06,fm6066,9.612,6.782,5.995,4.329,0.32,0.224,0.185,0.131
1328+307,61131.7,2026-04-01,fm6092,9.427,6.732,6.023,4.333,0.292,0.214,0.185,0.131
1328+307,61132.0,2026-04-02,vo6091,9.265,6.859,6.04,4.381,0.32,0.213,0.185,0.132
1328+307,61159.6,2026-04-29,fm6120,9.661,6.733,6.017,4.325,0.34,0.218,0.185,0.13
1328+307,61160.0,2026-04-30,vo6119,,6.843,6.04,4.397,,0.232,0.188,0.133
1328+307,61187.7,2026-05-27,fm6148,,6.805,6.062,4.357,,0.226,0.186,0.132
1328+307,61203.0,2026-06-12,vo6162,9.565,6.902,6.09,4.442,0.321,0.211,0.187,0.136
1328+307,61226.6,2026-07-05,fm6186,,6.764,6.027,4.368,,0.222,0.188,0.133
1328+307,61237.0,2026-07-16,vo6196,,6.718,5.999,4.336,,0.205,0.186,0.132
1328+307,61251.0,2026-07-30,vo6210,,6.457,5.831,4.176,,0.221,0.179,0.128
1328+307,61254.6,2026-08-02,fm6214,,6.755,6.059,4.391,,0.23,0.188,0.133
1328+307,61289.2,2026-09-06,fm6249,9.079,6.917,6.061,4.443,0.284,0.215,0.186,0.137
1329-049,61095.6,2026-02-24,vo6056,,0.944,0.931,0.914,,0.034,0.033,0.031
1329-049,61236.4,2026-07-15,vo6196,,,0.84,0.834,,,0.036,0.032
1330+022,59957.9,2023-01-13,fm3013,,0.893,0.764,0.516,,0.031,0.024,0.017
1330+022,59975.8,2023-01-31,fm3031,1.368,0.89,0.71,0.505,0.044,0.035,0.024,0.016
1330+022,60078.5,2023-05-14,fm3134,,0.804,0.759,0.492,,0.037,0.025,0.017
1330+022,60092.5,2023-05-28,fm3148,,,0.727,0.497,,,0.025,0.016
1330+022,60126.6,2023-07-01,fm3182,1.413,0.915,0.776,0.503,0.05,0.037,0.026,0.017
1330+022,60139.4,2023-07-14,fm3195,,,0.851,0.583,,,0.027,0.021
1330+022,60237.2,2023-10-20,fm3293,,1.053,0.955,0.708,,0.043,0.03,0.024
1330+022,60251.2,2023-11-03,fm3306,,0.552,0.392,0.24,,0.02,0.014,0.016
1330+022,60320.9,2024-01-11,fm4011,,0.882,0.694,0.486,,0.039,0.022,0.016
1330+022,60359.8,2024-02-19,fm4050,1.347,0.832,0.722,0.473,0.053,0.027,0.022,0.016
1330+022,60383.7,2024-03-14,fm4074,1.358,0.859,0.682,0.448,0.049,0.029,0.024,0.016
1330+022,60437.6,2024-05-07,fm4128,,,0.711,0.475,,,0.024,0.017
1330+022,60464.6,2024-06-03,fm4155,,0.853,0.727,0.471,,0.028,0.023,0.017
1330+022,60622.0,2024-11-08,fm4312,1.322,0.839,0.714,0.465,0.043,0.03,0.023,0.015
1330+022,60650.0,2024-12-05,fm4340,,,0.745,0.484,,,0.031,0.02
1330+022,60651.0,2024-12-06,fm4341,,0.741,0.618,,,0.031,0.022,
1330+022,60702.8,2025-01-27,fm5027,1.285,0.841,0.719,0.491,0.044,0.029,0.023,0.015
1330+022,60727.8,2025-02-21,fm5052,1.433,0.843,0.725,0.519,0.049,0.027,0.022,0.017
1330+022,60728.8,2025-02-22,fm5053,1.417,0.861,0.723,0.569,0.061,0.026,0.023,0.019
1330+022,60762.7,2025-03-28,fm5087,,0.785,0.654,0.339,,0.028,0.025,0.011
1330+022,60789.7,2025-04-24,fm5114,,0.782,0.539,0.315,,0.025,0.018,0.011
1330+022,60814.5,2025-05-19,fm5139,,0.893,0.759,0.489,,0.036,0.027,0.015
1330+022,60858.4,2025-07-02,fm5183,,0.888,,0.432,,0.033,,0.015
1330+022,60872.5,2025-07-16,fm5197,1.396,0.711,,0.312,0.058,0.023,,0.013
1330+022,60939.2,2025-09-21,fm5264,,1.024,0.904,0.585,,0.038,0.029,0.021
1330+022,60982.0,2025-11-03,fm5306,,0.858,0.754,0.481,,0.027,0.025,0.015
1330+022,61006.0,2025-11-27,fm5331,1.373,0.868,0.722,0.41,0.054,0.033,0.023,0.014
1330+022,61027.0,2025-12-17,fm5352,,0.823,0.72,0.469,,0.026,0.024,0.015
1330+022,61068.9,2026-01-28,fm6029,1.291,0.836,0.698,0.398,0.043,0.031,0.022,0.013
1330+022,61094.8,2026-02-23,fm6054,1.425,0.726,0.683,0.393,0.054,0.032,0.025,0.013
1330+022,61105.8,2026-03-06,fm6066,,0.893,0.75,0.436,,0.03,0.03,0.014
1330+022,61132.6,2026-04-02,fm6092,1.356,0.818,0.693,0.412,0.047,0.03,0.025,0.013
1330+022,61160.6,2026-04-30,fm6120,,0.732,0.676,0.406,,0.033,0.022,0.014
1330+022,61188.5,2026-05-28,fm6148,,,0.668,0.416,,,0.021,0.013
1330+022,61226.4,2026-07-05,fm6186,,0.842,0.742,0.464,,0.028,0.024,0.016
1330+022,61236.8,2026-07-15,vo6196,,,0.886,,,,0.047,
1330+022,61289.4,2026-09-06,fm6249,,0.672,0.574,0.294,,0.026,0.02,0.011
1330+476,59957.6,2023-01-13,fm3013,,0.268,0.291,0.366,,0.01,0.01,0.012
1330+476,59975.7,2023-01-31,fm3031,,0.287,0.322,0.419,,0.011,0.011,0.014
1330+476,60078.2,2023-05-14,fm3134,,,0.331,0.332,,,0.011,0.012
1330+476,60092.2,2023-05-28,fm3148,,,0.332,0.348,,,0.012,0.012
1330+476,60126.2,2023-07-01,fm3182,,0.315,0.325,0.333,,0.012,0.011,0.012
1330+476,60139.5,2023-07-14,fm3195,,0.331,0.328,0.301,,0.012,0.011,0.011
1330+476,60237.2,2023-10-20,fm3293,,0.329,0.319,0.306,,0.013,0.011,0.011
1330+476,60250.4,2023-11-02,fm3306,,0.311,0.311,0.287,,0.011,0.011,0.012
1330+476,60320.4,2024-01-11,fm4011,,0.273,0.265,0.231,,0.012,0.01,0.01
1330+476,60359.3,2024-02-19,fm4050,,0.242,0.248,0.223,,0.01,0.009,0.01
1330+476,60383.4,2024-03-14,fm4074,,0.238,0.219,0.219,,0.011,0.009,0.012
1330+476,60437.1,2024-05-07,fm4128,,,0.208,0.201,,,0.008,0.009
1330+476,60464.5,2024-06-03,fm4155,,0.207,0.202,0.211,,0.01,0.009,0.01
1330+476,60621.4,2024-11-07,fm4312,,0.184,0.185,0.21,,0.007,0.007,0.007
1330+476,60649.2,2024-12-05,fm4340,,0.183,0.204,,,0.007,0.007,
1330+476,60650.4,2024-12-06,fm4341,,0.173,0.182,0.201,,0.007,0.007,0.008
1330+476,60702.2,2025-01-27,fm5027,,0.194,0.21,0.289,,0.007,0.007,0.01
1330+476,60727.3,2025-02-21,fm5052,,0.2,0.216,0.287,,0.007,0.008,0.01
1330+476,60728.6,2025-02-22,fm5053,,0.198,0.229,0.278,,0.007,0.008,0.011
1330+476,60762.6,2025-03-28,fm5087,,0.215,0.228,0.282,,0.008,0.008,0.009
1330+476,60789.1,2025-04-24,fm5114,,0.227,0.245,0.273,,0.008,0.008,0.009
1330+476,60814.1,2025-05-19,fm5139,,,0.253,0.297,,,0.01,0.01
1330+476,60858.2,2025-07-02,fm5183,,0.266,0.301,0.352,,0.009,0.01,0.012
1330+476,60872.2,2025-07-16,fm5197,,0.287,,0.355,,0.01,,0.012
1330+476,60939.4,2025-09-21,fm5264,,0.334,0.336,0.346,,0.011,0.011,0.011
1330+476,60981.4,2025-11-02,fm5306,,0.347,0.361,0.369,,0.012,0.011,0.012
1330+476,61006.1,2025-11-27,fm5331,,0.342,0.366,0.352,,0.011,0.012,0.012
1330+476,61027.5,2025-12-18,fm5352,,,0.353,0.367,,,0.012,0.012
1330+476,61068.9,2026-01-28,fm6029,,0.379,0.399,0.399,,0.012,0.013,0.013
1330+476,61094.4,2026-02-23,fm6054,,0.391,0.415,0.404,,0.013,0.013,0.014
1330+476,61105.9,2026-03-06,fm6066,,0.379,0.396,0.381,,0.012,0.012,0.012
1330+476,61131.9,2026-04-01,fm6092,,0.381,0.395,0.383,,0.012,0.013,0.012
1330+476,61160.4,2026-04-30,fm6120,,0.399,0.398,0.378,,0.014,0.013,0.014
1330+476,61187.8,2026-05-27,fm6148,,,0.394,0.356,,,0.013,0.011
1330+476,61226.5,2026-07-05,fm6186,,0.374,0.362,0.332,,0.012,0.013,0.011
1330+476,61254.5,2026-08-02,fm6214,,0.365,0.357,0.32,,0.013,0.012,0.011
1330+476,61289.5,2026-09-06,fm6249,,0.361,0.351,,,0.013,0.012,
1334-127,59958.0,2023-01-13,fm3013,,2.098,2.118,2.274,,0.066,0.064,0.069
1334-127,59976.0,2023-01-31,fm3031,2.197,2.192,2.232,2.284,0.1,0.067,0.067,0.069
1334-127,60078.7,2023-05-14,fm3134,,,2.283,2.457,,,0.073,0.079
1334-127,60092.6,2023-05-28,fm3148,2.039,,2.095,2.391,0.081,,0.067,0.072
1334-127,60126.5,2023-07-01,fm3182,2.26,2.113,2.17,2.426,0.095,0.07,0.066,0.075
1334-127,60139.8,2023-07-14,fm3195,,,2.307,2.651,,,0.072,0.083
1334-127,60321.0,2024-01-11,fm4011,,2.308,2.419,2.943,,0.071,0.074,0.089
1334-127,60359.9,2024-02-19,fm4050,2.111,2.337,2.48,2.983,0.068,0.073,0.077,0.09
1334-127,60383.8,2024-03-14,fm4074,2.172,2.337,2.455,2.918,0.072,0.071,0.075,0.091
1334-127,60417.7,2024-04-17,vo4108,,2.318,2.451,2.924,,0.076,0.077,0.089
1334-127,60437.7,2024-05-07,fm4128,,2.55,2.626,3.15,,0.091,0.081,0.095
1334-127,60459.7,2024-05-29,vo4150,,,2.533,3.308,,,0.08,0.106
1334-127,60464.6,2024-06-03,fm4155,,2.562,2.674,3.24,,0.08,0.081,0.098
1334-127,60620.0,2024-11-06,vo4311,,2.233,2.385,2.775,,0.076,0.073,0.084
1334-127,60622.2,2024-11-08,fm4312,2.036,2.283,2.463,2.778,0.064,0.074,0.081,0.084
1334-127,60649.1,2024-12-05,vo4339,,2.254,2.389,2.604,,0.081,0.073,0.079
1334-127,60650.1,2024-12-06,fm4340,,2.332,2.434,2.683,,0.074,0.078,0.091
1334-127,60651.1,2024-12-07,fm4341,,2.19,2.346,2.488,,0.069,0.071,0.076
1334-127,60702.9,2025-01-27,fm5027,1.886,2.206,2.29,2.512,0.072,0.067,0.069,0.076
1334-127,60727.9,2025-02-21,fm5052,1.889,2.093,2.184,2.409,0.062,0.064,0.066,0.073
1334-127,60728.9,2025-02-22,fm5053,1.857,2.02,2.116,2.317,0.072,0.063,0.064,0.072
1334-127,60762.8,2025-03-28,fm5087,1.771,1.97,2.062,2.273,0.066,0.06,0.063,0.069
1334-127,60789.7,2025-04-24,fm5114,,2.084,2.032,2.32,,0.075,0.062,0.071
1334-127,60814.6,2025-05-19,fm5139,,,2.04,2.451,,,0.062,0.074
1334-127,60858.5,2025-07-02,fm5183,,2.075,2.145,2.946,,0.073,0.065,0.092
1334-127,60872.5,2025-07-16,fm5197,1.626,1.9,,2.861,0.055,0.064,,0.089
1334-127,60939.2,2025-09-21,fm5264,,2.148,,3.396,,0.068,,0.103
1334-127,60982.2,2025-11-03,fm5306,1.699,2.355,2.742,3.898,0.06,0.075,0.085,0.118
1334-127,61005.9,2025-11-26,fm5331,1.597,2.495,2.923,4.235,0.07,0.079,0.09,0.129
1334-127,61026.8,2025-12-17,fm5352,1.739,2.573,2.95,4.086,0.066,0.083,0.09,0.124
1334-127,61054.0,2026-01-14,vo6014,,2.614,3.06,,,0.082,0.095,
1334-127,61068.7,2026-01-28,fm6029,1.844,2.666,3.038,4.202,0.062,0.084,0.095,0.127
1334-127,61088.9,2026-02-17,vo6049,,2.4,2.763,4.056,,0.082,0.092,0.131
1334-127,61094.9,2026-02-23,fm6054,1.773,2.627,2.956,4.264,0.065,0.08,0.09,0.13
1334-127,61095.5,2026-02-24,vo6056,,2.606,2.94,4.177,,0.09,0.095,0.13
1334-127,61105.6,2026-03-06,fm6066,,2.668,3.07,4.322,,0.089,0.095,0.13
1334-127,61130.6,2026-03-31,vo6091,,2.78,3.211,4.254,,0.096,0.1,0.132
1334-127,61158.6,2026-04-28,vo6119,,,3.075,4.328,,,0.124,0.134
1334-127,61160.7,2026-04-30,fm6120,,2.881,3.343,4.53,,0.09,0.104,0.137
1334-127,61188.6,2026-05-28,fm6148,,3.095,3.321,4.359,,0.126,0.102,0.132
1334-127,61202.6,2026-06-11,vo6162,,3.074,3.353,4.322,,0.103,0.112,0.14
1334-127,61226.4,2026-07-05,fm6186,,3.212,3.655,4.679,,0.1,0.113,0.142
1334-127,61236.5,2026-07-15,vo6196,,,3.581,4.357,,,0.135,0.145
1334-127,61250.6,2026-07-29,vo6210,,,4.012,4.815,,,0.141,0.149
1334-127,61254.3,2026-08-02,fm6214,,3.366,3.744,4.645,,0.105,0.114,0.14
1334-127,61290.3,2026-09-07,fm6249,,3.292,3.741,4.484,,0.104,0.117,0.138
1336-237,61096.1,2026-02-25,vo6056,,,,0.408,,,,0.035
1348+308,59957.7,2023-01-13,fm3013,,0.417,0.423,0.376,,0.014,0.014,0.013
1348+308,59975.8,2023-01-31,fm3031,0.53,0.408,0.383,0.34,0.024,0.013,0.012,0.012
1348+308,60078.3,2023-05-14,fm3134,,,0.343,0.298,,,0.013,0.011
1348+308,60092.3,2023-05-28,fm3148,,,0.359,0.31,,,0.012,0.012
1348+308,60126.3,2023-07-01,fm3182,,0.392,0.366,0.306,,0.013,0.012,0.012
1348+308,60139.4,2023-07-14,fm3195,,0.376,0.369,0.328,,0.014,0.012,0.012
1348+308,60237.3,2023-10-20,fm3293,,,0.401,0.399,,,0.014,0.014
1348+308,60250.3,2023-11-02,fm3306,,0.422,0.42,0.405,,0.014,0.014,0.014
1348+308,60320.7,2024-01-11,fm4011,,0.407,0.404,0.379,,0.015,0.013,0.013
1348+308,60359.6,2024-02-19,fm4050,,0.41,0.396,0.337,,0.013,0.013,0.013
1348+308,60383.5,2024-03-14,fm4074,,0.381,0.36,0.301,,0.014,0.012,0.013
1348+308,60437.4,2024-05-07,fm4128,,,0.352,0.293,,,0.012,0.011
1348+308,60464.5,2024-06-03,fm4155,,0.321,0.341,0.294,,0.014,0.012,0.011
1348+308,60621.3,2024-11-07,fm4312,,0.309,0.316,0.297,,0.01,0.011,0.01
1348+308,60649.3,2024-12-05,fm4340,,0.35,0.364,0.347,,0.012,0.012,0.013
1348+308,60650.7,2024-12-06,fm4341,,0.342,0.346,0.358,,0.011,0.011,0.012
1348+308,60702.6,2025-01-27,fm5027,,0.383,0.372,0.4,,0.012,0.012,0.013
1348+308,60727.6,2025-02-21,fm5052,,0.384,0.383,0.384,,0.012,0.012,0.013
1348+308,60728.7,2025-02-22,fm5053,,0.379,0.386,0.403,,0.012,0.012,0.013
1348+308,60762.4,2025-03-28,fm5087,,0.375,0.384,0.388,,0.012,0.012,0.012
1348+308,60789.4,2025-04-24,fm5114,,0.402,0.414,0.42,,0.013,0.013,0.013
1348+308,60814.3,2025-05-19,fm5139,,0.416,0.421,0.453,,0.016,0.013,0.014
1348+308,60858.2,2025-07-02,fm5183,,0.414,0.425,0.387,,0.015,0.014,0.013
1348+308,60872.2,2025-07-16,fm5197,,0.415,,0.336,,0.013,,0.012
1348+308,60939.4,2025-09-21,fm5264,,0.356,0.354,0.337,,0.012,0.012,0.011
1348+308,60981.4,2025-11-02,fm5306,,0.353,0.351,0.326,,0.011,0.011,0.012
1348+308,61006.1,2025-11-27,fm5331,,0.356,0.334,0.317,,0.012,0.011,0.011
1348+308,61027.0,2025-12-18,fm5352,,0.349,0.334,0.303,,0.012,0.011,0.011
1348+308,61068.8,2026-01-28,fm6029,,0.346,0.334,0.302,,0.011,0.011,0.01
1348+308,61094.7,2026-02-23,fm6054,,0.345,0.334,0.292,,0.012,0.011,0.01
1348+308,61105.8,2026-03-06,fm6066,,,0.341,0.3,,,0.011,0.01
1348+308,61131.9,2026-04-01,fm6092,,0.342,0.334,0.282,,0.012,0.011,0.01
1348+308,61160.5,2026-04-30,fm6120,,0.346,0.332,,,0.012,0.011,
1348+308,61187.9,2026-05-27,fm6148,,0.326,0.311,0.269,,0.012,0.011,0.009
1348+308,61226.5,2026-07-05,fm6186,,,0.305,0.269,,,0.01,0.009
1348+308,61254.5,2026-08-02,fm6214,,0.336,0.303,0.289,,0.012,0.01,0.01
1348+308,61289.6,2026-09-06,fm6249,,0.322,0.299,0.256,,0.011,0.011,0.011
1351-018,59957.9,2023-01-13,fm3013,,0.686,0.65,0.586,,0.023,0.02,0.019
1351-018,59975.9,2023-01-31,fm3031,,0.661,0.639,0.552,,0.024,0.02,0.018
1351-018,60078.6,2023-05-14,fm3134,,,0.653,0.563,,,0.023,0.018
1351-018,60092.5,2023-05-28,fm3148,,,0.646,0.592,,,0.021,0.019
1351-018,60126.4,2023-07-01,fm3182,,0.672,0.654,0.595,,0.025,0.021,0.019
1351-018,60139.4,2023-07-14,fm3195,,,0.664,0.593,,,0.021,0.023
1351-018,60320.9,2024-01-11,fm4011,,0.719,0.699,0.628,,0.024,0.022,0.02
1351-018,60359.8,2024-02-19,fm4050,,0.715,0.685,0.628,,0.024,0.024,0.022
1351-018,60383.7,2024-03-14,fm4074,,0.696,0.679,0.59,,0.023,0.022,0.02
1351-018,60417.8,2024-04-17,vo4108,,0.716,0.693,0.608,,0.038,0.038,0.032
1351-018,60437.6,2024-05-07,fm4128,,,0.703,0.621,,,0.022,0.02
1351-018,60459.5,2024-05-29,vo4150,0.883,0.606,0.69,0.608,0.038,0.023,0.022,0.02
1351-018,60464.6,2024-06-03,fm4155,,0.618,0.662,0.587,,0.02,0.021,0.019
1351-018,60620.1,2024-11-06,vo4311,0.943,0.755,0.746,0.665,0.037,0.029,0.023,0.023
1351-018,60622.1,2024-11-08,fm4312,0.777,0.731,0.712,0.645,0.026,0.024,0.022,0.02
1351-018,60648.0,2024-12-04,vo4339,,0.711,0.721,0.644,,0.024,0.023,0.021
1351-018,60650.0,2024-12-05,fm4340,,0.755,0.75,0.685,,0.025,0.024,0.024
1351-018,60651.0,2024-12-06,fm4341,,0.731,0.715,0.635,,0.024,0.022,0.021
1351-018,60702.8,2025-01-27,fm5027,,0.729,0.707,0.655,,0.027,0.022,0.02
1351-018,60727.8,2025-02-21,fm5052,,0.758,0.746,0.67,,0.023,0.023,0.021
1351-018,60728.8,2025-02-22,fm5053,,0.736,0.745,,,0.024,0.023,
1351-018,60762.7,2025-03-28,fm5087,,0.737,0.719,0.654,,0.023,0.022,0.02
1351-018,60789.6,2025-04-24,fm5114,,0.733,0.734,0.66,,0.025,0.023,0.02
1351-018,60814.6,2025-05-19,fm5139,,,0.732,0.673,,,0.023,0.021
1351-018,60858.4,2025-07-02,fm5183,,0.799,0.778,0.704,,0.027,0.024,0.023
1351-018,60872.5,2025-07-16,fm5197,,0.701,,0.656,,0.023,,0.022
1351-018,60907.2,2025-08-20,vo5232,,0.946,0.828,0.685,,0.034,0.031,0.022
1351-018,60939.2,2025-09-21,fm5264,,0.741,0.74,0.666,,0.026,0.023,0.021
1351-018,61005.9,2025-11-26,fm5331,,0.758,0.742,0.681,,0.025,0.023,0.021
1351-018,61027.0,2025-12-17,fm5352,,0.728,0.721,0.645,,0.025,0.022,0.02
1351-018,61068.8,2026-01-28,fm6029,,0.79,0.741,0.653,,0.025,0.023,0.02
1351-018,61094.8,2026-02-23,fm6054,,0.805,0.724,0.677,,0.028,0.024,0.023
1351-018,61105.8,2026-03-06,fm6066,,0.76,0.711,0.664,,0.026,0.023,0.021
1351-018,61131.7,2026-04-01,fm6092,,0.742,0.758,0.694,,0.029,0.024,0.022
1351-018,61159.7,2026-04-29,fm6120,,,0.759,0.684,,,0.024,0.023
1351-018,61188.5,2026-05-28,fm6148,,,0.753,0.675,,,0.025,0.021
1351-018,61226.4,2026-07-05,fm6186,,0.735,0.75,0.68,,0.024,0.024,0.021
1351-018,61254.3,2026-08-02,fm6214,,0.771,0.752,0.705,,0.03,0.024,0.023
1351-018,61289.4,2026-09-06,fm6249,,0.778,0.776,,,0.025,0.025,
1354+195,61089.0,2026-02-17,vo6049,,1.64,1.629,1.462,,0.056,0.055,0.047
1354-152,61089.3,2026-02-18,vo6049,,,1.141,1.215,,,0.06,0.052
1354-152,61095.9,2026-02-24,vo6056,,0.993,1.063,1.087,,0.033,0.036,0.034
1354-152,61130.6,2026-03-31,vo6091,,,1.062,1.088,,,0.043,0.037
1354-152,61159.0,2026-04-29,vo6119,,,,1.091,,,,0.047
1354-152,61202.8,2026-06-11,vo6162,,,1.079,1.03,,,0.04,0.035
1354-152,61236.5,2026-07-15,vo6196,,,1.04,1.015,,,0.036,0.033
1354-152,61250.7,2026-07-29,vo6210,,,0.99,1.006,,,0.042,0.037
1357+769,59957.6,2023-01-13,fm3013,,0.266,0.295,0.299,,0.01,0.01,0.011
1357+769,59975.7,2023-01-31,fm3031,,0.254,0.257,0.285,,0.009,0.009,0.01
1357+769,60078.1,2023-05-14,fm3134,,,0.252,0.276,,,0.009,0.01
1357+769,60092.2,2023-05-28,fm3148,,,,0.292,,,,0.011
1357+769,60126.2,2023-07-01,fm3182,,0.241,0.267,0.303,,0.01,0.01,0.011
1357+769,60139.6,2023-07-14,fm3195,,,0.265,0.295,,,0.01,0.012
1357+769,60237.3,2023-10-20,fm3293,,0.266,0.245,0.287,,0.012,0.01,0.011
1357+769,60250.4,2023-11-02,fm3306,,0.268,0.262,0.298,,0.01,0.01,0.012
1357+769,60320.4,2024-01-11,fm4011,,,0.232,0.295,,,0.008,0.01
1357+769,60359.3,2024-02-19,fm4050,,,0.272,0.307,,,0.01,0.012
1357+769,60383.4,2024-03-14,fm4074,,0.274,0.278,0.322,,0.012,0.011,0.012
1357+769,60437.1,2024-05-07,fm4128,,,0.285,0.334,,,0.011,0.012
1357+769,60464.4,2024-06-03,fm4155,,,,0.326,,,,0.012
1357+769,60621.3,2024-11-07,fm4312,,0.305,0.327,0.416,,0.012,0.011,0.013
1357+769,60649.2,2024-12-05,fm4340,,,,0.434,,,,0.016
1357+769,60650.5,2024-12-06,fm4341,,0.298,0.312,0.413,,0.011,0.01,0.014
1357+769,60702.2,2025-01-27,fm5027,,0.297,0.323,0.41,,0.01,0.011,0.014
1357+769,60727.3,2025-02-21,fm5052,,0.294,0.35,0.428,,0.01,0.015,0.014
1357+769,60728.4,2025-02-22,fm5053,,0.298,0.36,0.412,,0.011,0.012,0.014
1357+769,60762.5,2025-03-28,fm5087,,,0.341,0.427,,,0.012,0.013
1357+769,60789.1,2025-04-24,fm5114,,0.342,0.367,0.458,,0.012,0.012,0.014
1357+769,60814.1,2025-05-19,fm5139,,,0.354,0.47,,,0.012,0.015
1357+769,60858.2,2025-07-02,fm5183,,0.351,0.379,0.524,,0.012,0.012,0.017
1357+769,60872.2,2025-07-16,fm5197,,0.35,,0.511,,0.012,,0.016
1357+769,60939.3,2025-09-21,fm5264,,0.462,0.481,0.625,,0.018,0.02,0.019
1357+769,60981.4,2025-11-02,fm5306,,0.508,0.582,0.679,,0.017,0.019,0.021
1357+769,61006.1,2025-11-27,fm5331,,0.51,0.572,0.712,,0.016,0.021,0.022
1357+769,61027.2,2025-12-18,fm5352,,0.546,0.603,0.758,,0.017,0.019,0.023
1357+769,61068.9,2026-01-28,fm6029,,0.658,0.725,0.928,,0.022,0.023,0.028
1357+769,61088.9,2026-02-17,vo6049,,0.722,0.819,1.017,,0.023,0.026,0.031
1357+769,61094.4,2026-02-23,fm6054,,0.735,0.81,1.039,,0.026,0.027,0.032
1357+769,61095.6,2026-02-24,vo6056,,0.785,0.878,1.014,,0.028,0.028,0.031
1357+769,61105.9,2026-03-06,fm6066,,0.828,0.908,1.067,,0.029,0.028,0.032
1357+769,61130.5,2026-03-31,vo6091,,0.87,0.932,1.053,,0.029,0.031,0.032
1357+769,61131.8,2026-04-01,fm6092,,0.889,0.964,1.111,,0.032,0.034,0.034
1357+769,61158.5,2026-04-28,vo6119,,0.864,0.955,1.095,,0.029,0.032,0.034
1357+769,61159.7,2026-04-29,fm6120,,0.934,0.977,1.084,,0.036,0.033,0.033
1357+769,61187.7,2026-05-27,fm6148,,0.981,1.026,1.099,,0.032,0.031,0.034
1357+769,61201.6,2026-06-10,vo6162,,1.087,1.066,1.13,,0.038,0.037,0.035
1357+769,61226.5,2026-07-05,fm6186,,0.913,1.019,1.134,,0.033,0.036,0.035
1357+769,61235.6,2026-07-14,vo6196,,,1.038,1.111,,,0.034,0.034
1357+769,61249.6,2026-07-28,vo6210,,1.085,1.083,1.138,,0.049,0.034,0.035
1357+769,61254.4,2026-08-02,fm6214,,1.028,1.078,1.134,,0.034,0.038,0.035
1357+769,61289.4,2026-09-06,fm6249,,1.114,1.182,1.233,,0.04,0.039,0.039
1406-076,59958.0,2023-01-13,fm3013,,1.335,1.368,1.512,,0.046,0.041,0.046
1406-076,59975.9,2023-01-31,fm3031,,,1.389,1.562,,,0.042,0.051
1406-076,60078.6,2023-05-14,fm3134,,,1.508,1.597,,,0.049,0.054
1406-076,60092.6,2023-05-28,fm3148,,,1.496,1.641,,,0.049,0.05
1406-076,60126.5,2023-07-01,fm3182,,,1.408,1.822,,,0.05,0.066
1406-076,60139.7,2023-07-14,fm3195,,,1.525,1.689,,,0.047,0.056
1406-076,60237.1,2023-10-20,fm3293,,1.404,1.401,1.559,,0.046,0.045,0.053
1406-076,60250.2,2023-11-02,fm3306,,1.445,1.404,1.54,,0.06,0.046,0.055
1406-076,60321.0,2024-01-11,fm4011,,1.366,1.362,1.491,,0.044,0.042,0.048
1406-076,60359.9,2024-02-19,fm4050,,1.331,1.355,1.613,,0.043,0.041,0.054
1406-076,60383.8,2024-03-14,fm4074,,1.316,1.335,1.536,,0.043,0.042,0.048
1406-076,60424.6,2024-04-24,vo4115,,,1.391,1.529,,,0.042,0.05
1406-076,60437.6,2024-05-07,fm4128,,1.444,1.483,1.526,,0.048,0.049,0.053
1406-076,60464.6,2024-06-03,fm4155,,,1.406,1.669,,,0.046,0.061
1406-076,60557.1,2024-09-04,vo4248,,,1.453,1.567,,,0.046,0.051
1406-076,60578.0,2024-09-25,vo4269,,,1.443,1.546,,,0.047,0.052
1406-076,60592.0,2024-10-09,vo4283,,1.481,1.399,1.454,,0.06,0.045,0.045
1406-076,60622.3,2024-11-08,fm4312,,1.413,1.432,1.527,,0.047,0.048,0.048
1406-076,60650.1,2024-12-06,fm4340,,1.457,1.474,1.764,,0.048,0.047,0.064
1406-076,60651.1,2024-12-07,fm4341,,1.351,1.392,1.467,,0.042,0.042,0.046
1406-076,60656.0,2024-12-11,vo4346,,1.496,1.598,1.647,,0.051,0.05,0.054
1406-076,60696.9,2025-01-21,vo5022,,,1.344,1.474,,,0.041,0.048
1406-076,60702.9,2025-01-27,fm5027,1.506,1.415,1.43,1.51,0.05,0.056,0.044,0.05
1406-076,60703.9,2025-01-28,vo5029,,,1.369,1.479,,,0.042,0.05
1406-076,60717.5,2025-02-11,vo5043,1.311,,1.38,1.472,0.046,,0.043,0.047
1406-076,60727.9,2025-02-21,fm5052,1.364,1.746,1.443,,0.053,0.059,0.049,
1406-076,60728.8,2025-02-22,fm5053,,,1.394,1.62,,,0.043,0.06
1406-076,60762.8,2025-03-28,fm5087,1.316,1.379,1.39,1.583,0.046,0.043,0.043,0.052
1406-076,60773.5,2025-04-08,vo5099,,1.418,1.362,1.42,,0.045,0.042,0.046
1406-076,60789.7,2025-04-24,fm5114,1.289,1.368,1.363,1.424,0.052,0.048,0.041,0.044
1406-076,60808.5,2025-05-13,vo5134,,,1.332,1.388,,,0.043,0.043
1406-076,60814.6,2025-05-19,fm5139,,,1.413,1.404,,,0.046,0.046
1406-076,60851.4,2025-06-25,vo5176,,1.404,,1.441,,0.05,,0.047
1406-076,60858.5,2025-07-02,fm5183,,1.37,1.395,1.45,,0.046,0.044,0.047
1406-076,60872.5,2025-07-16,fm5197,,1.32,,1.388,,0.041,,0.044
1406-076,60939.2,2025-09-21,fm5264,,1.31,,1.328,,0.051,,0.042
1406-076,60956.2,2025-10-08,vo5281,,,1.357,,,,0.05,
1406-076,60982.2,2025-11-03,fm5306,,,1.217,,,,0.045,
1406-076,61005.2,2025-11-26,vo5330,,,1.311,1.495,,,0.042,0.054
1406-076,61005.9,2025-11-26,fm5331,,1.302,1.346,,,0.042,0.043,
1406-076,61026.0,2025-12-16,vo5351,,1.368,1.289,1.388,,0.053,0.041,0.047
1406-076,61026.8,2025-12-17,fm5352,,1.34,1.289,1.274,,0.047,0.041,0.043
1406-076,61054.1,2026-01-14,vo6014,,,1.278,,,,0.043,
1406-076,61068.8,2026-01-28,fm6029,1.295,1.291,1.282,1.35,0.045,0.04,0.039,0.05
1406-076,61089.2,2026-02-18,vo6049,,,1.246,2.754,,,0.053,0.095
1406-076,61094.8,2026-02-23,fm6054,1.219,1.328,1.279,1.436,0.047,0.048,0.039,0.049
1406-076,61095.6,2026-02-24,vo6056,,,1.191,1.291,,,0.045,0.043
1406-076,61105.6,2026-03-06,fm6066,,1.237,1.263,,,0.039,0.038,
1406-076,61130.5,2026-03-31,vo6091,,,1.29,,,,0.044,
1406-076,61131.7,2026-04-01,fm6092,,1.208,1.261,1.333,,0.039,0.039,0.045
1406-076,61158.6,2026-04-28,vo6119,,,1.205,,,,0.046,
1406-076,61160.7,2026-04-30,fm6120,,,1.156,,,,0.037,
1406-076,61188.6,2026-05-28,fm6148,,,1.229,1.337,,,0.038,0.042
1406-076,61202.7,2026-06-11,vo6162,,,1.206,,,,0.045,
1406-076,61226.4,2026-07-05,fm6186,,1.168,1.219,1.391,,0.039,0.037,0.045
1406-076,61236.4,2026-07-15,vo6196,,,1.212,1.3,,,0.041,0.046
1406-076,61250.5,2026-07-29,vo6210,,,1.251,,,,0.046,
1406-076,61254.3,2026-08-02,fm6214,,1.199,1.23,,,0.043,0.038,
1406-076,61290.3,2026-09-07,fm6249,,,1.246,,,,0.039,
1409+524,59957.6,2023-01-13,fm3013,,5.625,4.524,2.554,,0.18,0.145,0.08
1409+524,59975.8,2023-01-31,fm3031,10.218,5.605,4.509,2.562,0.362,0.181,0.145,0.08
1409+524,60078.2,2023-05-14,fm3134,9.999,5.694,4.573,2.576,0.324,0.196,0.146,0.079
1409+524,60092.2,2023-05-28,fm3148,,,4.511,2.567,,,0.159,0.08
1409+524,60126.2,2023-07-01,fm3182,9.86,5.508,4.529,2.589,0.343,0.185,0.148,0.08
1409+524,60139.5,2023-07-14,fm3195,,5.538,4.63,2.516,,0.21,0.145,0.082
1409+524,60237.3,2023-10-20,fm3293,10.699,5.656,4.598,2.654,0.348,0.211,0.147,0.082
1409+524,60250.3,2023-11-02,fm3306,10.11,5.558,4.596,2.583,0.432,0.177,0.147,0.08
1409+524,60320.4,2024-01-11,fm4011,,5.517,4.624,2.542,,0.191,0.151,0.079
1409+524,60359.4,2024-02-19,fm4050,10.167,5.609,4.59,2.571,0.359,0.186,0.146,0.079
1409+524,60383.4,2024-03-14,fm4074,9.764,5.513,4.586,2.551,0.385,0.195,0.152,0.08
1409+524,60437.6,2024-05-07,fm4128,9.987,5.599,4.543,2.545,0.338,0.185,0.145,0.079
1409+524,60464.4,2024-06-03,fm4155,10.212,5.64,4.63,2.567,0.354,0.203,0.146,0.079
1409+524,60621.3,2024-11-07,fm4312,10.202,5.599,4.571,2.588,0.34,0.178,0.147,0.079
1409+524,60649.2,2024-12-05,fm4340,,5.998,4.816,2.726,,0.197,0.154,0.091
1409+524,60650.3,2024-12-06,fm4341,,5.688,4.588,2.566,,0.186,0.148,0.08
1409+524,60698.0,2025-01-23,vo5022,10.261,5.666,4.514,2.545,0.416,0.184,0.144,0.079
1409+524,60702.0,2025-01-27,fm5027,10.262,5.579,4.624,2.584,0.357,0.195,0.148,0.08
1409+524,60705.0,2025-01-30,vo5029,9.898,5.66,4.592,2.538,0.358,0.184,0.148,0.079
1409+524,60719.0,2025-02-13,vo5043,9.907,5.67,4.587,2.539,0.346,0.184,0.146,0.079
1409+524,60727.2,2025-02-21,fm5052,10.286,5.585,4.583,2.493,0.354,0.179,0.145,0.077
1409+524,60728.4,2025-02-22,fm5053,,5.698,4.621,2.539,,0.185,0.145,0.077
1409+524,60762.4,2025-03-28,fm5087,10.082,5.531,4.503,2.555,0.339,0.178,0.143,0.079
1409+524,60775.0,2025-04-10,vo5099,10.049,5.635,4.615,2.545,0.397,0.182,0.145,0.078
1409+524,60789.0,2025-04-24,fm5114,10.083,5.759,4.6,2.566,0.354,0.185,0.147,0.079
1409+524,60810.0,2025-05-15,vo5134,10.127,5.771,4.568,2.56,0.393,0.189,0.145,0.079
1409+524,60814.0,2025-05-19,fm5139,10.116,5.598,4.565,2.561,0.409,0.194,0.146,0.079
1409+524,60852.0,2025-06-26,vo5176,10.031,5.727,4.588,2.545,0.416,0.182,0.144,0.078
1409+524,60858.0,2025-07-02,fm5183,9.849,5.601,4.636,2.667,0.324,0.176,0.146,0.083
1409+524,60872.0,2025-07-16,fm5197,10.24,5.588,,2.557,0.366,0.186,,0.08
1409+524,60908.0,2025-08-21,vo5232,10.578,5.632,4.498,2.496,0.37,0.189,0.143,0.078
1409+524,60939.2,2025-09-21,fm5264,,5.515,4.525,2.58,,0.188,0.143,0.08
1409+524,60957.0,2025-10-09,vo5281,10.337,5.658,4.549,2.52,0.398,0.184,0.146,0.077
1409+524,60978.0,2025-10-30,vo5302,10.205,5.58,4.54,2.468,0.352,0.184,0.145,0.076
1409+524,60981.2,2025-11-02,fm5306,10.108,5.591,4.631,2.573,0.36,0.181,0.146,0.08
1409+524,61005.8,2025-11-26,fm5331,9.895,5.607,4.675,2.58,0.363,0.199,0.15,0.081
1409+524,61006.0,2025-11-27,vo5330,,5.577,4.651,2.59,,0.173,0.148,0.08
1409+524,61027.0,2025-12-18,vo5351,10.061,5.533,4.598,2.554,0.344,0.173,0.146,0.078
1409+524,61027.1,2025-12-18,fm5352,9.852,5.547,4.583,2.508,0.361,0.177,0.148,0.079
1409+524,61055.0,2026-01-15,vo6014,10.269,5.615,4.612,2.538,0.397,0.186,0.147,0.078
1409+524,61068.9,2026-01-28,fm6029,9.893,5.552,4.652,2.548,0.332,0.18,0.146,0.079
1409+524,61090.0,2026-02-19,vo6049,9.933,5.702,4.663,2.611,0.471,0.184,0.147,0.081
1409+524,61094.5,2026-02-23,fm6054,9.941,5.692,4.594,2.574,0.377,0.185,0.146,0.079
1409+524,61097.0,2026-02-26,vo6056,10.079,5.646,4.609,2.523,0.382,0.183,0.147,0.078
1409+524,61105.8,2026-03-06,fm6066,10.267,5.549,4.537,2.537,0.371,0.176,0.143,0.079
1409+524,61131.8,2026-04-01,fm6092,10.028,5.627,4.625,2.576,0.364,0.18,0.148,0.08
1409+524,61132.0,2026-04-02,vo6091,10.13,5.525,4.612,2.536,0.417,0.178,0.148,0.079
1409+524,61160.1,2026-04-30,fm6120,9.709,5.484,4.585,2.5,0.341,0.18,0.145,0.076
1409+524,61160.0,2026-04-30,vo6119,,,4.663,2.483,,,0.146,0.077
1409+524,61187.9,2026-05-27,fm6148,,5.719,4.619,2.57,,0.205,0.146,0.079
1409+524,61203.0,2026-06-12,vo6162,,5.812,4.658,2.588,,0.188,0.146,0.08
1409+524,61226.7,2026-07-05,fm6186,,5.538,4.572,2.548,,0.197,0.148,0.079
1409+524,61237.0,2026-07-16,vo6196,,5.788,4.615,2.566,,0.208,0.146,0.079
1409+524,61251.0,2026-07-30,vo6210,,5.697,4.62,2.605,,0.199,0.149,0.081
1409+524,61254.7,2026-08-02,fm6214,,5.549,4.464,2.53,,0.198,0.144,0.079
1409+524,61289.6,2026-09-06,fm6249,,5.641,4.489,2.53,,0.182,0.142,0.078
1418+546,59957.6,2023-01-13,fm3013,,0.725,0.69,0.632,,0.022,0.022,0.02
1418+546,59975.6,2023-01-31,fm3031,,0.681,0.665,0.594,,0.022,0.021,0.019
1418+546,60078.2,2023-05-14,fm3134,,,0.652,0.625,,,0.021,0.02
1418+546,60092.2,2023-05-28,fm3148,,,0.643,0.598,,,0.022,0.019
1418+546,60126.2,2023-07-01,fm3182,,0.637,0.619,0.562,,0.021,0.02,0.02
1418+546,60139.6,2023-07-14,fm3195,,,0.635,0.567,,,0.02,0.018
1418+546,60237.3,2023-10-20,fm3293,,0.682,0.674,0.624,,0.022,0.021,0.02
1418+546,60250.3,2023-11-02,fm3306,,0.659,0.64,0.584,,0.022,0.02,0.019
1418+546,60320.5,2024-01-11,fm4011,,0.61,0.567,0.507,,0.02,0.018,0.016
1418+546,60359.3,2024-02-19,fm4050,0.776,0.606,0.568,0.508,0.033,0.019,0.018,0.016
1418+546,60383.4,2024-03-14,fm4074,,0.579,0.554,0.496,,0.02,0.018,0.016
1418+546,60437.0,2024-05-07,fm4128,0.623,0.548,0.539,0.48,0.028,0.019,0.017,0.016
1418+546,60464.5,2024-06-03,fm4155,,0.539,0.526,0.498,,0.017,0.017,0.016
1418+546,60621.3,2024-11-07,fm4312,,0.506,0.481,0.444,,0.017,0.016,0.014
1418+546,60649.2,2024-12-05,fm4340,,0.521,0.504,0.456,,0.018,0.017,0.019
1418+546,60650.4,2024-12-06,fm4341,,,0.478,0.444,,,0.015,0.015
1418+546,60702.1,2025-01-27,fm5027,,0.512,0.501,0.451,,0.017,0.016,0.015
1418+546,60727.3,2025-02-21,fm5052,0.603,0.51,0.491,0.451,0.023,0.016,0.015,0.014
1418+546,60728.5,2025-02-22,fm5053,,0.516,0.504,,,0.017,0.016,
1418+546,60762.5,2025-03-28,fm5087,,0.505,0.486,0.441,,0.017,0.015,0.014
1418+546,60789.1,2025-04-24,fm5114,,0.506,0.484,0.442,,0.016,0.015,0.014
1418+546,60814.2,2025-05-19,fm5139,,0.511,0.491,0.445,,0.017,0.015,0.014
1418+546,60858.1,2025-07-02,fm5183,,0.49,0.461,0.433,,0.016,0.014,0.014
1418+546,60872.2,2025-07-16,fm5197,,0.499,,0.426,,0.017,,0.014
1418+546,60939.4,2025-09-21,fm5264,,0.513,0.485,0.455,,0.017,0.016,0.015
1418+546,60981.4,2025-11-02,fm5306,,0.511,0.49,0.466,,0.017,0.015,0.015
1418+546,61006.2,2025-11-27,fm5331,,0.487,0.47,0.462,,0.015,0.015,0.015
1418+546,61027.4,2025-12-18,fm5352,,0.5,0.473,0.466,,0.016,0.015,0.015
1418+546,61068.9,2026-01-28,fm6029,,0.494,0.48,0.446,,0.016,0.015,0.014
1418+546,61094.4,2026-02-23,fm6054,0.652,0.512,0.493,0.464,0.027,0.017,0.016,0.015
1418+546,61105.9,2026-03-06,fm6066,,0.518,0.5,0.469,,0.017,0.015,0.015
1418+546,61131.9,2026-04-01,fm6092,,0.517,0.499,0.468,,0.017,0.015,0.015
1418+546,61159.8,2026-04-29,fm6120,,0.513,0.51,0.479,,0.016,0.016,0.015
1418+546,61187.8,2026-05-27,fm6148,,0.493,0.499,0.476,,0.017,0.017,0.015
1418+546,61226.5,2026-07-05,fm6186,,0.503,0.503,0.497,,0.018,0.016,0.015
1418+546,61254.5,2026-08-02,fm6214,,0.525,0.505,0.484,,0.018,0.016,0.015
1418+546,61289.5,2026-09-06,fm6249,,0.492,0.494,,,0.016,0.016,
1423+146,59957.8,2023-01-13,fm3013,,0.484,0.476,0.472,,0.016,0.016,0.015
1423+146,59975.9,2023-01-31,fm3031,,0.508,0.491,0.458,,0.016,0.016,0.015
1423+146,60078.5,2023-05-14,fm3134,,,0.403,0.393,,,0.014,0.013
1423+146,60092.4,2023-05-28,fm3148,,,0.391,0.388,,,0.013,0.014
1423+146,60126.6,2023-07-01,fm3182,,0.422,0.386,0.376,,0.022,0.013,0.014
1423+146,60139.4,2023-07-14,fm3195,,,0.368,0.411,,,0.014,0.014
1423+146,60237.2,2023-10-20,fm3293,,0.367,0.368,0.376,,0.014,0.012,0.014
1423+146,60250.3,2023-11-02,fm3306,0.432,0.369,0.363,0.357,0.02,0.013,0.013,0.013
1423+146,60320.8,2024-01-11,fm4011,,0.353,0.369,0.41,,0.013,0.012,0.014
1423+146,60359.7,2024-02-19,fm4050,0.386,0.395,0.425,0.461,0.02,0.013,0.014,0.015
1423+146,60383.6,2024-03-14,fm4074,,0.395,0.413,0.449,,0.015,0.014,0.017
1423+146,60437.5,2024-05-07,fm4128,,,0.437,0.465,,,0.015,0.015
1423+146,60464.6,2024-06-03,fm4155,,0.435,0.449,0.487,,0.015,0.015,0.016
1423+146,60622.0,2024-11-07,fm4312,,0.483,0.505,0.56,,0.015,0.016,0.017
1423+146,60649.9,2024-12-05,fm4340,,0.505,0.546,0.635,,0.017,0.018,0.022
1423+146,60650.9,2024-12-06,fm4341,,0.494,0.511,0.581,,0.016,0.016,0.018
1423+146,60702.8,2025-01-27,fm5027,,0.514,0.528,0.599,,0.016,0.016,0.019
1423+146,60727.7,2025-02-21,fm5052,,0.475,0.509,0.563,,0.019,0.016,0.019
1423+146,60728.7,2025-02-22,fm5053,,0.492,0.522,0.586,,0.016,0.019,0.019
1423+146,60762.6,2025-03-28,fm5087,,0.454,0.495,0.55,,0.016,0.018,0.017
1423+146,60789.5,2025-04-24,fm5114,,0.508,0.524,0.562,,0.018,0.016,0.017
1423+146,60814.5,2025-05-19,fm5139,,0.542,0.533,0.561,,0.018,0.016,0.017
1423+146,60858.4,2025-07-02,fm5183,,0.521,0.546,0.573,,0.019,0.017,0.019
1423+146,60872.3,2025-07-16,fm5197,,0.528,,0.555,,0.017,,0.018
1423+146,60939.4,2025-09-21,fm5264,,0.518,0.507,0.501,,0.017,0.017,0.016
1423+146,60982.0,2025-11-02,fm5306,,,0.442,0.445,,,0.02,0.015
1423+146,61006.0,2025-11-27,fm5331,0.481,0.454,0.441,0.43,0.024,0.015,0.014,0.014
1423+146,61027.0,2025-12-17,fm5352,,0.413,0.411,0.398,,0.013,0.014,0.013
1423+146,61068.8,2026-01-28,fm6029,,0.405,0.381,0.366,,0.014,0.012,0.012
1423+146,61094.7,2026-02-23,fm6054,,0.383,0.392,0.36,,0.016,0.013,0.012
1423+146,61105.8,2026-03-06,fm6066,,0.399,0.367,0.365,,0.017,0.015,0.012
1423+146,61131.8,2026-04-01,fm6092,,0.392,0.378,0.366,,0.014,0.012,0.012
1423+146,61160.5,2026-04-30,fm6120,,0.408,0.377,,,0.014,0.012,
1423+146,61188.4,2026-05-28,fm6148,,,0.374,0.334,,,0.012,0.011
1423+146,61226.4,2026-07-05,fm6186,,0.356,0.343,0.316,,0.013,0.011,0.011
1423+146,61254.5,2026-08-02,fm6214,,0.353,0.337,0.315,,0.014,0.011,0.011
1423+146,61289.4,2026-09-06,fm6249,,0.321,0.341,,,0.015,0.012,
1424+240,60727.6,2025-02-21,fm5052,0.472,0.444,0.418,,0.018,0.014,0.013,
1424+240,60728.6,2025-02-22,fm5053,,0.429,0.426,,,0.014,0.014,
1424+240,60762.5,2025-03-28,fm5087,0.491,0.44,0.424,0.372,0.019,0.015,0.014,0.012
1424+240,60789.4,2025-04-24,fm5114,0.499,0.429,0.413,0.367,0.024,0.014,0.013,0.012
1424+240,60814.4,2025-05-19,fm5139,,0.436,0.418,0.368,,0.016,0.014,0.012
1424+240,60858.2,2025-07-02,fm5183,,0.461,0.43,0.397,,0.016,0.014,0.015
1424+240,60872.2,2025-07-16,fm5197,,0.43,,0.394,,0.017,,0.013
1424+240,60939.2,2025-09-21,fm5264,,0.415,0.386,0.352,,0.014,0.014,0.011
1424+240,60981.2,2025-11-02,fm5306,0.51,0.411,0.404,0.372,0.024,0.013,0.013,0.012
1424+240,61006.0,2025-11-26,fm5331,,0.421,0.417,0.375,,0.015,0.013,0.013
1424+240,61027.1,2025-12-18,fm5352,,0.441,0.429,0.392,,0.014,0.013,0.013
1424+240,61068.8,2026-01-28,fm6029,,0.427,0.419,0.363,,0.015,0.014,0.012
1424+240,61094.6,2026-02-23,fm6054,,0.45,0.407,0.372,,0.014,0.013,0.013
1424+240,61105.7,2026-03-06,fm6066,,0.441,0.411,0.369,,0.014,0.013,0.012
1424+240,61131.8,2026-04-01,fm6092,,0.434,0.404,0.366,,0.014,0.013,0.012
1424+240,61187.7,2026-05-27,fm6148,,0.429,0.42,0.382,,0.015,0.013,0.013
1424+240,61226.6,2026-07-05,fm6186,,,,0.394,,,,0.015
1424+240,61254.4,2026-08-02,fm6214,,0.436,0.425,0.396,,0.018,0.014,0.013
1424+240,61289.3,2026-09-06,fm6249,,0.461,0.455,0.408,,0.015,0.015,0.015
1427+109,61130.6,2026-03-31,vo6091,,0.512,0.515,0.401,,0.022,0.019,0.016
1427+109,61236.4,2026-07-15,vo6196,,,0.513,0.411,,,0.023,0.018
1428+370,59957.7,2023-01-13,fm3013,,0.129,,,,0.008,,
1428+370,60139.6,2023-07-14,fm3195,,,,0.276,,,,0.011
1428+370,60237.4,2023-10-20,fm3293,,0.301,0.292,0.288,,0.012,0.012,0.012
1428+370,60250.4,2023-11-02,fm3306,,0.289,0.294,0.271,,0.012,0.011,0.012
1428+370,60320.6,2024-01-11,fm4011,,,0.258,0.247,,,0.01,0.01
1428+370,60359.5,2024-02-19,fm4050,,0.235,0.247,0.245,,0.009,0.009,0.01
1428+370,60383.4,2024-03-14,fm4074,,0.205,0.231,0.252,,0.012,0.009,0.013
1428+370,60437.3,2024-05-07,fm4128,,,0.215,0.2,,,0.009,0.01
1428+370,60464.5,2024-06-03,fm4155,,,0.212,,,,0.01,
1428+370,60621.5,2024-11-07,fm4312,,0.251,0.239,0.215,,0.009,0.009,0.008
1428+370,60649.3,2024-12-05,fm4340,,0.251,0.247,0.225,,0.009,0.009,0.011
1428+370,60650.7,2024-12-06,fm4341,,0.246,0.222,0.207,,0.008,0.008,0.009
1428+370,60702.2,2025-01-27,fm5027,,0.201,0.188,0.156,,0.008,0.007,0.007
1428+370,60727.5,2025-02-21,fm5052,,0.187,0.176,,,0.008,0.007,
1428+370,60728.5,2025-02-22,fm5053,,0.172,0.171,0.14,,0.007,0.007,0.008
1428+370,60762.5,2025-03-28,fm5087,,0.17,0.133,0.114,,0.007,0.007,0.006
1428+370,60789.3,2025-04-24,fm5114,,0.132,0.131,,,0.007,0.006,
1428+370,60814.3,2025-05-19,fm5139,,,0.115,,,,0.006,
1428+370,60858.2,2025-07-02,fm5183,,0.113,0.115,0.133,,0.008,0.007,0.008
1428+370,60872.2,2025-07-16,fm5197,,,,0.147,,,,0.011
1428+370,60939.4,2025-09-21,fm5264,,,0.158,0.202,,,0.008,0.008
1428+370,60981.4,2025-11-02,fm5306,,0.148,0.148,0.161,,0.007,0.006,0.007
1428+370,61006.1,2025-11-27,fm5331,,,0.141,0.17,,,0.007,0.008
1428+370,61027.0,2025-12-18,fm5352,,,0.162,0.182,,,0.007,0.007
1428+370,61068.8,2026-01-28,fm6029,,0.204,0.197,0.197,,0.012,0.008,0.007
1428+370,61094.6,2026-02-23,fm6054,,0.206,0.209,0.211,,0.008,0.009,0.009
1428+370,61105.8,2026-03-06,fm6066,,,,0.218,,,,0.008
1428+370,61131.9,2026-04-01,fm6092,,0.245,0.252,0.238,,0.01,0.009,0.009
1428+370,61187.9,2026-05-27,fm6148,,,0.198,0.177,,,0.008,0.007
1428+370,61226.4,2026-07-05,fm6186,,,0.2,0.18,,,0.008,0.007
1428+370,61254.4,2026-08-02,fm6214,,,0.209,0.202,,,0.008,0.007
1432+200,60907.0,2025-08-20,vo5232,,0.719,0.721,0.737,,0.031,0.026,0.024
1432+200,60955.9,2025-10-07,vo5281,,0.64,0.645,0.635,,0.02,0.021,0.02
1432+200,60976.9,2025-10-28,vo5302,,0.641,0.644,0.644,,0.02,0.02,0.02
1432+200,61005.1,2025-11-26,vo5330,,0.621,0.596,0.595,,0.021,0.021,0.019
1432+200,61025.7,2025-12-16,vo5351,,0.529,0.525,0.518,,0.018,0.018,0.017
1432+200,61088.9,2026-02-17,vo6049,,0.502,,0.451,,0.021,,0.017
1435-218,59958.2,2023-01-14,fm3013,,0.46,0.46,,,0.018,0.017,
1435-218,59976.2,2023-02-01,fm3031,,0.421,0.453,0.473,,0.02,0.018,0.021
1435-218,60078.9,2023-05-14,fm3134,,,0.482,0.488,,,0.018,0.023
1435-218,60092.9,2023-05-28,fm3148,,,0.471,0.491,,,0.019,0.021
1435-218,60126.8,2023-07-01,fm3182,,,0.449,0.503,,,0.021,0.024
1443-162,59958.1,2023-01-14,fm3013,,0.316,0.325,0.343,,0.012,0.011,0.012
1443-162,59976.0,2023-02-01,fm3031,,0.311,0.321,0.321,,0.012,0.012,0.012
1443-162,60078.8,2023-05-14,fm3134,,,0.355,0.38,,,0.013,0.015
1443-162,60092.7,2023-05-28,fm3148,,,0.372,0.386,,,0.013,0.015
1443-162,60126.6,2023-07-01,fm3182,,0.344,0.341,0.362,,0.013,0.012,0.013
1443-162,60139.7,2023-07-14,fm3195,,,0.362,0.377,,,0.013,0.015
1443-162,60321.1,2024-01-12,fm4011,,0.388,0.405,0.456,,0.015,0.013,0.015
1443-162,60360.0,2024-02-19,fm4050,,0.37,0.391,0.438,,0.013,0.013,0.016
1443-162,60383.9,2024-03-14,fm4074,,0.34,0.362,0.429,,0.013,0.013,0.016
1443-162,60437.8,2024-05-07,fm4128,,,0.403,0.438,,,0.014,0.015
1443-162,60464.7,2024-06-03,fm4155,,,0.413,0.433,,,0.014,0.015
1443-162,60650.2,2024-12-06,fm4340,,0.411,0.424,0.454,,0.014,0.014,0.017
1443-162,60703.0,2025-01-28,fm5027,,0.404,0.404,0.438,,0.013,0.013,0.014
1443-162,60728.0,2025-02-21,fm5052,0.38,0.398,0.412,0.459,0.016,0.013,0.013,0.015
1443-162,60729.0,2025-02-22,fm5053,0.384,0.401,0.41,0.461,0.017,0.013,0.013,0.016
1443-162,60762.9,2025-03-28,fm5087,,0.411,0.428,0.442,,0.013,0.014,0.014
1443-162,60789.8,2025-04-24,fm5114,,0.434,0.444,0.469,,0.014,0.014,0.016
1443-162,60814.7,2025-05-19,fm5139,,,0.457,0.486,,,0.014,0.016
1443-162,60858.6,2025-07-02,fm5183,,,0.44,0.452,,,0.014,0.015
1443-162,60939.2,2025-09-21,fm5264,,0.364,0.371,0.402,,0.014,0.013,0.013
1443-162,61026.8,2025-12-17,fm5352,,0.354,0.387,0.406,,0.012,0.013,0.014
1443-162,61068.8,2026-01-28,fm6029,,0.366,0.384,0.408,,0.014,0.012,0.013
1443-162,61160.8,2026-04-30,fm6120,,0.381,0.367,0.392,,0.014,0.013,0.014
1443-162,61226.4,2026-07-05,fm6186,,0.337,0.353,0.382,,0.012,0.012,0.013
1443-162,61290.4,2026-09-07,fm6249,,0.341,0.372,,,0.012,0.013,
1448+762,59957.6,2023-01-13,fm3013,,0.684,0.716,0.706,,0.022,0.023,0.022
1448+762,59975.7,2023-01-31,fm3031,,0.683,0.706,0.669,,0.023,0.027,0.021
1448+762,60078.2,2023-05-14,fm3134,,,0.691,0.642,,,0.022,0.02
1448+762,60092.2,2023-05-28,fm3148,,,0.687,0.642,,,0.023,0.021
1448+762,60127.0,2023-07-02,fm3182,,0.676,0.744,0.656,,0.023,0.024,0.022
1448+762,60139.5,2023-07-14,fm3195,,0.673,0.681,0.651,,0.025,0.021,0.02
1448+762,60237.2,2023-10-20,fm3293,,0.654,0.665,0.682,,0.024,0.021,0.021
1448+762,60250.3,2023-11-02,fm3306,,0.704,0.672,0.646,,0.026,0.027,0.023
1448+762,60320.4,2024-01-11,fm4011,,0.711,0.696,0.662,,0.023,0.022,0.021
1448+762,60359.3,2024-02-19,fm4050,,0.696,0.712,0.675,,0.024,0.023,0.021
1448+762,60383.8,2024-03-14,fm4074,,0.644,0.679,0.648,,0.022,0.024,0.022
1448+762,60437.0,2024-05-07,fm4128,,0.716,0.705,0.659,,0.026,0.022,0.021
1448+762,60464.5,2024-06-03,fm4155,,,0.702,0.633,,,0.023,0.02
1448+762,60621.3,2024-11-07,fm4312,,0.674,0.679,0.621,,0.022,0.021,0.02
1448+762,60649.2,2024-12-05,fm4340,,0.671,0.717,0.655,,0.023,0.023,0.024
1448+762,60650.4,2024-12-06,fm4341,,0.673,0.698,0.632,,0.024,0.023,0.021
1448+762,60702.1,2025-01-27,fm5027,,0.696,0.7,0.616,,0.023,0.022,0.019
1448+762,60727.2,2025-02-21,fm5052,,0.635,0.66,,,0.02,0.021,
1448+762,60728.4,2025-02-22,fm5053,,0.664,0.66,0.614,,0.023,0.021,0.021
1448+762,60762.4,2025-03-28,fm5087,,0.676,,0.614,,0.024,,0.019
1448+762,60789.0,2025-04-24,fm5114,,0.671,0.677,0.614,,0.022,0.021,0.019
1448+762,60814.0,2025-05-19,fm5139,,0.713,0.696,0.609,,0.024,0.021,0.019
1448+762,60858.1,2025-07-02,fm5183,,0.7,0.655,0.638,,0.024,0.023,0.021
1448+762,60872.1,2025-07-16,fm5197,,0.641,,0.617,,0.024,,0.02
1448+762,60939.2,2025-09-21,fm5264,,0.646,0.668,0.592,,0.025,0.023,0.019
1448+762,60981.3,2025-11-02,fm5306,,0.625,0.66,0.592,,0.022,0.021,0.019
1448+762,61006.0,2025-11-27,fm5331,,0.684,0.691,0.676,,0.022,0.022,0.022
1448+762,61027.1,2025-12-18,fm5352,,0.712,0.704,0.645,,0.026,0.025,0.02
1448+762,61054.5,2026-01-14,vo6014,,0.7,0.722,,,0.026,0.025,
1448+762,61068.8,2026-01-28,fm6029,,0.679,0.683,0.657,,0.023,0.022,0.02
1448+762,61094.4,2026-02-23,fm6054,,0.668,0.696,0.659,,0.022,0.023,0.021
1448+762,61095.6,2026-02-24,vo6056,,0.683,0.702,0.632,,0.022,0.022,0.02
1448+762,61105.8,2026-03-06,fm6066,,0.671,0.659,0.646,,0.024,0.021,0.02
1448+762,61130.6,2026-03-31,vo6091,,0.706,0.689,0.65,,0.028,0.023,0.02
1448+762,61131.8,2026-04-01,fm6092,,0.659,0.718,0.67,,0.023,0.023,0.021
1448+762,61158.6,2026-04-28,vo6119,,0.688,0.708,0.649,,0.024,0.024,0.02
1448+762,61159.7,2026-04-29,fm6120,,0.707,0.689,0.635,,0.023,0.022,0.02
1448+762,61187.7,2026-05-27,fm6148,,0.686,0.714,0.646,,0.027,0.024,0.02
1448+762,61201.6,2026-06-10,vo6162,,0.78,0.714,0.654,,0.036,0.023,0.02
1448+762,61226.5,2026-07-05,fm6186,,,0.72,0.665,,,0.026,0.021
1448+762,61249.6,2026-07-28,vo6210,,0.697,0.724,0.665,,0.026,0.023,0.021
1448+762,61254.4,2026-08-02,fm6214,,0.702,0.68,0.646,,0.026,0.022,0.02
1448+762,61289.4,2026-09-06,fm6249,,0.712,0.663,0.644,,0.024,0.025,0.021
1502+036,60424.6,2024-04-24,vo4115,,0.842,0.877,0.877,,0.027,0.027,0.027
1502+036,60459.5,2024-05-29,vo4150,1.016,0.798,0.806,0.825,0.039,0.026,0.025,0.027
1502+036,60557.0,2024-09-04,vo4248,,,0.9,0.881,,,0.029,0.028
1502+036,60578.0,2024-09-25,vo4269,,0.921,0.929,0.919,,0.029,0.029,0.029
1502+036,60620.1,2024-11-06,vo4311,,0.904,0.944,1.011,,0.032,0.031,0.031
1502+036,60648.1,2024-12-04,vo4339,,0.967,1.014,1.033,,0.031,0.032,0.032
1502+036,60696.8,2025-01-21,vo5022,,0.959,0.968,0.95,,0.029,0.03,0.029
1502+036,60703.5,2025-01-28,vo5029,,0.907,0.91,0.899,,0.028,0.029,0.027
1502+036,60717.5,2025-02-11,vo5043,,0.859,0.861,0.84,,0.026,0.026,0.026
1502+036,60773.5,2025-04-08,vo5099,,0.74,0.749,0.755,,0.024,0.023,0.023
1502+036,60808.6,2025-05-13,vo5134,,0.795,0.851,0.826,,0.026,0.027,0.026
1502+036,60907.2,2025-08-20,vo5232,,0.871,0.894,0.802,,0.036,0.028,0.026
1502+036,60956.1,2025-10-08,vo5281,,0.515,0.521,0.441,,0.019,0.022,0.016
1502+036,61025.9,2025-12-16,vo5351,,0.435,0.451,0.494,,0.017,0.017,0.016
1502+036,61236.5,2026-07-15,vo6196,,,0.646,0.678,,,0.023,0.026
1502+106,59957.9,2023-01-13,fm3013,,1.339,1.451,1.68,,0.041,0.046,0.051
1502+106,59975.9,2023-01-31,fm3031,1.131,1.402,1.478,1.652,0.05,0.043,0.045,0.05
1502+106,60078.5,2023-05-14,fm3134,,1.412,1.53,1.833,,0.054,0.048,0.056
1502+106,60092.5,2023-05-28,fm3148,,,1.524,1.923,,,0.049,0.058
1502+106,60126.4,2023-07-01,fm3182,,1.439,1.562,1.986,,0.047,0.05,0.061
1502+106,60139.4,2023-07-14,fm3195,,1.477,1.588,2.048,,0.047,0.049,0.063
1502+106,60237.2,2023-10-20,fm3293,,1.408,1.565,1.977,,0.049,0.048,0.06
1502+106,60250.2,2023-11-02,fm3306,1.137,1.41,1.556,1.978,0.038,0.044,0.048,0.06
1502+106,60320.9,2024-01-11,fm4011,,1.574,1.732,2.157,,0.049,0.053,0.065
1502+106,60359.8,2024-02-19,fm4050,1.22,1.783,2.009,2.532,0.05,0.063,0.065,0.077
1502+106,60383.7,2024-03-14,fm4074,1.261,1.894,2.076,2.511,0.046,0.061,0.065,0.077
1502+106,60437.6,2024-05-07,fm4128,,1.763,2.013,2.284,,0.067,0.063,0.069
1502+106,60464.6,2024-06-03,fm4155,0.996,1.675,1.998,2.149,0.039,0.056,0.061,0.065
1502+106,60621.2,2024-11-07,fm4312,1.436,1.615,1.661,1.686,0.045,0.049,0.05,0.051
1502+106,60649.2,2024-12-05,fm4340,,1.691,1.755,1.778,,0.054,0.056,0.06
1502+106,60651.0,2024-12-06,fm4341,,1.63,1.698,1.68,,0.049,0.051,0.051
1502+106,60655.0,2024-12-11,vo4346,,1.613,1.843,1.724,,0.05,0.056,0.052
1502+106,60702.8,2025-01-27,fm5027,1.44,1.647,1.674,1.657,0.053,0.05,0.05,0.05
1502+106,60727.8,2025-02-21,fm5052,1.244,1.441,1.518,1.514,0.041,0.053,0.047,0.046
1502+106,60728.8,2025-02-22,fm5053,,1.433,1.499,1.488,,0.048,0.047,0.046
1502+106,60762.7,2025-03-28,fm5087,1.484,1.527,1.547,1.438,0.049,0.051,0.047,0.044
1502+106,60789.6,2025-04-24,fm5114,1.354,1.499,1.523,1.428,0.053,0.047,0.046,0.043
1502+106,60814.5,2025-05-19,fm5139,,1.509,1.556,1.492,,0.05,0.048,0.046
1502+106,60851.4,2025-06-25,vo5176,1.416,1.519,,1.627,0.05,0.046,,0.05
1502+106,60858.4,2025-07-02,fm5183,1.545,1.597,1.653,1.705,0.055,0.051,0.051,0.053
1502+106,60872.5,2025-07-16,fm5197,,1.556,,1.786,,0.05,,0.055
1502+106,60939.2,2025-09-21,fm5264,,1.67,1.781,2.062,,0.054,0.055,0.063
1502+106,60977.0,2025-10-29,vo5302,,1.874,2.046,2.538,,0.061,0.063,0.077
1502+106,60981.2,2025-11-02,fm5306,1.434,1.69,1.927,2.256,0.056,0.063,0.065,0.069
1502+106,61005.2,2025-11-26,vo5330,,2.005,2.235,2.644,,0.068,0.068,0.081
1502+106,61005.9,2025-11-26,fm5331,,2.031,2.284,2.737,,0.064,0.07,0.083
1502+106,61027.1,2025-12-18,fm5352,1.542,2.131,2.33,2.819,0.053,0.066,0.07,0.085
1502+106,61068.8,2026-01-28,fm6029,1.782,2.436,2.632,2.917,0.066,0.074,0.08,0.088
1502+106,61094.8,2026-02-23,fm6054,1.856,2.467,2.696,2.931,0.063,0.083,0.084,0.089
1502+106,61105.7,2026-03-06,fm6066,1.889,2.48,2.617,2.842,0.063,0.078,0.08,0.086
1502+106,61131.6,2026-04-01,fm6092,2.087,2.592,2.692,2.728,0.07,0.094,0.085,0.083
1502+106,61159.7,2026-04-29,fm6120,,2.509,2.467,2.468,,0.082,0.075,0.075
1502+106,61188.5,2026-05-28,fm6148,,,2.213,2.263,,,0.072,0.069
1502+106,61226.4,2026-07-05,fm6186,,2.184,2.211,2.226,,0.07,0.067,0.067
1502+106,61254.4,2026-08-02,fm6214,,2.023,2.066,2.117,,0.062,0.063,0.064
1502+106,61289.3,2026-09-06,fm6249,,2.002,2.092,2.119,,0.061,0.064,0.066
1504+377,59957.6,2023-01-13,fm3013,,0.973,0.959,0.86,,0.031,0.029,0.027
1504+377,59975.7,2023-01-31,fm3031,1.057,0.975,0.953,0.857,0.041,0.031,0.03,0.026
1504+377,60078.3,2023-05-14,fm3134,,,0.939,0.822,,,0.029,0.026
1504+377,60092.3,2023-05-28,fm3148,,,0.93,0.848,,,0.03,0.026
1504+377,60127.0,2023-07-02,fm3182,,0.957,0.908,0.782,,0.032,0.03,0.029
1504+377,60139.5,2023-07-14,fm3195,,0.986,0.945,0.921,,0.031,0.029,0.028
1504+377,60237.2,2023-10-20,fm3293,,1.022,0.978,0.986,,0.032,0.031,0.031
1504+377,60250.3,2023-11-02,fm3306,,1.005,0.99,0.977,,0.031,0.03,0.03
1504+377,60320.4,2024-01-11,fm4011,,1.001,1.004,1.035,,0.036,0.031,0.032
1504+377,60359.6,2024-02-19,fm4050,,1.059,1.054,1.038,,0.032,0.032,0.032
1504+377,60383.5,2024-03-14,fm4074,,1.01,1.013,0.969,,0.032,0.031,0.031
1504+377,60417.2,2024-04-17,vo4108,,0.998,0.998,0.963,,0.035,0.031,0.03
1504+377,60424.1,2024-04-24,vo4115,,0.999,0.982,0.958,,0.031,0.03,0.029
1504+377,60437.1,2024-05-07,fm4128,,1.024,0.987,0.934,,0.035,0.03,0.029
1504+377,60459.0,2024-05-29,vo4150,,0.972,0.972,0.986,,0.03,0.031,0.031
1504+377,60557.2,2024-09-04,vo4248,,1.06,0.98,0.931,,0.047,0.032,0.029
1504+377,60578.0,2024-09-25,vo4269,,1.037,1.004,0.986,,0.032,0.031,0.03
1504+377,60592.0,2024-10-09,vo4283,,0.977,0.972,0.913,,0.03,0.03,0.028
1504+377,60620.0,2024-11-06,vo4311,,0.966,0.964,0.918,,0.035,0.029,0.028
1504+377,60621.3,2024-11-07,fm4312,,1.003,0.969,0.897,,0.031,0.033,0.028
1504+377,60648.1,2024-12-04,vo4339,,0.985,0.984,0.933,,0.031,0.032,0.029
1504+377,60649.2,2024-12-05,fm4340,,1.003,0.992,0.956,,0.032,0.032,0.033
1504+377,60650.4,2024-12-06,fm4341,,0.964,0.941,0.893,,0.03,0.029,0.028
1504+377,60655.2,2024-12-11,vo4346,,0.972,1.06,0.921,,0.03,0.032,0.028
1504+377,60696.6,2025-01-21,vo5022,,0.938,0.897,0.807,,0.029,0.028,0.025
1504+377,60702.1,2025-01-27,fm5027,,0.955,0.897,0.792,,0.029,0.027,0.025
1504+377,60703.7,2025-01-28,vo5029,,0.925,0.878,0.78,,0.029,0.027,0.024
1504+377,60717.6,2025-02-11,vo5043,1.011,0.918,0.874,0.748,0.033,0.028,0.027,0.023
1504+377,60727.5,2025-02-21,fm5052,,0.925,0.872,0.755,,0.029,0.028,0.024
1504+377,60728.4,2025-02-22,fm5053,,0.905,0.852,0.726,,0.028,0.027,0.025
1504+377,60762.5,2025-03-28,fm5087,0.99,0.871,0.816,0.708,0.052,0.027,0.025,0.022
1504+377,60773.5,2025-04-08,vo5099,,0.863,0.805,0.699,,0.027,0.025,0.022
1504+377,60789.3,2025-04-24,fm5114,,0.846,0.792,0.722,,0.026,0.025,0.023
1504+377,60814.2,2025-05-19,fm5139,,1.068,0.784,0.741,,0.042,0.025,0.023
1504+377,60858.1,2025-07-02,fm5183,,0.831,0.815,0.875,,0.027,0.026,0.028
1504+377,60872.2,2025-07-16,fm5197,,0.848,,0.841,,0.029,,0.028
1504+377,60906.5,2025-08-19,vo5232,,0.905,0.922,0.936,,0.028,0.028,0.028
1504+377,60939.2,2025-09-21,fm5264,,0.895,0.869,0.791,,0.03,0.027,0.025
1504+377,60955.7,2025-10-07,vo5281,,0.921,0.904,0.802,,0.028,0.028,0.025
1504+377,60976.6,2025-10-28,vo5302,,0.91,0.877,0.775,,0.028,0.027,0.023
1504+377,60981.2,2025-11-02,fm5306,,0.926,0.89,0.774,,0.03,0.027,0.024
1504+377,61005.0,2025-11-25,vo5330,,0.891,0.835,0.716,,0.028,0.026,0.022
1504+377,61006.0,2025-11-27,fm5331,,0.891,0.845,0.735,,0.028,0.026,0.023
1504+377,61027.2,2025-12-18,fm5352,,0.873,0.822,0.7,,0.028,0.027,0.022
1504+377,61053.9,2026-01-13,vo6014,,0.791,,,,0.03,,
1504+377,61068.9,2026-01-28,fm6029,,0.798,0.736,0.612,,0.029,0.023,0.019
1504+377,61089.1,2026-02-18,vo6049,,0.79,0.746,0.621,,0.034,0.032,0.023
1504+377,61095.9,2026-02-24,vo6056,,0.756,0.702,0.605,,0.031,0.028,0.022
1504+377,61095.1,2026-02-24,fm6054,0.978,0.767,0.717,0.624,0.047,0.025,0.024,0.021
1504+377,61105.8,2026-03-06,fm6066,,0.749,0.695,0.597,,0.024,0.022,0.019
1504+377,61130.9,2026-03-31,vo6091,,0.776,0.699,0.628,,0.039,0.03,0.024
1504+377,61131.8,2026-04-01,fm6092,,0.745,0.702,0.639,,0.024,0.022,0.02
1504+377,61159.8,2026-04-29,fm6120,,0.742,0.692,0.683,,0.025,0.022,0.022
1504+377,61187.8,2026-05-27,fm6148,,0.717,0.702,0.745,,0.023,0.023,0.023
1504+377,61201.7,2026-06-10,vo6162,,0.821,,0.822,,0.037,,0.029
1504+377,61226.5,2026-07-05,fm6186,,0.714,0.722,0.878,,0.026,0.025,0.027
1504+377,61235.7,2026-07-14,vo6196,,,0.78,0.933,,,0.037,0.032
1504+377,61249.7,2026-07-28,vo6210,,,0.815,0.967,,,0.04,0.035
1504+377,61254.4,2026-08-02,fm6214,,0.773,0.802,0.959,,0.026,0.025,0.03
1504+377,61289.3,2026-09-06,fm6249,,0.843,0.878,,,0.027,0.028,
1505+428,61089.1,2026-02-18,vo6049,,0.703,0.722,0.891,,0.026,0.025,0.029
1505+428,61130.6,2026-03-31,vo6091,,0.726,0.759,0.826,,0.025,0.027,0.026
1508+572,59957.6,2023-01-13,fm3013,,0.392,0.358,0.305,,0.014,0.013,0.011
1508+572,59975.7,2023-01-31,fm3031,,0.377,0.347,0.297,,0.014,0.012,0.011
1508+572,60078.2,2023-05-14,fm3134,,,0.325,0.284,,,0.011,0.01
1508+572,60092.2,2023-05-28,fm3148,,,0.313,0.265,,,0.011,0.01
1508+572,60127.0,2023-07-02,fm3182,,0.348,0.317,0.274,,0.014,0.014,0.016
1508+572,60139.6,2023-07-14,fm3195,,,0.323,0.259,,,0.011,0.01
1508+572,60237.3,2023-10-20,fm3293,,0.299,0.285,0.214,,0.011,0.01,0.009
1508+572,60250.4,2023-11-02,fm3306,,0.306,0.275,0.222,,0.012,0.01,0.01
1508+572,60320.4,2024-01-11,fm4011,,,0.245,0.201,,,0.009,0.009
1508+572,60359.4,2024-02-19,fm4050,,0.268,0.229,0.191,,0.01,0.009,0.009
1508+572,60437.1,2024-05-07,fm4128,,,0.228,,,,0.008,
1508+572,60464.5,2024-06-03,fm4155,,0.232,0.223,0.194,,0.01,0.008,0.009
1508+572,60621.3,2024-11-07,fm4312,,0.204,0.239,0.275,,0.007,0.008,0.01
1508+572,60649.3,2024-12-05,fm4340,,0.236,0.257,0.255,,0.008,0.01,0.011
1508+572,60650.5,2024-12-06,fm4341,,0.233,0.246,0.262,,0.009,0.008,0.009
1508+572,60702.1,2025-01-27,fm5027,,0.227,0.238,0.217,,0.009,0.008,0.008
1508+572,60727.3,2025-02-21,fm5052,,0.222,0.218,0.212,,0.008,0.008,0.009
1508+572,60728.4,2025-02-22,fm5053,,,0.238,,,,0.008,
1508+572,60762.4,2025-03-28,fm5087,,,0.212,0.188,,,0.008,0.007
1508+572,60789.1,2025-04-24,fm5114,,0.225,0.208,0.188,,0.008,0.007,0.007
1508+572,60814.1,2025-05-19,fm5139,,0.217,0.21,0.186,,0.009,0.008,0.007
1508+572,60858.2,2025-07-02,fm5183,,,0.211,0.2,,,0.008,0.008
1508+572,60872.2,2025-07-16,fm5197,,,,0.195,,,,0.008
1508+572,60939.3,2025-09-21,fm5264,,,,0.194,,,,0.008
1508+572,60981.3,2025-11-02,fm5306,,0.21,0.197,0.166,,0.008,0.007,0.007
1508+572,61006.1,2025-11-27,fm5331,,0.194,0.2,,,0.008,0.007,
1508+572,61027.4,2025-12-18,fm5352,,0.2,0.198,0.175,,0.008,0.007,0.007
1508+572,61068.9,2026-01-28,fm6029,,0.208,0.196,0.163,,0.008,0.007,0.006
1508+572,61094.4,2026-02-23,fm6054,,,0.186,0.163,,,0.007,0.008
1508+572,61105.9,2026-03-06,fm6066,,0.21,0.186,,,0.008,0.007,
1508+572,61131.9,2026-04-01,fm6092,,0.2,0.183,0.163,,0.008,0.007,0.007
1508+572,61187.8,2026-05-27,fm6148,,,0.174,0.168,,,0.007,0.006
1508+572,61226.5,2026-07-05,fm6186,,0.184,0.174,0.172,,0.009,0.007,0.007
1508+572,61254.5,2026-08-02,fm6214,,,0.182,0.163,,,0.008,0.007
1508+572,61289.7,2026-09-06,fm6249,,,0.171,,,,0.01,
1510-089,59958.0,2023-01-14,fm3013,,2.772,2.645,2.328,,0.085,0.08,0.076
1510-089,59976.0,2023-01-31,fm3031,3.14,2.726,2.637,2.34,0.129,0.087,0.08,0.073
1510-089,60078.7,2023-05-14,fm3134,,2.504,2.402,2.493,,0.101,0.073,0.077
1510-089,60092.6,2023-05-28,fm3148,,,2.227,2.356,,,0.071,0.073
1510-089,60126.6,2023-07-01,fm3182,,2.287,2.238,2.363,,0.07,0.068,0.073
1510-089,60139.8,2023-07-14,fm3195,2.764,2.288,2.262,2.327,0.093,0.089,0.07,0.072
1510-089,60237.4,2023-10-20,fm3293,,2.897,3.072,3.661,,0.095,0.093,0.111
1510-089,60321.0,2024-01-12,fm4011,,3.568,3.524,3.24,,0.124,0.107,0.099
1510-089,60359.9,2024-02-19,fm4050,4.147,3.588,3.436,3.046,0.129,0.117,0.103,0.092
1510-089,60383.8,2024-03-14,fm4074,2.839,2.818,2.819,2.704,0.109,0.096,0.087,0.086
1510-089,60437.7,2024-05-07,fm4128,,,2.462,2.221,,,0.075,0.067
1510-089,60464.6,2024-06-03,fm4155,,2.364,2.281,1.915,,0.09,0.07,0.059
1510-089,60622.2,2024-11-08,fm4312,,1.87,1.771,1.503,,0.07,0.059,0.047
1510-089,60650.1,2024-12-06,fm4340,,1.804,1.72,1.511,,0.074,0.055,0.055
1510-089,60651.1,2024-12-07,fm4341,,1.749,1.681,1.522,,0.054,0.052,0.052
1510-089,60703.0,2025-01-27,fm5027,1.847,1.744,1.676,1.533,0.062,0.056,0.051,0.049
1510-089,60727.9,2025-02-21,fm5052,1.991,1.788,1.69,1.536,0.063,0.064,0.051,0.048
1510-089,60728.9,2025-02-22,fm5053,,1.714,1.692,1.527,,0.056,0.053,0.048
1510-089,60762.8,2025-03-28,fm5087,,1.69,1.606,1.437,,0.052,0.05,0.044
1510-089,60789.7,2025-04-24,fm5114,1.947,1.65,1.621,1.587,0.063,0.053,0.05,0.05
1510-089,60814.7,2025-05-19,fm5139,,,1.712,1.658,,,0.052,0.051
1510-089,60858.6,2025-07-02,fm5183,1.947,1.845,1.868,1.873,0.07,0.06,0.059,0.061
1510-089,60872.6,2025-07-16,fm5197,,1.733,,1.561,,0.062,,0.053
1510-089,60939.2,2025-09-21,fm5264,,2.081,2.176,2.66,,0.066,0.066,0.082
1510-089,60981.2,2025-11-02,fm5306,,2.438,2.595,2.877,,0.088,0.079,0.094
1510-089,61005.9,2025-11-26,fm5331,2.38,2.856,3.026,3.195,0.077,0.089,0.092,0.097
1510-089,61026.8,2025-12-17,fm5352,2.418,3.006,3.109,3.073,0.081,0.095,0.094,0.093
1510-089,61068.8,2026-01-28,fm6029,2.616,2.88,2.849,2.606,0.083,0.087,0.086,0.081
1510-089,61094.9,2026-02-23,fm6054,2.715,2.803,2.695,2.403,0.089,0.086,0.082,0.073
1510-089,61105.7,2026-03-06,fm6066,,2.699,2.661,2.347,,0.083,0.08,0.071
1510-089,61131.7,2026-04-01,fm6092,2.651,2.548,2.474,2.188,0.084,0.079,0.075,0.068
1510-089,61158.7,2026-04-28,vo6119,,,,2.12,,,,0.076
1510-089,61159.7,2026-04-29,fm6120,,2.727,2.28,1.998,,0.104,0.074,0.061
1510-089,61188.6,2026-05-28,fm6148,,,2.152,1.924,,,0.067,0.059
1510-089,61226.4,2026-07-05,fm6186,,2.192,2.076,1.826,,0.074,0.063,0.064
1510-089,61254.3,2026-08-02,fm6214,,1.977,1.909,1.695,,0.061,0.059,0.055
1510-089,61289.3,2026-09-06,fm6249,,1.866,1.866,,,0.064,0.057,
1514+197,59957.8,2023-01-13,fm3013,,0.765,0.779,0.856,,0.034,0.029,0.027
1514+197,59975.9,2023-01-31,fm3031,,0.727,0.774,0.852,,0.024,0.025,0.026
1514+197,60078.5,2023-05-14,fm3134,,,0.821,0.87,,,0.026,0.027
1514+197,60092.4,2023-05-28,fm3148,,,0.775,0.863,,,0.032,0.027
1514+197,60127.0,2023-07-01,fm3182,,,,0.959,,,,0.035
1514+197,60139.5,2023-07-14,fm3195,,0.826,0.871,0.916,,0.031,0.028,0.028
1514+197,60237.3,2023-10-20,fm3293,,0.795,0.821,0.883,,0.025,0.026,0.027
1514+197,60250.3,2023-11-02,fm3306,,0.768,0.8,0.819,,0.028,0.025,0.026
1514+197,60320.8,2024-01-11,fm4011,,0.681,0.73,0.793,,0.021,0.023,0.025
1514+197,60359.7,2024-02-19,fm4050,0.643,0.749,0.769,0.765,0.025,0.024,0.024,0.024
1514+197,60383.6,2024-03-14,fm4074,,0.749,0.738,0.749,,0.026,0.024,0.024
1514+197,60417.5,2024-04-17,vo4108,,0.723,0.692,0.642,,0.028,0.023,0.021
1514+197,60437.5,2024-05-07,fm4128,,,0.667,0.654,,,0.021,0.021
1514+197,60459.4,2024-05-29,vo4150,,0.665,0.645,0.669,,0.022,0.02,0.021
1514+197,60464.6,2024-06-03,fm4155,,0.644,0.648,0.618,,0.021,0.02,0.02
1514+197,60557.0,2024-09-04,vo4248,,0.641,0.667,0.656,,0.025,0.021,0.02
1514+197,60621.3,2024-11-07,fm4312,,0.544,0.583,0.593,,0.018,0.02,0.019
1514+197,60649.2,2024-12-05,fm4340,,0.619,0.629,0.654,,0.02,0.021,0.023
1514+197,60650.9,2024-12-06,fm4341,,0.569,0.581,0.618,,0.018,0.018,0.02
1514+197,60702.1,2025-01-27,fm5027,,0.575,0.582,0.595,,0.019,0.018,0.019
1514+197,60727.7,2025-02-21,fm5052,,,,0.612,,,,0.021
1514+197,60728.7,2025-02-22,fm5053,,,,0.645,,,,0.022
1514+197,60762.6,2025-03-28,fm5087,,0.562,0.61,0.603,,0.018,0.02,0.019
1514+197,60789.5,2025-04-24,fm5114,,0.622,0.608,0.634,,0.02,0.019,0.021
1514+197,60814.5,2025-05-19,fm5139,,,0.609,0.596,,,0.02,0.019
1514+197,60858.3,2025-07-02,fm5183,,,,0.575,,,,0.021
1514+197,60872.3,2025-07-16,fm5197,,0.482,,0.558,,0.017,,0.018
1514+197,60939.3,2025-09-21,fm5264,,0.519,0.507,0.515,,0.017,0.018,0.017
1514+197,60981.2,2025-11-02,fm5306,,0.482,0.464,0.451,,0.016,0.015,0.015
1514+197,61006.0,2025-11-26,fm5331,,0.498,0.481,0.49,,0.016,0.016,0.016
1514+197,61027.1,2025-12-18,fm5352,,0.516,0.523,0.507,,0.019,0.017,0.016
1514+197,61068.8,2026-01-28,fm6029,,0.515,0.501,0.497,,0.019,0.016,0.016
1514+197,61094.7,2026-02-23,fm6054,,,,0.48,,,,0.016
1514+197,61105.7,2026-03-06,fm6066,,0.522,0.512,0.509,,0.018,0.017,0.017
1514+197,61131.8,2026-04-01,fm6092,,0.513,0.522,0.519,,0.02,0.016,0.017
1514+197,61159.8,2026-04-29,fm6120,,0.488,0.514,,,0.018,0.016,
1514+197,61188.4,2026-05-28,fm6148,,0.504,0.515,0.509,,0.018,0.016,0.016
1514+197,61226.5,2026-07-05,fm6186,,0.512,0.522,0.526,,0.022,0.017,0.017
1514+197,61254.4,2026-08-02,fm6214,,0.544,0.552,0.533,,0.02,0.017,0.017
1514+197,61289.6,2026-09-06,fm6249,,0.528,0.533,,,0.017,0.018,
1519-273,60244.5,2023-10-27,vo3299,,1.274,1.304,1.203,,0.055,0.053,0.045
1519-273,60418.0,2024-04-18,vo4108,,1.253,1.092,0.932,,0.071,0.052,0.048
1519-273,60425.0,2024-04-25,vo4115,,,1.119,1.044,,,0.044,0.04
1519-273,60459.9,2024-05-29,vo4150,,,0.927,1.012,,,0.041,0.049
1519-273,60557.6,2024-09-04,vo4248,,,,1.221,,,,0.08
1519-273,60656.4,2024-12-12,vo4346,,,,1.257,,,,0.074
1519-273,60851.8,2025-06-25,vo5176,,,,1.187,,,,0.066
1519-273,60907.7,2025-08-20,vo5232,,,,0.935,,,,0.066
1519-273,61026.4,2025-12-17,vo5351,,,1.152,,,,0.066,
1520+319,59957.7,2023-01-13,fm3013,,0.356,0.352,0.297,,0.012,0.012,0.011
1520+319,59975.7,2023-01-31,fm3031,,0.348,0.341,0.297,,0.012,0.012,0.011
1520+319,60078.4,2023-05-14,fm3134,,,0.374,0.326,,,0.013,0.011
1520+319,60092.4,2023-05-28,fm3148,,,0.37,0.335,,,0.013,0.012
1520+319,60127.0,2023-07-02,fm3182,,,0.36,0.336,,,0.013,0.016
1520+319,60139.5,2023-07-14,fm3195,,0.39,0.389,0.348,,0.016,0.013,0.013
1520+319,60237.2,2023-10-20,fm3293,,0.369,0.364,0.336,,0.013,0.012,0.012
1520+319,60250.4,2023-11-02,fm3306,,0.384,0.364,0.328,,0.013,0.012,0.012
1520+319,60320.8,2024-01-11,fm4011,,0.391,0.373,0.337,,0.014,0.012,0.012
1520+319,60359.7,2024-02-19,fm4050,,0.4,0.373,0.347,,0.014,0.012,0.013
1520+319,60383.6,2024-03-14,fm4074,,0.381,0.384,0.354,,0.014,0.015,0.014
1520+319,60437.4,2024-05-07,fm4128,,0.385,0.367,0.327,,0.015,0.012,0.012
1520+319,60464.5,2024-06-03,fm4155,,0.407,0.391,0.343,,0.014,0.013,0.012
1520+319,60621.3,2024-11-07,fm4312,,0.413,0.388,0.339,,0.014,0.013,0.011
1520+319,60649.4,2024-12-05,fm4340,,0.413,0.411,0.357,,0.014,0.014,0.014
1520+319,60650.8,2024-12-06,fm4341,,0.405,0.386,0.348,,0.013,0.012,0.012
1520+319,60702.3,2025-01-27,fm5027,,0.419,0.413,0.357,,0.014,0.013,0.012
1520+319,60727.6,2025-02-21,fm5052,,0.424,0.402,0.333,,0.013,0.013,0.012
1520+319,60728.6,2025-02-22,fm5053,,0.43,0.4,0.37,,0.014,0.013,0.013
1520+319,60762.5,2025-03-28,fm5087,,0.399,0.379,0.322,,0.013,0.012,0.01
1520+319,60789.4,2025-04-24,fm5114,,0.4,0.379,0.332,,0.014,0.012,0.011
1520+319,60814.4,2025-05-19,fm5139,,,0.372,0.318,,,0.012,0.01
1520+319,60858.2,2025-07-02,fm5183,0.414,0.398,0.369,0.32,0.022,0.014,0.012,0.011
1520+319,60872.2,2025-07-16,fm5197,,0.355,,0.297,,0.014,,0.011
1520+319,60939.3,2025-09-21,fm5264,,0.409,0.411,0.408,,0.015,0.014,0.013
1520+319,60981.4,2025-11-02,fm5306,,0.47,0.484,0.451,,0.016,0.015,0.014
1520+319,61006.1,2025-11-27,fm5331,,0.446,0.451,0.435,,0.015,0.014,0.015
1520+319,61027.0,2025-12-17,fm5352,,0.535,0.546,0.496,,0.018,0.017,0.016
1520+319,61068.9,2026-01-28,fm6029,,0.55,0.56,0.527,,0.018,0.017,0.016
1520+319,61094.7,2026-02-23,fm6054,,0.541,0.523,0.492,,0.017,0.017,0.016
1520+319,61105.9,2026-03-06,fm6066,,0.564,0.543,0.479,,0.019,0.017,0.015
1520+319,61131.8,2026-04-01,fm6092,,0.499,0.505,0.464,,0.016,0.016,0.015
1520+319,61159.8,2026-04-29,fm6120,,0.525,0.509,0.443,,0.017,0.016,0.014
1520+319,61187.9,2026-05-27,fm6148,,0.546,0.519,0.434,,0.018,0.017,0.014
1520+319,61226.5,2026-07-05,fm6186,,0.514,0.502,0.435,,0.017,0.016,0.014
1520+319,61254.4,2026-08-02,fm6214,,0.515,0.483,0.411,,0.017,0.015,0.013
1520+319,61289.6,2026-09-06,fm6249,,0.506,0.474,,,0.018,0.015,
1520+437,59957.5,2023-01-13,fm3013,,0.231,0.223,0.263,,0.01,0.009,0.01
1520+437,59975.7,2023-01-31,fm3031,,0.223,0.209,0.261,,0.009,0.009,0.01
1520+437,60078.1,2023-05-14,fm3134,,,0.217,0.292,,,0.008,0.011
1520+437,60092.1,2023-05-28,fm3148,,,0.23,0.285,,,0.009,0.011
1520+437,60126.6,2023-07-01,fm3182,,0.236,0.244,0.314,,0.01,0.01,0.013
1520+437,60139.6,2023-07-14,fm3195,,,0.239,0.299,,,0.01,0.013
1520+437,60237.3,2023-10-20,fm3293,,0.242,0.261,0.342,,0.011,0.01,0.012
1520+437,60250.3,2023-11-02,fm3306,,0.223,0.257,0.338,,0.01,0.01,0.013
1520+437,60320.4,2024-01-11,fm4011,,0.244,0.256,0.317,,0.011,0.009,0.011
1520+437,60359.3,2024-02-19,fm4050,,0.249,0.254,0.32,,0.009,0.01,0.011
1520+437,60383.8,2024-03-14,fm4074,,,0.247,,,,0.011,
1520+437,60437.0,2024-05-07,fm4128,,0.277,0.265,0.306,,0.013,0.009,0.012
1520+437,60464.5,2024-06-03,fm4155,,0.245,0.266,0.301,,0.011,0.01,0.011
1520+437,60621.4,2024-11-07,fm4312,,0.249,0.245,0.283,,0.01,0.009,0.009
1520+437,60649.3,2024-12-05,fm4340,,0.241,0.258,0.292,,0.009,0.009,0.012
1520+437,60650.4,2024-12-06,fm4341,,0.228,0.244,0.274,,0.008,0.008,0.01
1520+437,60702.2,2025-01-27,fm5027,,0.218,0.228,0.266,,0.008,0.008,0.009
1520+437,60727.3,2025-02-21,fm5052,,0.231,0.236,,,0.008,0.008,
1520+437,60728.5,2025-02-22,fm5053,,0.223,0.235,0.267,,0.009,0.009,0.011
1520+437,60762.4,2025-03-28,fm5087,,0.232,0.228,0.252,,0.009,0.009,0.01
1520+437,60789.1,2025-04-24,fm5114,,0.227,0.235,0.264,,0.008,0.008,0.009
1520+437,60814.1,2025-05-19,fm5139,,0.214,0.228,0.259,,0.009,0.008,0.009
1520+437,60858.1,2025-07-02,fm5183,,0.207,0.222,0.258,,0.009,0.009,0.01
1520+437,60872.1,2025-07-16,fm5197,,,,0.258,,,,0.01
1520+437,60939.2,2025-09-21,fm5264,,0.222,0.243,0.266,,0.009,0.01,0.01
1520+437,60981.4,2025-11-02,fm5306,,0.205,0.231,0.277,,0.008,0.008,0.009
1520+437,61006.0,2025-11-27,fm5331,,0.226,0.227,0.283,,0.008,0.008,0.01
1520+437,61027.1,2025-12-18,fm5352,,0.217,0.228,0.286,,0.008,0.009,0.01
1520+437,61068.9,2026-01-28,fm6029,,0.229,0.237,0.301,,0.008,0.008,0.01
1520+437,61094.4,2026-02-23,fm6054,,,0.258,0.303,,,0.009,0.01
1520+437,61105.8,2026-03-06,fm6066,,0.218,0.232,0.303,,0.008,0.008,0.01
1520+437,61131.9,2026-04-01,fm6092,,0.224,0.236,0.312,,0.008,0.008,0.011
1520+437,61160.4,2026-04-30,fm6120,,,0.241,0.312,,,0.009,0.012
1520+437,61187.8,2026-05-27,fm6148,,0.231,0.253,0.334,,0.009,0.009,0.011
1520+437,61226.5,2026-07-05,fm6186,,0.23,0.259,0.354,,0.01,0.009,0.012
1520+437,61254.5,2026-08-02,fm6214,,,0.265,0.386,,,0.009,0.012
1520+437,61289.5,2026-09-06,fm6249,,0.245,0.271,,,0.01,0.01,
1538+149,59957.9,2023-01-13,fm3013,,1.319,1.388,1.407,,0.044,0.043,0.044
1538+149,59975.8,2023-01-31,fm3031,,1.345,1.378,1.406,,0.041,0.043,0.043
1538+149,60078.5,2023-05-14,fm3134,,1.444,1.478,1.636,,0.047,0.049,0.051
1538+149,60092.5,2023-05-28,fm3148,1.302,,1.514,1.701,0.064,,0.049,0.052
1538+149,60126.4,2023-07-01,fm3182,,1.447,1.499,1.536,,0.05,0.048,0.047
1538+149,60139.6,2023-07-14,fm3195,,1.528,1.589,1.652,,0.05,0.048,0.05
1538+149,60237.2,2023-10-20,fm3293,1.574,1.53,1.527,1.538,0.059,0.047,0.05,0.047
1538+149,60244.0,2023-10-26,vo3299,,1.565,1.551,1.524,,0.049,0.048,0.046
1538+149,60250.3,2023-11-02,fm3306,,1.488,1.507,1.454,,0.048,0.047,0.044
1538+149,60320.9,2024-01-11,fm4011,,1.481,1.466,1.396,,0.048,0.044,0.042
1538+149,60359.8,2024-02-19,fm4050,1.384,1.382,1.385,1.367,0.044,0.043,0.043,0.042
1538+149,60383.7,2024-03-14,fm4074,1.375,1.369,1.363,1.331,0.052,0.043,0.042,0.041
1538+149,60424.5,2024-04-24,vo4115,1.278,1.308,1.321,1.27,0.047,0.044,0.04,0.039
1538+149,60437.6,2024-05-07,fm4128,,1.258,1.309,1.254,,0.042,0.041,0.038
1538+149,60464.5,2024-06-03,fm4155,1.141,1.201,1.252,1.186,0.048,0.041,0.041,0.037
1538+149,60621.3,2024-11-07,fm4312,,1.284,1.235,1.126,,0.04,0.038,0.036
1538+149,60649.2,2024-12-05,fm4340,,1.386,1.323,1.228,,0.045,0.042,0.042
1538+149,60651.0,2024-12-06,fm4341,,1.303,1.262,1.15,,0.042,0.038,0.035
1538+149,60702.0,2025-01-27,fm5027,1.255,1.197,1.178,1.066,0.045,0.039,0.036,0.033
1538+149,60717.5,2025-02-11,vo5043,,1.159,1.135,1.022,,0.036,0.035,0.031
1538+149,60727.8,2025-02-21,fm5052,1.289,1.138,1.126,1.031,0.042,0.038,0.035,0.032
1538+149,60728.8,2025-02-22,fm5053,1.289,1.123,1.118,1.025,0.045,0.039,0.035,0.033
1538+149,60762.7,2025-03-28,fm5087,,1.104,1.073,0.996,,0.035,0.034,0.031
1538+149,60773.5,2025-04-08,vo5099,,1.127,1.092,0.989,,0.034,0.033,0.03
1538+149,60789.6,2025-04-24,fm5114,1.337,1.146,1.097,1.027,0.044,0.041,0.035,0.032
1538+149,60814.5,2025-05-19,fm5139,,1.126,1.106,1.023,,0.035,0.034,0.031
1538+149,60858.4,2025-07-02,fm5183,,1.177,1.141,1.123,,0.037,0.035,0.036
1538+149,60872.4,2025-07-16,fm5197,1.166,1.126,,1.056,0.041,0.035,,0.033
1538+149,60907.3,2025-08-20,vo5232,,1.149,1.141,1.09,,0.042,0.035,0.033
1538+149,60939.2,2025-09-21,fm5264,,1.129,1.095,1.023,,0.04,0.035,0.032
1538+149,60981.2,2025-11-02,fm5306,,0.992,0.984,0.908,,0.034,0.03,0.028
1538+149,61006.0,2025-11-26,fm5331,1.26,1.134,1.106,1.075,0.045,0.038,0.034,0.033
1538+149,61027.1,2025-12-18,fm5352,1.297,1.123,1.104,1.053,0.058,0.036,0.034,0.032
1538+149,61068.8,2026-01-28,fm6029,1.118,1.143,1.085,1.022,0.039,0.035,0.033,0.031
1538+149,61089.1,2026-02-18,vo6049,,1.102,1.067,1.062,,0.038,0.04,0.034
1538+149,61094.8,2026-02-23,fm6054,,1.139,1.113,1.055,,0.038,0.035,0.033
1538+149,61096.1,2026-02-25,vo6056,,1.162,1.135,1.024,,0.041,0.037,0.033
1538+149,61105.7,2026-03-06,fm6066,1.249,1.177,1.151,1.092,0.062,0.038,0.035,0.033
1538+149,61131.0,2026-03-31,vo6091,,1.233,1.17,1.091,,0.053,0.04,0.035
1538+149,61131.7,2026-04-01,fm6092,,1.204,1.182,1.14,,0.039,0.037,0.035
1538+149,61159.7,2026-04-29,fm6120,,,1.163,,,,0.036,
1538+149,61187.7,2026-05-27,fm6148,,1.123,1.108,1.054,,0.038,0.035,0.032
1538+149,61201.5,2026-06-10,vo6162,,1.19,1.146,1.046,,0.048,0.043,0.033
1538+149,61226.5,2026-07-05,fm6186,,1.121,1.106,1.054,,0.039,0.035,0.032
1538+149,61235.5,2026-07-14,vo6196,,,1.152,1.106,,,0.039,0.035
1538+149,61254.4,2026-08-02,fm6214,,1.177,1.151,1.108,,0.036,0.038,0.034
1538+149,61289.3,2026-09-06,fm6249,,1.166,1.142,1.119,,0.036,0.037,0.036
1542+616,60727.3,2025-02-21,fm5052,,0.148,0.162,,,0.007,0.006,
1542+616,60728.4,2025-02-22,fm5053,,0.166,0.17,0.188,,0.007,0.006,0.008
1542+616,60762.4,2025-03-28,fm5087,,,0.168,0.17,,,0.008,0.006
1542+616,60789.0,2025-04-24,fm5114,,0.191,0.18,0.182,,0.007,0.006,0.007
1542+616,60814.0,2025-05-19,fm5139,,0.169,0.175,0.175,,0.009,0.006,0.007
1542+616,60858.1,2025-07-02,fm5183,,0.165,0.191,0.18,,0.009,0.008,0.009
1542+616,60872.1,2025-07-16,fm5197,,0.195,,,,0.01,,
1542+616,60939.2,2025-09-21,fm5264,,0.199,,0.167,,0.008,,0.007
1542+616,60981.2,2025-11-02,fm5306,,0.144,0.164,0.155,,0.007,0.007,0.008
1542+616,61006.0,2025-11-26,fm5331,,0.166,0.147,,,0.007,0.007,
1542+616,61027.1,2025-12-18,fm5352,,,0.155,0.143,,,0.007,0.007
1542+616,61068.8,2026-01-28,fm6029,,0.183,0.152,,,0.009,0.007,
1542+616,61094.4,2026-02-23,fm6054,,0.159,0.172,0.179,,0.007,0.007,0.007
1542+616,61105.7,2026-03-06,fm6066,,0.162,0.172,0.17,,0.007,0.007,0.007
1542+616,61131.7,2026-04-01,fm6092,,0.185,0.191,0.183,,0.007,0.008,0.007
1542+616,61159.7,2026-04-29,fm6120,,0.184,0.188,,,0.009,0.008,
1542+616,61187.7,2026-05-27,fm6148,,,0.171,0.182,,,0.007,0.008
1542+616,61226.7,2026-07-05,fm6186,,,0.175,0.17,,,0.007,0.007
1542+616,61254.4,2026-08-02,fm6214,,0.188,0.172,0.178,,0.008,0.007,0.007
1542+616,61289.4,2026-09-06,fm6249,,0.154,,,,0.009,,
1546+027,60459.5,2024-05-29,vo4150,,3.379,3.436,3.563,,0.104,0.104,0.108
1546+027,60578.0,2024-09-25,vo4269,3.01,3.316,3.342,3.226,0.126,0.103,0.101,0.098
1546+027,60592.0,2024-10-09,vo4283,,3.224,3.22,3.056,,0.098,0.097,0.093
1546+027,60648.0,2024-12-04,vo4339,,3.147,3.249,3.143,,0.105,0.102,0.095
1546+027,60696.9,2025-01-21,vo5022,,3.078,3.053,2.922,,0.094,0.093,0.089
1546+027,60703.8,2025-01-28,vo5029,,3.114,3.078,2.907,,0.094,0.093,0.088
1546+027,60717.5,2025-02-11,vo5043,,3.105,3.113,2.904,,0.095,0.094,0.088
1546+027,60773.5,2025-04-08,vo5099,,3.069,3.039,2.791,,0.093,0.092,0.085
1546+027,60907.3,2025-08-20,vo5232,,2.88,2.818,2.543,,0.093,0.087,0.077
1546+027,60956.2,2025-10-08,vo5281,,2.787,2.736,2.408,,0.089,0.084,0.074
1546+027,60977.1,2025-10-29,vo5302,,2.837,2.747,2.455,,0.087,0.084,0.075
1546+027,61005.1,2025-11-26,vo5330,,2.752,2.689,2.397,,0.084,0.082,0.073
1546+027,61054.3,2026-01-14,vo6014,,2.708,2.64,2.295,,0.106,0.093,0.085
1546+027,61089.2,2026-02-18,vo6049,,2.619,2.625,2.459,,0.087,0.09,0.082
1546+027,61096.2,2026-02-25,vo6056,,2.653,2.533,2.371,,0.089,0.085,0.076
1546+027,61131.1,2026-04-01,vo6091,,2.584,2.574,2.263,,0.084,0.082,0.071
1546+027,61159.2,2026-04-29,vo6119,,,2.424,2.27,,,0.083,0.08
1546+027,61235.6,2026-07-14,vo6196,,,2.742,2.467,,,0.088,0.076
1546+027,61250.9,2026-07-29,vo6210,,,,2.569,,,,0.084
1548+056,61236.6,2026-07-15,vo6196,,,2.433,2.278,,,0.077,0.071
1555+001,59958.0,2023-01-13,fm3013,,0.433,0.404,0.213,,0.014,0.014,0.009
1555+001,59975.9,2023-01-31,fm3031,,0.459,0.407,,,0.02,0.014,
1555+001,60078.6,2023-05-14,fm3134,,,0.577,0.563,,,0.021,0.018
1555+001,60092.6,2023-05-28,fm3148,,,0.556,0.543,,,0.019,0.017
1555+001,60126.5,2023-07-01,fm3182,,0.565,0.558,0.558,,0.019,0.018,0.019
1555+001,60139.8,2023-07-14,fm3195,,,0.588,0.581,,,0.019,0.019
1555+001,60237.4,2023-10-20,fm3293,,0.554,0.572,0.551,,0.019,0.018,0.018
1555+001,60321.0,2024-01-11,fm4011,,0.53,0.5,0.462,,0.019,0.016,0.015
1555+001,60359.9,2024-02-19,fm4050,,0.496,0.495,0.46,,0.016,0.016,0.017
1555+001,60383.8,2024-03-14,fm4074,,0.51,0.486,0.444,,0.019,0.016,0.017
1555+001,60424.6,2024-04-24,vo4115,,0.454,0.473,0.416,,0.019,0.016,0.014
1555+001,60437.7,2024-05-07,fm4128,,,0.458,0.395,,,0.015,0.014
1555+001,60464.6,2024-06-03,fm4155,,0.479,0.455,0.401,,0.019,0.015,0.014
1555+001,60622.1,2024-11-08,fm4312,,0.406,0.396,0.343,,0.014,0.014,0.012
1555+001,60650.0,2024-12-06,fm4340,,0.409,0.408,0.347,,0.014,0.014,0.013
1555+001,60651.1,2024-12-07,fm4341,,0.411,0.378,0.33,,0.013,0.012,0.011
1555+001,60702.9,2025-01-27,fm5027,,0.397,0.396,0.33,,0.013,0.013,0.011
1555+001,60727.9,2025-02-21,fm5052,,0.391,0.379,,,0.013,0.012,
1555+001,60728.8,2025-02-22,fm5053,,0.408,0.378,,,0.014,0.012,
1555+001,60762.8,2025-03-28,fm5087,,0.378,0.365,0.302,,0.014,0.012,0.01
1555+001,60789.7,2025-04-24,fm5114,,0.371,0.363,0.302,,0.013,0.012,0.01
1555+001,60814.7,2025-05-19,fm5139,,,0.35,0.286,,,0.011,0.01
1555+001,60858.5,2025-07-02,fm5183,,0.382,0.333,0.302,,0.015,0.012,0.011
1555+001,60872.5,2025-07-16,fm5197,,0.373,,,,0.014,,
1555+001,60939.3,2025-09-21,fm5264,,0.371,,0.3,,0.015,,0.011
1555+001,61006.0,2025-11-26,fm5331,,0.351,0.322,0.274,,0.014,0.011,0.011
1555+001,61026.8,2025-12-17,fm5352,,0.324,0.295,0.252,,0.011,0.011,0.011
1555+001,61068.9,2026-01-28,fm6029,,0.325,0.305,0.255,,0.011,0.01,0.009
1555+001,61094.8,2026-02-23,fm6054,,0.321,0.297,0.265,,0.011,0.01,0.009
1555+001,61131.8,2026-04-01,fm6092,,,0.29,0.254,,,0.01,0.009
1555+001,61159.7,2026-04-29,fm6120,,,0.291,,,,0.012,
1555+001,61188.6,2026-05-28,fm6148,,,0.278,0.234,,,0.01,0.009
1555+001,61226.4,2026-07-05,fm6186,,,0.277,0.247,,,0.01,0.009
1555+001,61254.3,2026-08-02,fm6214,,0.302,0.275,0.241,,0.011,0.01,0.009
1555+001,61289.3,2026-09-06,fm6249,,0.286,0.272,,,0.011,0.011,
1557+032,59958.0,2023-01-13,fm3013,,0.603,0.566,0.474,,0.019,0.018,0.015
1557+032,59975.9,2023-01-31,fm3031,,0.576,0.543,0.448,,0.019,0.017,0.015
1557+032,60078.6,2023-05-14,fm3134,,,0.571,0.469,,,0.018,0.016
1557+032,60092.6,2023-05-28,fm3148,,,0.525,0.47,,,0.017,0.015
1557+032,60126.5,2023-07-01,fm3182,,0.591,0.553,0.475,,0.019,0.018,0.016
1557+032,60139.7,2023-07-14,fm3195,,,0.561,0.482,,,0.018,0.016
1557+032,60250.2,2023-11-02,fm3306,,0.555,0.531,0.464,,0.018,0.017,0.016
1557+032,60321.0,2024-01-11,fm4011,,0.533,0.529,0.439,,0.017,0.017,0.015
1557+032,60359.9,2024-02-19,fm4050,,0.563,0.535,0.469,,0.018,0.017,0.015
1557+032,60383.8,2024-03-14,fm4074,0.6,0.555,0.529,0.458,0.03,0.018,0.017,0.017
1557+032,60417.7,2024-04-17,vo4108,,0.571,0.54,0.445,,0.022,0.018,0.017
1557+032,60437.6,2024-05-07,fm4128,,0.522,0.551,0.448,,0.019,0.019,0.015
1557+032,60464.6,2024-06-03,fm4155,,0.548,0.518,0.449,,0.021,0.016,0.015
1557+032,60557.0,2024-09-04,vo4248,,,0.539,0.457,,,0.018,0.014
1557+032,60621.3,2024-11-07,fm4312,0.482,0.449,0.437,0.374,0.019,0.014,0.015,0.013
1557+032,60650.0,2024-12-06,fm4340,,0.537,0.532,0.447,,0.018,0.017,0.016
1557+032,60651.1,2024-12-07,fm4341,,0.541,0.51,0.433,,0.017,0.016,0.015
1557+032,60702.9,2025-01-27,fm5027,,0.54,0.513,0.416,,0.017,0.016,0.013
1557+032,60727.8,2025-02-21,fm5052,0.587,0.532,0.503,0.416,0.021,0.017,0.016,0.014
1557+032,60728.8,2025-02-22,fm5053,,0.536,0.513,0.434,,0.017,0.017,0.014
1557+032,60762.8,2025-03-28,fm5087,0.584,0.516,0.489,0.393,0.022,0.016,0.015,0.013
1557+032,60789.7,2025-04-24,fm5114,,0.51,0.479,0.374,,0.016,0.015,0.012
1557+032,60808.9,2025-05-13,vo5134,,0.528,0.501,0.395,,0.019,0.017,0.013
1557+032,60814.6,2025-05-19,fm5139,,,0.483,0.382,,,0.015,0.012
1557+032,60858.5,2025-07-02,fm5183,,0.512,0.484,0.393,,0.017,0.015,0.014
1557+032,60872.5,2025-07-16,fm5197,,,,0.386,,,,0.014
1557+032,60939.2,2025-09-21,fm5264,,0.505,0.47,0.387,,0.017,0.016,0.013
1557+032,61006.0,2025-11-27,fm5331,,0.513,0.483,0.393,,0.016,0.015,0.013
1557+032,61026.8,2025-12-17,fm5352,0.55,0.488,0.447,0.358,0.022,0.017,0.015,0.012
1557+032,61068.9,2026-01-28,fm6029,0.562,0.486,0.45,0.358,0.023,0.017,0.015,0.012
1557+032,61094.8,2026-02-23,fm6054,,0.479,0.448,0.355,,0.017,0.014,0.012
1557+032,61105.8,2026-03-06,fm6066,,0.468,0.429,0.354,,0.018,0.014,0.012
1557+032,61131.8,2026-04-01,fm6092,,0.436,0.449,0.353,,0.018,0.014,0.012
1557+032,61159.7,2026-04-29,fm6120,,,0.429,,,,0.014,
1557+032,61188.6,2026-05-28,fm6148,,,0.413,0.329,,,0.013,0.012
1557+032,61226.4,2026-07-05,fm6186,,0.478,0.418,0.327,,0.021,0.015,0.012
1557+032,61254.4,2026-08-02,fm6214,,0.463,0.43,0.339,,0.015,0.014,0.012
1557+032,61289.3,2026-09-06,fm6249,,0.449,0.4,,,0.017,0.015,
1602-115,59958.1,2023-01-14,fm3013,,0.339,0.334,0.355,,0.015,0.011,0.013
1602-115,59976.0,2023-02-01,fm3031,,0.325,0.339,0.365,,0.012,0.012,0.013
1602-115,60078.7,2023-05-14,fm3134,,,0.361,0.332,,,0.013,0.013
1602-115,60092.7,2023-05-28,fm3148,,,0.324,0.382,,,0.012,0.013
1602-115,60126.6,2023-07-01,fm3182,,0.305,0.339,0.387,,0.013,0.013,0.015
1602-115,60139.6,2023-07-14,fm3195,,,0.421,,,,0.014,
1602-115,60250.2,2023-11-02,fm3306,,0.373,0.398,0.474,,0.013,0.013,0.016
1602-115,60321.1,2024-01-12,fm4011,,0.434,0.472,0.557,,0.015,0.015,0.02
1602-115,60360.0,2024-02-19,fm4050,,0.371,0.438,0.573,,0.013,0.016,0.019
1602-115,60383.9,2024-03-14,fm4074,,0.455,0.481,0.535,,0.016,0.016,0.02
1602-115,60437.8,2024-05-07,fm4128,,,0.61,0.627,,,0.019,0.02
1602-115,60464.7,2024-06-03,fm4155,,0.524,0.592,0.682,,0.018,0.019,0.023
1602-115,60650.3,2024-12-06,fm4340,,0.583,0.658,0.712,,0.019,0.021,0.025
1602-115,60651.2,2024-12-07,fm4341,,0.538,0.6,0.647,,0.019,0.018,0.021
1602-115,60728.0,2025-02-22,fm5052,0.561,0.625,0.65,0.696,0.021,0.02,0.02,0.022
1602-115,60762.9,2025-03-28,fm5087,,0.483,0.527,0.571,,0.017,0.017,0.018
1602-115,60789.8,2025-04-24,fm5114,,0.545,0.597,0.637,,0.017,0.019,0.02
1602-115,60814.7,2025-05-19,fm5139,,,0.564,0.588,,,0.018,0.019
1602-115,60858.6,2025-07-02,fm5183,,0.604,0.588,0.53,,0.021,0.018,0.019
1602-115,60939.2,2025-09-21,fm5264,,0.632,0.58,0.478,,0.02,0.018,0.015
1602-115,61005.9,2025-11-26,fm5331,,0.347,0.317,0.306,,0.012,0.011,0.011
1602-115,61026.8,2025-12-17,fm5352,,0.31,0.285,0.268,,0.011,0.01,0.01
1602-115,61095.0,2026-02-23,fm6054,0.39,0.262,0.268,0.258,0.021,0.01,0.009,0.01
1602-115,61105.9,2026-03-06,fm6066,,0.304,0.299,0.272,,0.013,0.011,0.01
1602-115,61131.8,2026-04-01,fm6092,,0.272,0.269,,,0.01,0.009,
1602-115,61226.4,2026-07-05,fm6186,,,0.264,,,,0.01,
1602-115,61254.3,2026-08-02,fm6214,,0.313,0.305,0.297,,0.011,0.01,0.01
1606+106,59957.9,2023-01-13,fm3013,,1.267,1.299,1.347,,0.04,0.04,0.041
1606+106,59975.9,2023-01-31,fm3031,1.392,1.344,1.357,1.399,0.053,0.042,0.042,0.043
1606+106,60078.6,2023-05-14,fm3134,,1.262,1.27,1.214,,0.054,0.039,0.037
1606+106,60092.6,2023-05-28,fm3148,,,1.225,1.147,,,0.038,0.035
1606+106,60126.5,2023-07-01,fm3182,,1.202,1.206,1.16,,0.037,0.037,0.036
1606+106,60139.7,2023-07-14,fm3195,,1.26,1.225,1.17,,0.046,0.039,0.036
1606+106,60237.4,2023-10-20,fm3293,,1.183,1.207,1.199,,0.037,0.037,0.037
1606+106,60250.2,2023-11-02,fm3306,1.365,1.147,1.16,1.166,0.06,0.037,0.035,0.036
1606+106,60321.0,2024-01-11,fm4011,,1.096,1.087,1.018,,0.034,0.033,0.031
1606+106,60359.8,2024-02-19,fm4050,1.252,1.093,1.081,1.132,0.046,0.034,0.033,0.035
1606+106,60383.8,2024-03-14,fm4074,1.13,1.106,1.154,1.295,0.045,0.035,0.035,0.04
1606+106,60437.6,2024-05-07,fm4128,,,1.229,1.273,,,0.04,0.041
1606+106,60464.6,2024-06-03,fm4155,1.263,1.195,1.24,1.244,0.049,0.042,0.038,0.038
1606+106,60620.0,2024-11-06,vo4311,1.34,1.307,1.32,1.309,0.047,0.04,0.04,0.04
1606+106,60621.3,2024-11-07,fm4312,1.312,1.26,1.298,1.286,0.044,0.04,0.043,0.039
1606+106,60649.2,2024-12-05,fm4340,,1.33,1.416,1.508,,0.042,0.045,0.051
1606+106,60651.0,2024-12-07,fm4341,,1.335,1.376,1.436,,0.041,0.042,0.044
1606+106,60655.1,2024-12-11,vo4346,,1.396,1.577,1.509,,0.044,0.05,0.047
1606+106,60702.1,2025-01-27,fm5027,1.339,1.421,1.467,1.612,0.043,0.044,0.045,0.049
1606+106,60727.8,2025-02-21,fm5052,1.471,1.485,1.573,1.703,0.047,0.045,0.047,0.052
1606+106,60728.8,2025-02-22,fm5053,1.466,1.469,1.582,1.752,0.047,0.048,0.048,0.054
1606+106,60762.7,2025-03-28,fm5087,1.5,1.522,1.598,1.654,0.049,0.051,0.051,0.05
1606+106,60789.6,2025-04-24,fm5114,1.432,1.414,1.468,1.451,0.047,0.044,0.045,0.044
1606+106,60814.6,2025-05-19,fm5139,,1.399,1.4,1.35,,0.047,0.042,0.041
1606+106,60858.5,2025-07-02,fm5183,,1.399,1.426,1.401,,0.046,0.044,0.044
1606+106,60872.5,2025-07-16,fm5197,,1.336,,1.255,,0.044,,0.039
1606+106,60939.2,2025-09-21,fm5264,,1.218,1.19,1.192,,0.04,0.037,0.037
1606+106,60981.2,2025-11-02,fm5306,,1.177,1.247,1.232,,0.039,0.038,0.038
1606+106,61005.9,2025-11-26,fm5331,1.448,1.369,1.391,1.336,0.06,0.042,0.043,0.041
1606+106,61026.2,2025-12-17,vo5351,,1.361,1.433,1.42,,0.043,0.046,0.044
1606+106,61027.1,2025-12-18,fm5352,,1.4,1.416,1.446,,0.045,0.043,0.044
1606+106,61054.1,2026-01-14,vo6014,,1.353,1.43,1.387,,0.048,0.051,0.05
1606+106,61068.8,2026-01-28,fm6029,1.419,1.371,1.366,1.299,0.048,0.042,0.041,0.039
1606+106,61089.2,2026-02-18,vo6049,,1.253,1.321,1.222,,0.056,0.05,0.043
1606+106,61094.8,2026-02-23,fm6054,1.453,1.317,1.317,1.216,0.051,0.04,0.04,0.037
1606+106,61096.0,2026-02-25,vo6056,,1.372,1.279,1.211,,0.055,0.046,0.041
1606+106,61105.7,2026-03-06,fm6066,1.446,1.28,1.284,1.19,0.06,0.04,0.04,0.036
1606+106,61131.7,2026-04-01,fm6092,1.449,1.315,1.331,1.256,0.048,0.045,0.042,0.039
1606+106,61131.1,2026-04-01,vo6091,,1.266,1.318,1.365,,0.055,0.05,0.053
1606+106,61159.0,2026-04-28,vo6119,,,1.29,1.287,,,0.05,0.045
1606+106,61159.7,2026-04-29,fm6120,,,1.388,1.287,,,0.043,0.039
1606+106,61187.7,2026-05-27,fm6148,,1.383,1.409,1.363,,0.045,0.044,0.042
1606+106,61201.6,2026-06-10,vo6162,,,1.516,1.431,,,0.052,0.047
1606+106,61226.4,2026-07-05,fm6186,,1.468,1.547,1.554,,0.058,0.047,0.047
1606+106,61236.7,2026-07-15,vo6196,,,1.582,1.54,,,0.06,0.051
1606+106,61250.9,2026-07-29,vo6210,,,1.624,1.615,,,0.063,0.054
1606+106,61254.3,2026-08-02,fm6214,,1.533,1.597,1.602,,0.055,0.049,0.049
1606+106,61289.3,2026-09-06,fm6249,,1.669,1.764,1.742,,0.051,0.054,0.054
1608+243,59957.8,2023-01-13,fm3013,,,0.258,0.242,,,0.01,0.01
1608+243,59975.8,2023-01-31,fm3031,,0.268,0.26,0.238,,0.01,0.009,0.009
1608+243,60078.5,2023-05-14,fm3134,,,0.259,0.243,,,0.01,0.01
1608+243,60092.4,2023-05-28,fm3148,,,,0.229,,,,0.01
1608+243,60126.3,2023-07-01,fm3182,,0.276,0.256,0.236,,0.011,0.009,0.011
1608+243,60139.6,2023-07-14,fm3195,,,0.263,0.225,,,0.01,0.01
1608+243,60237.2,2023-10-20,fm3293,,0.25,0.242,0.208,,0.011,0.009,0.009
1608+243,60250.3,2023-11-02,fm3306,,0.255,0.247,0.229,,0.011,0.01,0.011
1608+243,60320.9,2024-01-11,fm4011,,0.25,0.222,0.193,,0.01,0.01,0.009
1608+243,60359.8,2024-02-19,fm4050,,0.251,0.219,0.213,,0.01,0.009,0.009
1608+243,60437.5,2024-05-07,fm4128,,,0.224,0.194,,,0.009,0.009
1608+243,60464.5,2024-06-03,fm4155,,0.235,0.219,0.201,,0.01,0.009,0.009
1608+243,60621.4,2024-11-07,fm4312,,0.226,0.238,0.235,,0.008,0.008,0.008
1608+243,60649.3,2024-12-05,fm4340,,0.228,0.216,,,0.008,0.008,
1608+243,60650.9,2024-12-06,fm4341,,0.23,0.221,0.236,,0.008,0.007,0.009
1608+243,60702.2,2025-01-27,fm5027,,0.244,0.241,0.239,,0.008,0.008,0.009
1608+243,60727.7,2025-02-21,fm5052,,0.246,0.244,,,0.008,0.009,
1608+243,60728.7,2025-02-22,fm5053,,0.246,0.241,,,0.009,0.008,
1608+243,60762.6,2025-03-28,fm5087,,0.24,0.237,0.22,,0.009,0.008,0.008
1608+243,60789.5,2025-04-24,fm5114,,0.234,0.24,0.214,,0.009,0.008,0.008
1608+243,60814.4,2025-05-19,fm5139,,0.266,0.236,0.223,,0.01,0.008,0.008
1608+243,60858.3,2025-07-02,fm5183,,0.258,0.231,0.237,,0.01,0.009,0.01
1608+243,60872.3,2025-07-16,fm5197,,0.224,,0.241,,0.009,,0.01
1608+243,60939.3,2025-09-21,fm5264,,0.241,0.245,0.242,,0.01,0.01,0.009
1608+243,60981.4,2025-11-02,fm5306,,0.238,0.243,0.239,,0.008,0.008,0.009
1608+243,61006.0,2025-11-27,fm5331,,0.238,0.25,0.235,,0.009,0.009,0.009
1608+243,61026.9,2025-12-17,fm5352,,0.262,0.234,0.238,,0.01,0.008,0.009
1608+243,61068.9,2026-01-28,fm6029,,0.228,0.237,0.225,,0.009,0.008,0.008
1608+243,61094.7,2026-02-23,fm6054,,,0.227,0.224,,,0.009,0.009
1608+243,61105.8,2026-03-06,fm6066,,0.221,0.226,0.217,,0.008,0.008,0.008
1608+243,61131.8,2026-04-01,fm6092,,,,0.226,,,,0.009
1608+243,61159.8,2026-04-29,fm6120,,,,0.2,,,,0.008
1608+243,61226.5,2026-07-05,fm6186,,0.235,0.215,0.208,,0.009,0.008,0.008
1608+243,61254.4,2026-08-02,fm6214,,0.253,0.231,0.222,,0.01,0.009,0.008
1608+243,61289.5,2026-09-06,fm6249,,0.244,0.235,0.228,,0.01,0.01,0.01
1611+343,61053.5,2026-01-13,vo6014,3.336,2.545,2.343,1.804,0.118,0.08,0.071,0.056
1611+343,61088.9,2026-02-17,vo6049,,2.54,2.327,1.888,,0.078,0.071,0.058
1611+343,61158.6,2026-04-28,vo6119,,2.48,2.285,1.79,,0.088,0.07,0.055
1611+343,61201.5,2026-06-10,vo6162,,2.524,2.308,1.791,,0.08,0.071,0.055
1611+343,61235.6,2026-07-14,vo6196,,,2.303,1.818,,,0.07,0.056
1611+343,61249.5,2026-07-28,vo6210,,2.518,2.342,1.83,,0.106,0.073,0.059
1622-253,60557.6,2024-09-04,vo4248,,,1.638,1.536,,,0.055,0.06
1622-253,60592.5,2024-10-09,vo4283,,2.001,1.918,1.682,,0.072,0.071,0.054
1622-253,60704.2,2025-01-29,vo5029,,1.996,1.866,1.612,,0.062,0.059,0.051
1622-253,60718.2,2025-02-12,vo5043,,1.544,1.523,1.381,,0.053,0.05,0.044
1622-253,60774.0,2025-04-08,vo5099,,1.712,1.634,1.368,,0.054,0.051,0.045
1622-253,60808.5,2025-05-13,vo5134,,1.541,1.434,1.241,,0.06,0.048,0.041
1622-253,60956.5,2025-10-08,vo5281,,1.314,1.231,1.08,,0.046,0.045,0.039
1622-253,61026.3,2025-12-17,vo5351,,1.348,1.256,1.099,,0.046,0.043,0.04
1622-253,61054.2,2026-01-14,vo6014,,1.215,1.199,,,0.052,0.054,
1622-253,61089.3,2026-02-18,vo6049,,1.432,1.444,,,0.07,0.081,
1622-253,61096.1,2026-02-25,vo6056,,1.341,1.245,1.028,,0.054,0.049,0.042
1622-253,61131.0,2026-04-01,vo6091,,,,0.851,,,,0.046
1622-253,61159.0,2026-04-29,vo6119,,,1.187,,,,0.072,
1622-253,61202.9,2026-06-11,vo6162,,,1.242,,,,0.071,
1622-253,61236.7,2026-07-15,vo6196,,,1.201,0.991,,,0.057,0.038
1623+578,59957.6,2023-01-13,fm3013,,0.415,0.449,0.502,,0.014,0.015,0.017
1623+578,59975.6,2023-01-31,fm3031,,0.416,0.441,0.506,,0.014,0.015,0.016
1623+578,60078.2,2023-05-14,fm3134,,0.403,0.446,0.526,,0.016,0.014,0.017
1623+578,60092.2,2023-05-28,fm3148,,,0.433,0.523,,,0.015,0.017
1623+578,60126.2,2023-07-01,fm3182,,0.414,0.452,0.544,,0.014,0.015,0.018
1623+578,60139.5,2023-07-14,fm3195,,0.419,0.454,0.543,,0.015,0.015,0.017
1623+578,60237.3,2023-10-20,fm3293,,0.385,0.417,0.49,,0.014,0.015,0.016
1623+578,60250.3,2023-11-02,fm3306,,,0.41,0.458,,,0.014,0.015
1623+578,60320.4,2024-01-11,fm4011,,0.36,0.374,0.424,,0.014,0.013,0.014
1623+578,60359.3,2024-02-19,fm4050,,0.36,0.376,0.43,,0.012,0.012,0.014
1623+578,60383.4,2024-03-14,fm4074,,0.358,0.374,0.422,,0.013,0.013,0.015
1623+578,60437.1,2024-05-07,fm4128,,0.348,0.367,0.396,,0.013,0.012,0.013
1623+578,60464.5,2024-06-03,fm4155,,0.344,0.368,0.394,,0.013,0.013,0.013
1623+578,60621.4,2024-11-07,fm4312,,0.316,0.346,0.39,,0.011,0.012,0.013
1623+578,60649.3,2024-12-05,fm4340,,0.335,0.339,0.414,,0.013,0.011,0.015
1623+578,60650.4,2024-12-06,fm4341,,0.324,0.342,0.393,,0.012,0.011,0.013
1623+578,60702.2,2025-01-27,fm5027,,0.331,0.342,0.413,,0.011,0.011,0.013
1623+578,60727.3,2025-02-21,fm5052,,0.302,0.335,,,0.011,0.011,
1623+578,60728.4,2025-02-22,fm5053,,0.313,0.322,0.439,,0.01,0.012,0.014
1623+578,60762.4,2025-03-28,fm5087,,0.324,0.353,0.457,,0.011,0.011,0.014
1623+578,60789.1,2025-04-24,fm5114,,0.348,0.382,0.488,,0.011,0.012,0.015
1623+578,60814.1,2025-05-19,fm5139,,0.335,0.369,0.474,,0.011,0.012,0.015
1623+578,60858.2,2025-07-02,fm5183,,0.35,0.382,0.514,,0.012,0.012,0.017
1623+578,60872.2,2025-07-16,fm5197,,0.38,,0.491,,0.015,,0.016
1623+578,60939.4,2025-09-21,fm5264,,0.388,0.386,0.517,,0.017,0.013,0.017
1623+578,60981.4,2025-11-02,fm5306,,0.379,0.395,0.504,,0.013,0.012,0.016
1623+578,61006.2,2025-11-27,fm5331,,0.37,0.405,0.505,,0.013,0.014,0.016
1623+578,61027.3,2025-12-18,fm5352,,0.373,0.425,0.528,,0.012,0.013,0.017
1623+578,61068.9,2026-01-28,fm6029,,0.407,0.455,0.57,,0.013,0.014,0.017
1623+578,61094.4,2026-02-23,fm6054,,0.447,0.481,0.587,,0.016,0.015,0.018
1623+578,61105.9,2026-03-06,fm6066,,0.447,0.467,0.556,,0.014,0.015,0.017
1623+578,61131.9,2026-04-01,fm6092,,0.408,0.444,0.541,,0.013,0.014,0.017
1623+578,61159.9,2026-04-29,fm6120,,0.401,0.427,0.517,,0.017,0.013,0.016
1623+578,61187.8,2026-05-27,fm6148,,0.389,0.405,0.513,,0.013,0.014,0.016
1623+578,61226.5,2026-07-05,fm6186,,0.374,0.42,0.536,,0.012,0.013,0.017
1623+578,61254.5,2026-08-02,fm6214,,0.387,0.418,0.545,,0.013,0.013,0.017
1623+578,61289.5,2026-09-06,fm6249,,0.409,0.465,,,0.013,0.015,
1633+382,61053.5,2026-01-13,vo6014,,1.95,1.861,1.668,,0.062,0.057,0.052
1633+382,61095.5,2026-02-24,vo6056,2.273,1.906,1.822,1.611,0.102,0.058,0.055,0.049
1633+382,61158.5,2026-04-28,vo6119,,1.929,1.786,1.566,,0.069,0.055,0.048
1633+382,61249.5,2026-07-28,vo6210,,1.928,1.8,1.535,,0.067,0.055,0.047
1636+473,59957.6,2023-01-13,fm3013,,0.727,0.741,0.775,,0.022,0.023,0.024
1636+473,59975.7,2023-01-31,fm3031,,0.758,0.744,0.784,,0.026,0.026,0.024
1636+473,60078.2,2023-05-14,fm3134,,0.885,0.866,0.94,,0.036,0.026,0.029
1636+473,60092.2,2023-05-28,fm3148,,,0.854,0.949,,,0.028,0.029
1636+473,60127.0,2023-07-02,fm3182,,0.863,0.859,0.992,,0.03,0.027,0.032
1636+473,60139.5,2023-07-14,fm3195,,0.857,0.889,0.97,,0.027,0.027,0.03
1636+473,60237.3,2023-10-20,fm3293,,0.944,0.977,1.103,,0.033,0.03,0.034
1636+473,60250.4,2023-11-02,fm3306,,0.931,0.975,1.108,,0.03,0.03,0.034
1636+473,60320.4,2024-01-11,fm4011,,0.929,0.97,1.081,,0.029,0.03,0.033
1636+473,60359.3,2024-02-19,fm4050,,0.906,0.92,1.026,,0.029,0.028,0.032
1636+473,60383.4,2024-03-14,fm4074,,0.875,0.9,1.021,,0.03,0.028,0.032
1636+473,60437.1,2024-05-07,fm4128,,0.879,0.905,1.013,,0.03,0.028,0.031
1636+473,60459.1,2024-05-29,vo4150,,0.898,0.926,1.068,,0.034,0.028,0.034
1636+473,60464.4,2024-06-03,fm4155,,0.786,0.904,0.973,,0.026,0.029,0.03
1636+473,60557.0,2024-09-04,vo4248,,0.886,0.917,0.992,,0.029,0.028,0.03
1636+473,60592.0,2024-10-09,vo4283,,0.886,0.918,0.963,,0.028,0.028,0.029
1636+473,60621.3,2024-11-07,fm4312,,0.891,0.899,0.941,,0.028,0.028,0.03
1636+473,60648.0,2024-12-04,vo4339,,0.879,0.92,0.971,,0.028,0.028,0.03
1636+473,60649.2,2024-12-05,fm4340,,0.901,0.937,0.971,,0.03,0.03,0.033
1636+473,60650.4,2024-12-06,fm4341,,0.872,0.908,0.934,,0.028,0.028,0.029
1636+473,60655.0,2024-12-11,vo4346,,0.904,1.004,0.971,,0.028,0.031,0.03
1636+473,60696.5,2025-01-21,vo5022,,0.859,0.865,0.889,,0.027,0.027,0.027
1636+473,60702.1,2025-01-27,fm5027,,0.872,0.894,0.883,,0.029,0.028,0.027
1636+473,60703.6,2025-01-28,vo5029,,0.878,0.874,0.894,,0.027,0.027,0.027
1636+473,60717.5,2025-02-11,vo5043,,0.871,0.868,0.88,,0.027,0.026,0.027
1636+473,60727.2,2025-02-21,fm5052,,0.894,0.889,0.926,,0.029,0.027,0.029
1636+473,60728.4,2025-02-22,fm5053,,0.86,0.883,0.918,,0.027,0.027,0.029
1636+473,60762.4,2025-03-28,fm5087,,0.834,0.821,0.867,,0.026,0.026,0.027
1636+473,60773.5,2025-04-08,vo5099,,0.85,0.853,0.857,,0.026,0.026,0.026
1636+473,60789.0,2025-04-24,fm5114,,0.869,0.854,0.858,,0.027,0.026,0.026
1636+473,60808.5,2025-05-13,vo5134,,0.854,0.85,0.853,,0.028,0.026,0.026
1636+473,60814.0,2025-05-19,fm5139,,0.888,0.845,0.868,,0.03,0.026,0.027
1636+473,60850.7,2025-06-24,vo5176,,0.84,,0.868,,0.026,,0.026
1636+473,60858.1,2025-07-02,fm5183,,0.868,0.838,0.879,,0.027,0.026,0.029
1636+473,60872.1,2025-07-16,fm5197,,0.818,,0.852,,0.026,,0.028
1636+473,60939.2,2025-09-21,fm5264,,0.816,0.805,0.84,,0.025,0.025,0.026
1636+473,60955.5,2025-10-07,vo5281,,0.81,0.814,0.839,,0.025,0.026,0.026
1636+473,60976.5,2025-10-28,vo5302,,0.833,0.853,0.873,,0.026,0.026,0.026
1636+473,60981.3,2025-11-02,fm5306,,0.85,0.844,0.846,,0.028,0.026,0.026
1636+473,61005.0,2025-11-25,vo5330,,0.833,0.823,0.831,,0.026,0.025,0.026
1636+473,61006.0,2025-11-26,fm5331,,0.823,0.837,0.867,,0.026,0.026,0.027
1636+473,61025.5,2025-12-16,vo5351,,0.819,0.832,0.843,,0.026,0.025,0.026
1636+473,61027.2,2025-12-18,fm5352,,0.834,0.845,0.844,,0.026,0.026,0.026
1636+473,61053.8,2026-01-13,vo6014,,0.818,0.801,0.81,,0.031,0.029,0.03
1636+473,61068.8,2026-01-28,fm6029,,0.805,0.784,0.794,,0.026,0.024,0.025
1636+473,61088.9,2026-02-17,vo6049,,0.821,0.757,0.807,,0.032,0.027,0.026
1636+473,61094.4,2026-02-23,fm6054,,0.806,0.78,0.796,,0.026,0.024,0.025
1636+473,61095.6,2026-02-24,vo6056,,0.78,0.785,0.768,,0.027,0.026,0.026
1636+473,61105.8,2026-03-06,fm6066,,0.803,0.785,0.78,,0.025,0.024,0.024
1636+473,61130.6,2026-03-31,vo6091,,0.781,0.784,0.733,,0.028,0.027,0.024
1636+473,61131.8,2026-04-01,fm6092,,0.801,0.791,0.775,,0.025,0.024,0.024
1636+473,61158.6,2026-04-28,vo6119,,0.783,0.778,0.761,,0.035,0.028,0.027
1636+473,61159.8,2026-04-29,fm6120,0.877,0.809,0.768,0.775,0.036,0.026,0.024,0.024
1636+473,61187.8,2026-05-27,fm6148,,0.774,0.742,0.789,,0.025,0.024,0.024
1636+473,61201.7,2026-06-10,vo6162,,0.786,0.77,0.808,,0.031,0.028,0.027
1636+473,61226.5,2026-07-05,fm6186,,0.745,0.768,0.836,,0.024,0.024,0.026
1636+473,61235.6,2026-07-14,vo6196,,,0.792,0.811,,,0.032,0.028
1636+473,61249.6,2026-07-28,vo6210,,0.842,0.797,0.829,,0.04,0.03,0.027
1636+473,61254.4,2026-08-02,fm6214,,0.783,0.771,0.832,,0.026,0.024,0.026
1636+473,61289.4,2026-09-06,fm6249,,0.742,0.769,,,0.033,0.026,
1637+574,61053.6,2026-01-13,vo6014,,1.082,1.057,0.917,,0.034,0.036,0.029
1637+574,61201.6,2026-06-10,vo6162,,1.125,1.061,0.992,,0.036,0.037,0.031
1637+826,60243.7,2023-10-26,vo3299,,0.798,0.732,0.636,,0.025,0.024,0.02
1638+398,60243.5,2023-10-26,vo3299,,0.98,0.914,0.814,,0.032,0.028,0.025
1638+398,60417.2,2024-04-17,vo4108,,0.758,0.728,0.63,,0.024,0.023,0.019
1638+398,60424.0,2024-04-24,vo4115,,0.745,0.726,0.63,,0.024,0.022,0.019
1639-062,59958.1,2023-01-14,fm3013,,1.53,1.511,1.348,,0.048,0.046,0.045
1639-062,59976.0,2023-02-01,fm3031,1.48,1.314,1.258,1.102,0.052,0.042,0.038,0.035
1639-062,60078.7,2023-05-14,fm3134,,,1.066,0.935,,,0.033,0.034
1639-062,60092.7,2023-05-28,fm3148,,,1.064,0.973,,,0.034,0.03
1639-062,60126.8,2023-07-01,fm3182,,,1.17,,,,0.037,
1639-062,60139.8,2023-07-14,fm3195,,,1.071,0.958,,,0.033,0.033
1639-062,60321.1,2024-01-12,fm4011,,0.914,0.888,0.784,,0.032,0.027,0.026
1639-062,60360.0,2024-02-19,fm4050,,0.861,0.848,0.74,,0.03,0.027,0.024
1639-062,60383.9,2024-03-14,fm4074,1.021,0.856,0.811,0.715,0.041,0.027,0.027,0.023
1639-062,60417.8,2024-04-17,vo4108,,0.94,0.847,0.698,,0.035,0.028,0.023
1639-062,60437.7,2024-05-07,fm4128,,,0.843,0.711,,,0.026,0.022
1639-062,60459.6,2024-05-29,vo4150,,,0.742,0.606,,,0.023,0.023
1639-062,60464.7,2024-06-03,fm4155,,0.878,0.828,0.745,,0.031,0.026,0.026
1639-062,60557.4,2024-09-04,vo4248,,,0.731,0.716,,,0.024,0.026
1639-062,60578.0,2024-09-25,vo4269,0.965,0.876,0.792,0.777,0.036,0.032,0.027,0.025
1639-062,60620.0,2024-11-06,vo4311,,0.652,0.686,0.811,,0.023,0.023,0.026
1639-062,60621.2,2024-11-07,fm4312,,,0.73,,,,0.028,
1639-062,60648.1,2024-12-04,vo4339,,,0.817,0.864,,,0.028,0.027
1639-062,60649.1,2024-12-05,fm4340,,,0.727,,,,0.027,
1639-062,60651.2,2024-12-07,fm4341,,0.751,0.688,0.755,,0.026,0.022,0.025
1639-062,60655.1,2024-12-11,vo4346,,,0.775,,,,0.026,
1639-062,60702.0,2025-01-27,fm5027,,0.693,0.74,0.833,,0.022,0.024,0.027
1639-062,60717.9,2025-02-11,vo5043,0.805,0.775,0.752,0.829,0.033,0.025,0.024,0.026
1639-062,60727.9,2025-02-21,fm5052,0.731,0.68,0.686,0.757,0.026,0.021,0.021,0.024
1639-062,60729.0,2025-02-22,fm5053,,0.69,0.68,0.837,,0.023,0.023,0.026
1639-062,60762.9,2025-03-28,fm5087,,0.689,0.715,0.862,,0.021,0.022,0.027
1639-062,60773.5,2025-04-08,vo5099,,0.692,0.735,0.882,,0.023,0.024,0.028
1639-062,60789.8,2025-04-24,fm5114,0.684,0.629,0.649,0.795,0.027,0.02,0.021,0.024
1639-062,60814.7,2025-05-19,fm5139,,,0.783,0.848,,,0.025,0.027
1639-062,60858.6,2025-07-02,fm5183,,0.906,0.939,0.987,,0.03,0.029,0.031
1639-062,60872.5,2025-07-16,fm5197,,0.93,,1.008,,0.039,,0.038
1639-062,60939.3,2025-09-21,fm5264,,0.922,0.873,0.829,,0.039,0.027,0.025
1639-062,60977.3,2025-10-29,vo5302,,0.823,0.872,0.836,,0.03,0.029,0.027
1639-062,61005.2,2025-11-26,vo5330,,0.844,0.822,0.809,,0.027,0.025,0.026
1639-062,61006.0,2025-11-27,fm5331,,0.811,0.833,0.841,,0.027,0.027,0.027
1639-062,61026.8,2025-12-17,fm5352,,0.787,0.795,0.742,,0.024,0.024,0.023
1639-062,61026.2,2025-12-17,vo5351,,0.793,0.73,0.708,,0.031,0.028,0.031
1639-062,61068.8,2026-01-28,fm6029,,,0.63,,,,0.023,
1639-062,61094.9,2026-02-23,fm6054,,0.736,0.7,0.676,,0.027,0.022,0.023
1639-062,61105.7,2026-03-06,fm6066,0.7,0.676,0.7,0.696,0.029,0.022,0.021,0.022
1639-062,61131.7,2026-04-01,fm6092,,0.668,0.682,0.606,,0.022,0.022,0.02
1639-062,61159.6,2026-04-29,fm6120,,0.681,0.67,0.606,,0.023,0.021,0.021
1639-062,61187.7,2026-05-27,fm6148,,,0.643,,,,0.021,
1639-062,61226.4,2026-07-05,fm6186,,,0.61,,,,0.019,
1639-062,61254.3,2026-08-02,fm6214,,,0.598,,,,0.019,
1639-062,61289.3,2026-09-06,fm6249,,0.539,0.501,0.438,,0.019,0.017,0.016
1642+690,59957.6,2023-01-13,fm3013,,1.699,1.644,1.432,,0.053,0.05,0.045
1642+690,59975.7,2023-01-31,fm3031,1.814,1.662,1.599,1.4,0.057,0.051,0.05,0.043
1642+690,60078.2,2023-05-14,fm3134,,,1.648,1.487,,,0.051,0.045
1642+690,60092.1,2023-05-28,fm3148,,,1.564,1.465,,,0.049,0.045
1642+690,60126.6,2023-07-01,fm3182,,1.712,1.656,1.49,,0.052,0.05,0.045
1642+690,60139.5,2023-07-14,fm3195,,1.689,1.645,1.537,,0.058,0.05,0.047
1642+690,60237.3,2023-10-20,fm3293,,1.669,1.611,1.509,,0.057,0.051,0.046
1642+690,60250.3,2023-11-02,fm3306,,1.614,1.585,1.416,,0.054,0.048,0.043
1642+690,60320.4,2024-01-11,fm4011,,1.433,1.382,1.221,,0.046,0.043,0.037
1642+690,60359.4,2024-02-19,fm4050,1.705,1.396,1.355,1.185,0.056,0.043,0.041,0.036
1642+690,60383.4,2024-03-14,fm4074,,1.374,1.34,1.16,,0.045,0.041,0.036
1642+690,60437.1,2024-05-07,fm4128,,1.318,1.275,1.1,,0.043,0.039,0.034
1642+690,60464.4,2024-06-03,fm4155,1.187,1.238,1.224,1.042,0.047,0.042,0.042,0.032
1642+690,60621.3,2024-11-07,fm4312,1.515,1.255,1.194,1.03,0.065,0.039,0.04,0.032
1642+690,60649.2,2024-12-05,fm4340,,1.218,1.192,1.053,,0.04,0.038,0.036
1642+690,60650.4,2024-12-06,fm4341,,1.182,1.16,1.005,,0.043,0.035,0.031
1642+690,60702.1,2025-01-27,fm5027,1.37,1.203,1.152,0.975,0.06,0.042,0.036,0.03
1642+690,60727.2,2025-02-21,fm5052,1.51,1.194,1.105,0.952,0.067,0.041,0.034,0.03
1642+690,60728.4,2025-02-22,fm5053,,1.163,1.137,0.956,,0.035,0.035,0.03
1642+690,60762.4,2025-03-28,fm5087,,1.146,1.102,0.936,,0.043,0.035,0.029
1642+690,60789.0,2025-04-24,fm5114,,1.147,1.067,0.912,,0.037,0.032,0.028
1642+690,60814.0,2025-05-19,fm5139,,1.099,1.06,0.917,,0.038,0.032,0.028
1642+690,60858.1,2025-07-02,fm5183,,1.09,1.064,0.947,,0.034,0.033,0.03
1642+690,60872.1,2025-07-16,fm5197,,1.079,,0.896,,0.035,,0.029
1642+690,60939.2,2025-09-21,fm5264,,1.098,1.035,0.908,,0.043,0.032,0.028
1642+690,60981.3,2025-11-02,fm5306,,1.034,1.016,0.896,,0.035,0.033,0.029
1642+690,61006.0,2025-11-26,fm5331,,1.16,1.136,1.031,,0.036,0.036,0.032
1642+690,61027.1,2025-12-18,fm5352,,1.165,1.122,1.018,,0.04,0.034,0.032
1642+690,61068.8,2026-01-28,fm6029,,1.186,1.154,1.075,,0.039,0.036,0.033
1642+690,61094.4,2026-02-23,fm6054,,1.223,1.203,1.116,,0.037,0.037,0.034
1642+690,61105.8,2026-03-06,fm6066,,1.237,1.233,1.102,,0.04,0.038,0.034
1642+690,61131.8,2026-04-01,fm6092,,1.269,1.226,1.128,,0.039,0.037,0.035
1642+690,61159.7,2026-04-29,fm6120,,1.228,1.221,1.081,,0.038,0.037,0.033
1642+690,61187.7,2026-05-27,fm6148,,1.206,1.2,1.088,,0.044,0.037,0.033
1642+690,61226.5,2026-07-05,fm6186,,1.234,1.233,1.102,,0.039,0.038,0.034
1642+690,61254.4,2026-08-02,fm6214,,1.246,1.234,1.116,,0.043,0.038,0.034
1642+690,61289.4,2026-09-06,fm6249,,1.24,1.233,1.128,,0.043,0.038,0.036
1645+635,61053.8,2026-01-13,vo6014,,0.658,0.647,,,0.022,0.023,
1645+635,61201.8,2026-06-10,vo6162,,0.669,0.643,0.598,,0.025,0.022,0.019
1652+398,60578.0,2024-09-25,vo4269,,1.497,1.444,1.313,,0.047,0.044,0.04
1652+398,60906.5,2025-08-19,vo5232,,1.408,1.373,1.264,,0.044,0.042,0.038
1652+398,61249.5,2026-07-28,vo6210,,1.586,1.527,1.382,,0.063,0.047,0.043
1656-075,60244.7,2023-10-27,vo3299,,,0.715,0.511,,,0.028,0.022
1656-075,60424.7,2024-04-24,vo4115,,,0.716,0.528,,,0.024,0.017
1656-075,60592.0,2024-10-09,vo4283,,,0.753,0.624,,,0.028,0.024
1656-075,60851.6,2025-06-25,vo5176,,0.826,,,,0.033,,
1656-075,60907.7,2025-08-20,vo5232,,,0.89,,,,0.031,
1656-075,60956.5,2025-10-08,vo5281,,0.837,0.766,,,0.029,0.026,
1657-261,60418.0,2024-04-18,vo4108,,1.135,1.1,1.073,,0.045,0.048,0.039
1657-261,60425.0,2024-04-24,vo4115,,1.109,1.107,1.139,,0.037,0.036,0.036
1657-261,60459.9,2024-05-29,vo4150,,,1.094,1.176,,,0.04,0.04
1657-261,60578.6,2024-09-25,vo4269,,1.156,1.106,0.863,,0.042,0.039,0.031
1657-261,60620.0,2024-11-06,vo4311,,1.113,1.02,1.006,,0.037,0.035,0.033
1657-261,60697.3,2025-01-22,vo5022,,1.079,0.993,0.998,,0.039,0.036,0.036
1657-261,60851.8,2025-06-25,vo5176,,1.432,,1.45,,0.045,,0.045
1657-261,60907.7,2025-08-20,vo5232,,,1.196,1.114,,,0.045,0.04
1657-261,61131.2,2026-04-01,vo6091,,,,0.691,,,,0.052
1659+399,59957.6,2023-01-13,fm3013,,,0.122,,,,0.008,
1659+399,59975.7,2023-01-31,fm3031,,,0.128,0.123,,,0.008,0.007
1659+399,60078.4,2023-05-14,fm3134,,,,0.129,,,,0.009
1659+399,60092.3,2023-05-28,fm3148,,,0.118,,,,0.007,
1659+399,60127.0,2023-07-02,fm3182,,0.137,,,,0.011,,
1659+399,60139.5,2023-07-14,fm3195,,,,0.134,,,,0.009
1659+399,60237.3,2023-10-20,fm3293,,0.118,,,,0.009,,
1659+399,60250.3,2023-11-02,fm3306,,0.128,,,,0.009,,
1659+399,60359.4,2024-02-19,fm4050,,0.116,0.12,,,0.008,0.008,
1659+399,60383.5,2024-03-14,fm4074,,,0.122,,,,0.008,
1659+399,60621.3,2024-11-07,fm4312,,0.119,0.122,0.099,,0.006,0.006,0.005
1659+399,60649.3,2024-12-05,fm4340,,,0.118,,,,0.006,
1659+399,60650.4,2024-12-06,fm4341,,,0.109,,,,0.005,
1659+399,60702.2,2025-01-27,fm5027,,,0.099,,,,0.005,
1659+399,60727.5,2025-02-21,fm5052,,0.109,0.102,,,0.006,0.006,
1659+399,60728.5,2025-02-22,fm5053,,0.102,0.107,,,0.007,0.006,
1659+399,60762.5,2025-03-28,fm5087,,,0.099,,,,0.006,
1659+399,60789.3,2025-04-24,fm5114,,0.108,,0.086,,0.005,,0.006
1659+399,60814.2,2025-05-19,fm5139,,,0.091,,,,0.006,
1659+399,60858.2,2025-07-02,fm5183,,0.117,,,,0.007,,
1659+399,60981.4,2025-11-02,fm5306,,,0.084,,,,0.006,
1659+399,61027.1,2025-12-18,fm5352,,,0.086,,,,0.005,
1659+399,61068.9,2026-01-28,fm6029,,,,0.09,,,,0.006
1659+399,61094.7,2026-02-23,fm6054,,0.112,,,,0.008,,
1659+399,61131.8,2026-04-01,fm6092,,,0.09,,,,0.006,
1659+399,61187.9,2026-05-27,fm6148,,,0.087,,,,0.006,
1659+399,61254.5,2026-08-02,fm6214,,,0.099,,,,0.007,
1705+018,59958.0,2023-01-14,fm3013,1.083,1.003,0.989,0.803,0.044,0.033,0.031,0.025
1705+018,59976.0,2023-01-31,fm3031,1.042,1.051,0.996,0.805,0.039,0.033,0.031,0.025
1705+018,60078.7,2023-05-14,fm3134,,,0.961,0.727,,,0.029,0.023
1705+018,60092.6,2023-05-28,fm3148,,,0.936,0.729,,,0.03,0.025
1705+018,60126.6,2023-07-01,fm3182,,0.994,0.911,0.712,,0.032,0.03,0.023
1705+018,60139.7,2023-07-14,fm3195,,1.022,0.925,0.711,,0.041,0.029,0.023
1705+018,60237.5,2023-10-20,fm3293,,0.952,0.91,0.676,,0.033,0.028,0.021
1705+018,60250.5,2023-11-02,fm3306,1.086,1.013,0.918,0.677,0.039,0.031,0.028,0.021
1705+018,60321.0,2024-01-12,fm4011,,0.959,0.882,0.625,,0.032,0.028,0.02
1705+018,60359.9,2024-02-19,fm4050,0.98,0.935,0.865,0.602,0.036,0.032,0.028,0.02
1705+018,60383.8,2024-03-14,fm4074,0.969,0.929,0.849,0.588,0.037,0.032,0.026,0.021
1705+018,60437.7,2024-05-07,fm4128,,0.949,0.844,0.571,,0.03,0.026,0.018
1705+018,60459.6,2024-05-29,vo4150,1.109,0.838,0.778,0.585,0.045,0.029,0.027,0.019
1705+018,60464.6,2024-06-03,fm4155,1.055,0.793,0.739,0.572,0.039,0.028,0.031,0.019
1705+018,60557.5,2024-09-04,vo4248,,,0.808,0.595,,,0.026,0.019
1705+018,60578.0,2024-09-25,vo4269,1.133,0.999,0.869,0.613,0.043,0.034,0.027,0.019
1705+018,60621.3,2024-11-07,fm4312,,0.87,0.807,0.555,,0.029,0.027,0.02
1705+018,60648.0,2024-12-04,vo4339,,0.836,0.814,0.56,,0.027,0.028,0.019
1705+018,60649.2,2024-12-05,fm4340,,0.893,0.837,0.599,,0.029,0.027,0.022
1705+018,60651.1,2024-12-07,fm4341,,0.846,0.763,0.532,,0.028,0.023,0.019
1705+018,60696.9,2025-01-21,vo5022,,0.871,0.794,0.558,,0.03,0.026,0.018
1705+018,60702.0,2025-01-27,fm5027,0.951,0.878,0.793,0.571,0.032,0.031,0.024,0.018
1705+018,60703.9,2025-01-28,vo5029,,0.876,0.771,0.559,,0.028,0.024,0.018
1705+018,60727.9,2025-02-21,fm5052,,0.878,0.775,0.565,,0.028,0.024,0.019
1705+018,60728.9,2025-02-22,fm5053,0.999,0.885,0.787,0.576,0.04,0.027,0.024,0.019
1705+018,60762.8,2025-03-28,fm5087,,0.855,0.768,0.545,,0.027,0.027,0.017
1705+018,60773.5,2025-04-08,vo5099,,0.857,0.76,0.522,,0.027,0.024,0.016
1705+018,60789.7,2025-04-24,fm5114,0.998,0.835,0.749,0.52,0.034,0.026,0.023,0.017
1705+018,60808.6,2025-05-13,vo5134,,0.888,0.745,0.529,,0.034,0.023,0.017
1705+018,60814.7,2025-05-19,fm5139,,0.828,0.764,0.531,,0.028,0.025,0.018
1705+018,60858.6,2025-07-02,fm5183,,0.838,0.77,0.544,,0.028,0.024,0.019
1705+018,60872.5,2025-07-16,fm5197,,0.793,,0.527,,0.031,,0.02
1705+018,60939.2,2025-09-21,fm5264,,0.783,0.642,0.467,,0.028,0.021,0.016
1705+018,60977.2,2025-10-29,vo5302,,0.825,0.746,0.524,,0.03,0.025,0.018
1705+018,60981.1,2025-11-02,fm5306,,0.74,0.678,0.46,,0.024,0.021,0.015
1705+018,61005.1,2025-11-26,vo5330,,0.806,0.729,0.518,,0.027,0.024,0.017
1705+018,61006.2,2025-11-27,fm5331,,0.818,0.725,0.522,,0.027,0.023,0.018
1705+018,61026.8,2025-12-17,fm5352,,0.789,0.707,0.496,,0.026,0.023,0.017
1705+018,61026.1,2025-12-17,vo5351,,0.789,0.718,0.522,,0.026,0.023,0.018
1705+018,61068.7,2026-01-28,fm6029,0.939,0.821,0.732,0.499,0.037,0.026,0.026,0.016
1705+018,61094.9,2026-02-23,fm6054,,0.839,0.735,0.506,,0.028,0.024,0.019
1705+018,61105.7,2026-03-06,fm6066,,0.811,0.727,0.504,,0.029,0.023,0.016
1705+018,61131.8,2026-04-01,fm6092,,0.827,0.734,0.511,,0.025,0.023,0.017
1705+018,61159.7,2026-04-29,fm6120,,0.782,0.718,,,0.029,0.023,
1705+018,61188.6,2026-05-28,fm6148,,,0.691,0.485,,,0.022,0.016
1705+018,61226.4,2026-07-05,fm6186,,0.779,0.692,0.498,,0.026,0.024,0.016
1705+018,61254.4,2026-08-02,fm6214,,0.793,0.697,0.485,,0.025,0.023,0.016
1705+018,61289.3,2026-09-06,fm6249,,0.796,0.72,0.495,,0.025,0.023,0.017
1706-174,59958.2,2023-01-14,fm3013,,0.321,0.303,0.284,,0.012,0.011,0.011
1706-174,59976.1,2023-02-01,fm3031,,0.334,0.309,0.283,,0.012,0.011,0.011
1706-174,60078.9,2023-05-14,fm3134,,,0.312,0.274,,,0.011,0.011
1706-174,60092.8,2023-05-28,fm3148,,,0.291,0.272,,,0.011,0.011
1706-174,60126.7,2023-07-01,fm3182,,0.308,0.304,0.294,,0.012,0.011,0.013
1706-174,60139.7,2023-07-14,fm3195,,,0.319,0.295,,,0.012,0.014
1706-174,60321.2,2024-01-12,fm4011,,0.325,0.335,0.352,,0.012,0.012,0.013
1706-174,60360.1,2024-02-20,fm4050,,0.364,0.376,0.37,,0.013,0.013,0.014
1706-174,60384.0,2024-03-15,fm4074,,0.378,0.347,0.363,,0.015,0.014,0.016
1706-174,60437.9,2024-05-07,fm4128,,,0.364,0.377,,,0.013,0.014
1706-174,60464.8,2024-06-03,fm4155,,0.383,0.389,0.39,,0.014,0.014,0.014
1706-174,60651.3,2024-12-07,fm4341,,,,0.365,,,,0.015
1706-174,60703.2,2025-01-28,fm5027,0.398,0.449,0.425,0.43,0.017,0.014,0.014,0.014
1706-174,60728.1,2025-02-22,fm5052,0.394,0.423,0.417,0.437,0.016,0.013,0.013,0.015
1706-174,60729.1,2025-02-23,fm5053,,0.418,0.438,,,0.014,0.014,
1706-174,60789.9,2025-04-24,fm5114,,0.418,0.41,0.418,,0.013,0.013,0.013
1706-174,60814.9,2025-05-19,fm5139,,0.391,0.389,0.396,,0.016,0.012,0.013
1706-174,60940.6,2025-09-22,fm5264,,0.391,0.423,0.414,,0.013,0.015,0.014
1706-174,61068.8,2026-01-28,fm6029,,0.496,0.496,0.475,,0.016,0.016,0.015
1706-174,61095.1,2026-02-24,fm6054,,0.512,0.507,0.488,,0.016,0.016,0.017
1706-174,61105.7,2026-03-06,fm6066,,0.503,0.494,0.483,,0.018,0.016,0.015
1706-174,61188.8,2026-05-28,fm6148,,,0.451,0.45,,,0.014,0.014
1706-174,61226.3,2026-07-05,fm6186,,0.484,0.479,0.469,,0.016,0.015,0.015
1706-174,61254.3,2026-08-02,fm6214,,0.475,0.469,0.443,,0.017,0.015,0.015
1717+178,59957.9,2023-01-13,fm3013,,0.807,0.795,0.741,,0.026,0.025,0.023
1717+178,59975.9,2023-01-31,fm3031,,0.797,0.79,0.764,,0.025,0.024,0.024
1717+178,60078.6,2023-05-14,fm3134,,0.768,0.737,0.699,,0.041,0.023,0.022
1717+178,60092.6,2023-05-28,fm3148,,,0.707,0.691,,,0.024,0.022
1717+178,60126.4,2023-07-01,fm3182,,0.707,0.702,0.68,,0.028,0.024,0.022
1717+178,60139.7,2023-07-14,fm3195,,0.759,0.743,0.716,,0.029,0.023,0.023
1717+178,60237.4,2023-10-20,fm3293,,0.727,0.718,0.714,,0.025,0.022,0.022
1717+178,60250.3,2023-11-02,fm3306,,0.708,0.707,0.695,,0.023,0.022,0.022
1717+178,60321.0,2024-01-11,fm4011,,0.701,0.688,0.655,,0.022,0.022,0.021
1717+178,60359.8,2024-02-19,fm4050,,0.678,0.662,0.629,,0.021,0.021,0.02
1717+178,60383.8,2024-03-14,fm4074,,0.675,0.658,0.64,,0.023,0.022,0.021
1717+178,60437.6,2024-05-07,fm4128,,0.572,0.597,0.556,,0.021,0.019,0.018
1717+178,60464.5,2024-06-03,fm4155,,,,0.574,,,,0.018
1717+178,60621.2,2024-11-07,fm4312,,0.608,0.611,0.558,,0.019,0.022,0.018
1717+178,60649.1,2024-12-05,fm4340,,0.621,0.599,0.576,,0.02,0.02,0.021
1717+178,60650.4,2024-12-06,fm4341,,0.574,0.561,0.535,,0.018,0.018,0.018
1717+178,60702.0,2025-01-27,fm5027,,0.604,0.59,0.552,,0.02,0.019,0.018
1717+178,60727.8,2025-02-21,fm5052,0.645,,0.619,,0.024,,0.023,
1717+178,60728.8,2025-02-22,fm5053,,0.615,0.574,0.582,,0.021,0.018,0.019
1717+178,60762.7,2025-03-28,fm5087,,0.554,0.557,0.537,,0.022,0.02,0.017
1717+178,60789.6,2025-04-24,fm5114,0.593,0.549,0.531,0.506,0.023,0.017,0.016,0.016
1717+178,60814.6,2025-05-19,fm5139,,,0.56,0.523,,,0.018,0.016
1717+178,60858.4,2025-07-02,fm5183,,,0.629,0.519,,,0.026,0.018
1717+178,60872.4,2025-07-16,fm5197,,0.545,,0.516,,0.022,,0.017
1717+178,60939.2,2025-09-21,fm5264,,,,0.513,,,,0.017
1717+178,60981.2,2025-11-02,fm5306,,0.519,0.501,0.482,,0.016,0.016,0.015
1717+178,61006.1,2025-11-27,fm5331,,0.569,0.555,0.537,,0.018,0.017,0.017
1717+178,61027.1,2025-12-18,fm5352,,0.551,0.542,0.549,,0.017,0.017,0.017
1717+178,61068.7,2026-01-28,fm6029,,0.566,0.557,0.554,,0.018,0.018,0.017
1717+178,61094.8,2026-02-23,fm6054,,0.573,0.583,0.556,,0.019,0.019,0.018
1717+178,61105.6,2026-03-06,fm6066,,0.603,0.578,0.568,,0.019,0.018,0.018
1717+178,61131.7,2026-04-01,fm6092,,0.594,0.566,0.554,,0.019,0.018,0.017
1717+178,61159.7,2026-04-29,fm6120,,0.577,0.585,0.56,,0.02,0.019,0.018
1717+178,61187.6,2026-05-27,fm6148,,0.592,0.579,0.571,,0.02,0.018,0.018
1717+178,61226.5,2026-07-05,fm6186,,0.583,0.576,0.569,,0.022,0.018,0.018
1717+178,61254.3,2026-08-02,fm6214,,,0.559,0.564,,,0.021,0.018
1717+178,61289.4,2026-09-06,fm6249,,0.591,0.599,,,0.02,0.02,
1725+044,59958.0,2023-01-14,fm3013,,0.859,0.903,1.016,,0.027,0.028,0.032
1725+044,59976.0,2023-01-31,fm3031,,0.906,0.941,0.961,,0.028,0.031,0.03
1725+044,60078.7,2023-05-14,fm3134,,,0.669,0.606,,,0.021,0.019
1725+044,60092.7,2023-05-28,fm3148,,,0.697,0.598,,,0.023,0.019
1725+044,60126.6,2023-07-01,fm3182,,0.592,0.57,0.547,,0.019,0.018,0.021
1725+044,60139.6,2023-07-14,fm3195,,0.618,0.528,0.533,,0.022,0.018,0.017
1725+044,60250.3,2023-11-02,fm3306,,0.596,0.631,0.682,,0.019,0.02,0.024
1725+044,60321.0,2024-01-12,fm4011,,0.667,0.683,0.65,,0.023,0.021,0.021
1725+044,60359.9,2024-02-19,fm4050,,0.665,0.651,0.6,,0.021,0.021,0.019
1725+044,60383.9,2024-03-14,fm4074,,0.629,0.618,0.603,,0.021,0.02,0.02
1725+044,60437.7,2024-05-07,fm4128,,0.552,0.605,0.572,,0.021,0.02,0.019
1725+044,60464.6,2024-06-03,fm4155,,0.609,0.606,0.611,,0.02,0.024,0.02
1725+044,60621.2,2024-11-07,fm4312,,0.774,0.78,0.735,,0.026,0.025,0.024
1725+044,60649.1,2024-12-05,fm4340,,0.776,0.786,0.766,,0.025,0.026,0.027
1725+044,60651.1,2024-12-07,fm4341,,0.735,0.756,0.709,,0.024,0.023,0.023
1725+044,60702.0,2025-01-26,fm5027,,0.806,0.767,0.725,,0.027,0.024,0.023
1725+044,60727.9,2025-02-21,fm5052,,0.77,0.755,0.74,,0.024,0.023,0.024
1725+044,60728.9,2025-02-22,fm5053,,0.751,0.751,0.741,,0.023,0.023,0.025
1725+044,60762.8,2025-03-28,fm5087,,0.708,0.705,0.664,,0.023,0.022,0.021
1725+044,60789.7,2025-04-24,fm5114,,0.74,0.723,0.659,,0.025,0.022,0.021
1725+044,60814.7,2025-05-19,fm5139,,,0.682,0.633,,,0.021,0.02
1725+044,60858.5,2025-07-02,fm5183,,0.677,0.647,0.654,,0.022,0.022,0.022
1725+044,60872.5,2025-07-16,fm5197,,0.662,,0.628,,0.026,,0.022
1725+044,60939.2,2025-09-21,fm5264,,0.622,0.599,0.566,,0.02,0.02,0.019
1725+044,60981.1,2025-11-02,fm5306,,0.539,0.527,0.494,,0.017,0.017,0.017
1725+044,61005.9,2025-11-26,fm5331,,0.592,0.588,0.587,,0.019,0.019,0.02
1725+044,61027.2,2025-12-18,fm5352,,0.604,0.601,0.557,,0.02,0.019,0.019
1725+044,61068.7,2026-01-28,fm6029,,0.575,0.559,0.565,,0.021,0.018,0.018
1725+044,61094.9,2026-02-23,fm6054,,0.551,0.551,0.61,,0.02,0.018,0.02
1725+044,61105.6,2026-03-06,fm6066,0.648,0.569,0.58,0.657,0.034,0.023,0.019,0.021
1725+044,61131.8,2026-04-01,fm6092,0.567,0.594,0.62,0.706,0.025,0.019,0.019,0.022
1725+044,61159.7,2026-04-29,fm6120,,,0.595,,,,0.021,
1725+044,61188.6,2026-05-28,fm6148,,0.612,0.696,0.711,,0.028,0.022,0.022
1725+044,61226.4,2026-07-05,fm6186,,0.669,0.694,0.699,,0.022,0.022,0.022
1725+044,61254.4,2026-08-02,fm6214,,0.69,0.697,0.678,,0.024,0.023,0.021
1725+044,61289.3,2026-09-06,fm6249,,0.692,0.707,0.675,,0.022,0.022,0.024
1725+123,61054.3,2026-01-14,vo6014,,0.637,0.662,0.774,,0.022,0.023,0.026
1725+123,61130.6,2026-03-31,vo6091,,0.567,0.58,0.647,,0.019,0.02,0.02
1725+123,61158.6,2026-04-28,vo6119,,,0.466,0.524,,,0.019,0.018
1726+455,60620.0,2024-11-06,vo4311,,0.572,0.59,0.681,,0.02,0.018,0.021
1726+455,61130.6,2026-03-31,vo6091,,0.893,0.924,0.977,,0.028,0.03,0.03
1726+455,61201.5,2026-06-10,vo6162,,0.897,0.873,0.775,,0.03,0.027,0.024
1726+455,61235.6,2026-07-14,vo6196,,,0.725,0.635,,,0.024,0.02
1730-130,59958.2,2023-01-14,fm3013,,4.533,4.408,4.104,,0.139,0.133,0.124
1730-130,59976.1,2023-02-01,fm3031,5.063,4.552,4.437,4.095,0.182,0.139,0.133,0.124
1730-130,60078.8,2023-05-14,fm3134,,4.559,4.465,4.155,,0.156,0.141,0.126
1730-130,60092.8,2023-05-28,fm3148,5.082,,4.379,4.021,0.21,,0.139,0.121
1730-130,60126.7,2023-07-01,fm3182,4.898,4.407,4.281,3.959,0.179,0.143,0.129,0.119
1730-130,60139.8,2023-07-14,fm3195,5.148,4.273,4.297,4.022,0.192,0.133,0.131,0.121
1730-130,60321.2,2024-01-12,fm4011,,3.933,3.858,3.353,,0.121,0.116,0.103
1730-130,60360.1,2024-02-20,fm4050,4.625,3.889,3.728,3.304,0.163,0.127,0.113,0.1
1730-130,60384.0,2024-03-14,fm4074,4.541,4.015,3.815,3.328,0.171,0.128,0.118,0.104
1730-130,60437.8,2024-05-07,fm4128,4.407,3.932,3.741,3.21,0.165,0.125,0.113,0.097
1730-130,60464.8,2024-06-03,fm4155,4.458,3.731,3.541,3.091,0.141,0.121,0.107,0.094
1730-130,60621.2,2024-11-07,fm4312,4.125,3.778,3.749,3.792,0.156,0.119,0.128,0.115
1730-130,60649.1,2024-12-05,fm4340,,3.938,3.934,3.877,,0.124,0.126,0.129
1730-130,60651.2,2024-12-07,fm4341,,3.769,3.743,3.644,,0.114,0.113,0.11
1730-130,60702.0,2025-01-27,fm5027,3.923,3.801,3.772,3.718,0.156,0.122,0.114,0.113
1730-130,60728.0,2025-02-22,fm5052,4.132,3.983,4.031,4.05,0.127,0.121,0.121,0.122
1730-130,60729.0,2025-02-23,fm5053,4.11,3.985,4.036,4.102,0.143,0.124,0.122,0.125
1730-130,60763.0,2025-03-28,fm5087,3.954,4.002,4.002,3.82,0.132,0.125,0.121,0.115
1730-130,60789.9,2025-04-24,fm5114,3.993,4.148,4.081,3.775,0.139,0.132,0.123,0.114
1730-130,60814.8,2025-05-19,fm5139,,4.195,4.15,3.923,,0.128,0.125,0.119
1730-130,60858.7,2025-07-02,fm5183,4.268,4.087,4.071,3.919,0.135,0.124,0.123,0.122
1730-130,60872.6,2025-07-16,fm5197,,3.909,,3.727,,0.136,,0.113
1730-130,60939.1,2025-09-21,fm5264,,3.665,3.699,3.655,,0.119,0.114,0.111
1730-130,60981.1,2025-11-02,fm5306,3.75,4.093,4.116,3.8,0.115,0.124,0.124,0.115
1730-130,61006.3,2025-11-27,fm5331,4.196,4.388,4.536,4.263,0.184,0.146,0.137,0.13
1730-130,61054.2,2026-01-14,vo6014,,4.388,4.483,,,0.145,0.144,
1730-130,61068.7,2026-01-28,fm6029,4.353,4.527,4.49,4.068,0.158,0.144,0.136,0.123
1730-130,61095.0,2026-02-24,fm6054,4.573,4.367,4.26,4.022,0.148,0.134,0.128,0.122
1730-130,61096.0,2026-02-25,vo6056,,4.137,4.196,3.814,,0.127,0.13,0.118
1730-130,61105.7,2026-03-06,fm6066,4.488,4.242,4.228,3.879,0.157,0.131,0.127,0.117
1730-130,61130.9,2026-03-31,vo6091,,4.326,4.398,3.886,,0.141,0.135,0.12
1730-130,61131.7,2026-04-01,fm6092,4.592,4.574,4.519,4.036,0.152,0.138,0.136,0.122
1730-130,61159.6,2026-04-29,fm6120,,4.467,4.409,3.897,,0.14,0.133,0.119
1730-130,61187.7,2026-05-27,fm6148,,4.595,4.582,3.879,,0.153,0.139,0.118
1730-130,61202.8,2026-06-11,vo6162,,4.575,4.385,3.753,,0.145,0.137,0.118
1730-130,61226.3,2026-07-05,fm6186,,4.497,4.303,3.667,,0.136,0.133,0.112
1730-130,61254.3,2026-08-02,fm6214,,4.71,4.532,3.822,,0.154,0.138,0.115
1730-130,61289.3,2026-09-06,fm6249,,4.451,4.308,3.717,,0.144,0.132,0.115
1732+389,60557.1,2024-09-04,vo4248,,1.157,1.168,1.185,,0.038,0.036,0.036
1732+389,60592.0,2024-10-09,vo4283,,1.213,1.251,1.274,,0.038,0.038,0.038
1732+389,60648.1,2024-12-04,vo4339,,1.164,1.177,1.196,,0.04,0.037,0.037
1732+389,60655.1,2024-12-11,vo4346,,1.09,1.199,1.144,,0.034,0.036,0.035
1732+389,60696.5,2025-01-21,vo5022,,0.966,0.967,1.035,,0.03,0.03,0.032
1732+389,60703.6,2025-01-28,vo5029,,0.903,0.916,1.001,,0.028,0.028,0.03
1732+389,60717.5,2025-02-11,vo5043,,0.878,0.889,0.94,,0.027,0.027,0.029
1732+389,60808.6,2025-05-13,vo5134,,0.876,0.874,0.916,,0.028,0.027,0.028
1732+389,60955.5,2025-10-07,vo5281,,0.947,1.006,1.149,,0.031,0.033,0.035
1732+389,61005.0,2025-11-26,vo5330,,0.999,1.025,1.102,,0.032,0.032,0.034
1732+389,61025.6,2025-12-16,vo5351,,1.03,1.019,1.017,,0.033,0.033,0.032
1732+389,61054.1,2026-01-14,vo6014,,0.951,0.9,0.921,,0.032,0.03,0.03
1732+389,61095.8,2026-02-24,vo6056,,0.92,0.912,0.907,,0.032,0.033,0.028
1732+389,61130.6,2026-03-31,vo6091,,0.917,0.926,0.956,,0.03,0.03,0.03
1732+389,61249.6,2026-07-28,vo6210,,1.004,1.013,1.065,,0.041,0.033,0.034
1737-081,59958.1,2023-01-14,fm3013,,,0.478,0.483,,,0.016,0.025
1737-081,59976.1,2023-02-01,fm3031,,0.419,0.353,,,0.015,0.013,
1737-081,60078.8,2023-05-14,fm3134,,,0.22,,,,0.01,
1737-081,60092.7,2023-05-28,fm3148,,,0.226,,,,0.01,
1737-081,60126.6,2023-07-01,fm3182,,,0.335,,,,0.012,
1737-081,60139.8,2023-07-14,fm3195,,,0.305,,,,0.013,
1737-081,60237.4,2023-10-20,fm3293,,,0.403,0.395,,,0.014,0.016
1737-081,60321.2,2024-01-12,fm4011,,,0.341,,,,0.012,
1737-081,60360.0,2024-02-20,fm4050,,,0.29,,,,0.011,
1737-081,60384.0,2024-03-14,fm4074,,,0.299,0.382,,,0.011,0.018
1737-081,60437.8,2024-05-07,fm4128,,,0.314,,,,0.011,
1737-081,60464.7,2024-06-03,fm4155,,0.299,0.305,0.395,,0.013,0.011,0.017
1737-081,60651.2,2024-12-07,fm4341,,,0.337,,,,0.013,
1737-081,60703.1,2025-01-28,fm5027,,0.305,0.37,,,0.014,0.012,
1737-081,60728.0,2025-02-22,fm5052,,0.337,0.34,,,0.012,0.011,
1737-081,60729.0,2025-02-23,fm5053,,,0.351,,,,0.012,
1737-081,60762.9,2025-03-28,fm5087,,,,0.355,,,,0.013
1737-081,60789.8,2025-04-24,fm5114,,,0.374,0.37,,,0.014,0.013
1737-081,60814.8,2025-05-19,fm5139,,,0.368,0.375,,,0.012,0.014
1737-081,60858.6,2025-07-02,fm5183,,,0.337,,,,0.011,
1737-081,60872.6,2025-07-16,fm5197,,,,0.355,,,,0.014
1737-081,61006.0,2025-11-26,fm5331,,,0.394,,,,0.013,
1737-081,61026.9,2025-12-17,fm5352,,,0.416,0.425,,,0.014,0.014
1737-081,61068.8,2026-01-28,fm6029,,0.391,0.406,0.484,,0.013,0.013,0.016
1737-081,61095.9,2026-02-24,vo6056,,,,0.384,,,,0.019
1737-081,61105.7,2026-03-06,fm6066,,,0.406,0.438,,,0.014,0.019
1737-081,61159.7,2026-04-29,fm6120,,,0.427,,,,0.014,
1737-081,61201.7,2026-06-10,vo6162,,,0.416,,,,0.029,
1737-081,61226.3,2026-07-05,fm6186,,,0.449,0.537,,,0.014,0.021
1737-081,61254.3,2026-08-02,fm6214,,0.422,0.444,0.424,,0.015,0.014,0.015
1737-081,61289.3,2026-09-06,fm6249,,0.394,,0.41,,0.015,,0.018
1741-038,59958.1,2023-01-14,fm3013,,3.747,3.654,3.429,,0.125,0.111,0.104
1741-038,59976.0,2023-02-01,fm3031,3.79,3.775,3.681,3.338,0.134,0.118,0.111,0.101
1741-038,60078.8,2023-05-14,fm3134,,3.207,3.102,2.81,,0.113,0.094,0.086
1741-038,60092.7,2023-05-28,fm3148,3.284,,3.11,2.852,0.144,,0.097,0.087
1741-038,60126.8,2023-07-01,fm3182,,3.402,3.233,2.872,,0.12,0.102,0.089
1741-038,60139.6,2023-07-14,fm3195,,3.324,3.16,2.86,,0.101,0.097,0.086
1741-038,60237.4,2023-10-20,fm3293,3.396,3.132,2.996,2.803,0.104,0.101,0.09,0.085
1741-038,60243.3,2023-10-26,vo3299,,3.106,2.934,2.653,,0.096,0.09,0.081
1741-038,60321.1,2024-01-12,fm4011,,2.766,2.699,2.531,,0.087,0.082,0.077
1741-038,60360.0,2024-02-20,fm4050,3.234,2.797,2.65,2.556,0.101,0.09,0.08,0.077
1741-038,60383.9,2024-03-14,fm4074,3.055,2.707,2.639,2.567,0.11,0.094,0.08,0.078
1741-038,60417.8,2024-04-17,vo4108,,2.555,2.365,2.38,,0.08,0.075,0.073
1741-038,60424.7,2024-04-24,vo4115,,2.375,2.311,2.324,,0.074,0.07,0.071
1741-038,60437.8,2024-05-07,fm4128,2.839,2.615,2.563,2.492,0.099,0.083,0.078,0.075
1741-038,60459.7,2024-05-29,vo4150,,2.774,2.641,2.681,,0.084,0.081,0.083
1741-038,60464.7,2024-06-03,fm4155,3.017,2.732,2.591,2.543,0.103,0.085,0.088,0.078
1741-038,60557.5,2024-09-04,vo4248,,,2.47,2.688,,,0.081,0.084
1741-038,60578.4,2024-09-25,vo4269,2.864,2.586,2.518,2.802,0.09,0.079,0.076,0.085
1741-038,60592.0,2024-10-09,vo4283,,2.329,2.383,2.694,,0.075,0.072,0.082
1741-038,60620.0,2024-11-06,vo4311,2.407,2.365,2.385,2.774,0.078,0.081,0.072,0.084
1741-038,60621.2,2024-11-07,fm4312,,2.362,2.395,2.736,,0.073,0.072,0.083
1741-038,60648.0,2024-12-04,vo4339,,2.525,2.657,3.078,,0.089,0.081,0.094
1741-038,60649.1,2024-12-05,fm4340,,2.694,2.785,3.21,,0.085,0.089,0.107
1741-038,60651.2,2024-12-07,fm4341,,2.522,2.62,3.005,,0.081,0.08,0.091
1741-038,60655.0,2024-12-11,vo4346,,2.626,2.947,3.19,,0.082,0.09,0.096
1741-038,60697.1,2025-01-22,vo5022,,2.517,2.558,3.093,,0.079,0.078,0.095
1741-038,60702.0,2025-01-27,fm5027,2.703,2.487,2.553,3.109,0.096,0.077,0.078,0.094
1741-038,60704.1,2025-01-29,vo5029,,2.488,2.538,3.072,,0.077,0.078,0.094
1741-038,60718.0,2025-02-12,vo5043,,2.286,2.355,2.915,,0.069,0.071,0.088
1741-038,60728.0,2025-02-21,fm5052,2.482,2.257,2.354,3.051,0.078,0.068,0.071,0.092
1741-038,60729.0,2025-02-22,fm5053,,2.224,2.347,3.115,,0.069,0.072,0.095
1741-038,60762.9,2025-03-28,fm5087,2.61,2.52,2.623,3.174,0.093,0.079,0.079,0.096
1741-038,60773.5,2025-04-08,vo5099,,2.44,2.513,3.028,,0.074,0.076,0.092
1741-038,60789.8,2025-04-24,fm5114,2.732,2.484,2.576,3.173,0.094,0.076,0.078,0.096
1741-038,60808.5,2025-05-13,vo5134,,2.401,2.47,3.044,,0.077,0.075,0.092
1741-038,60814.7,2025-05-19,fm5139,2.507,2.492,2.57,3.21,0.091,0.08,0.078,0.097
1741-038,60851.7,2025-06-25,vo5176,2.499,2.418,,3.287,0.079,0.073,,0.1
1741-038,60858.6,2025-07-02,fm5183,2.46,2.47,2.606,3.299,0.082,0.079,0.083,0.102
1741-038,60872.6,2025-07-16,fm5197,,2.328,,3.282,,0.081,,0.1
1741-038,60907.4,2025-08-20,vo5232,,2.345,2.564,3.45,,0.074,0.077,0.104
1741-038,60939.2,2025-09-21,fm5264,,2.444,2.633,3.496,,0.081,0.082,0.106
1741-038,60956.4,2025-10-08,vo5281,,2.553,2.758,3.645,,0.078,0.085,0.11
1741-038,60977.2,2025-10-29,vo5302,,2.372,2.558,3.661,,0.073,0.078,0.112
1741-038,60981.1,2025-11-02,fm5306,2.077,2.201,2.4,3.319,0.065,0.069,0.073,0.101
1741-038,61005.1,2025-11-26,vo5330,,2.411,2.662,3.717,,0.079,0.081,0.113
1741-038,61006.2,2025-11-27,fm5331,,2.432,2.665,3.743,,0.074,0.081,0.114
1741-038,61026.8,2025-12-17,fm5352,,2.323,2.514,3.687,,0.071,0.08,0.112
1741-038,61026.2,2025-12-17,vo5351,,2.313,2.531,3.702,,0.076,0.078,0.112
1741-038,61054.0,2026-01-14,vo6014,,2.308,2.547,3.618,,0.073,0.079,0.112
1741-038,61069.0,2026-01-29,fm6029,2.411,2.463,2.693,3.844,0.085,0.077,0.082,0.117
1741-038,61089.2,2026-02-18,vo6049,,2.467,2.782,4.091,,0.078,0.086,0.13
1741-038,61095.9,2026-02-24,vo6056,2.191,2.312,2.557,3.772,0.086,0.071,0.079,0.115
1741-038,61095.0,2026-02-24,fm6054,2.312,2.448,2.634,3.937,0.104,0.087,0.082,0.121
1741-038,61105.6,2026-03-06,fm6066,2.162,2.27,2.531,3.818,0.118,0.08,0.077,0.116
1741-038,61130.8,2026-03-31,vo6091,,2.407,2.791,4.098,,0.079,0.087,0.126
1741-038,61131.7,2026-04-01,fm6092,2.209,2.511,2.859,4.265,0.087,0.079,0.09,0.131
1741-038,61158.5,2026-04-28,vo6119,,2.376,2.626,3.959,,0.076,0.082,0.121
1741-038,61159.7,2026-04-29,fm6120,,2.408,2.652,3.971,,0.081,0.082,0.12
1741-038,61187.7,2026-05-27,fm6148,,2.554,2.779,4.001,,0.082,0.088,0.121
1741-038,61201.6,2026-06-10,vo6162,,2.487,2.802,4.044,,0.076,0.086,0.124
1741-038,61226.3,2026-07-05,fm6186,,2.464,2.786,3.966,,0.082,0.087,0.121
1741-038,61235.5,2026-07-14,vo6196,,,2.815,4.031,,,0.088,0.122
1741-038,61249.5,2026-07-28,vo6210,,2.885,3.024,4.209,,0.105,0.097,0.129
1741-038,61254.3,2026-08-02,fm6214,,2.654,3.002,4.104,,0.083,0.092,0.124
1741-038,61289.4,2026-09-06,fm6249,,2.498,2.955,4.012,,0.094,0.096,0.124
1742-078,61089.2,2026-02-18,vo6049,,,1.03,,,,0.039,
1742-078,61236.9,2026-07-15,vo6196,,,1.133,,,,0.054,
1745+624,59957.6,2023-01-13,fm3013,,0.492,0.415,0.313,,0.016,0.013,0.011
1745+624,59975.7,2023-01-31,fm3031,,0.463,0.422,0.301,,0.015,0.014,0.011
1745+624,60078.2,2023-05-14,fm3134,,,0.433,0.3,,,0.014,0.011
1745+624,60092.2,2023-05-28,fm3148,,,0.43,0.319,,,0.014,0.011
1745+624,60127.0,2023-07-02,fm3182,,0.523,0.445,0.319,,0.019,0.015,0.016
1745+624,60139.4,2023-07-14,fm3195,,,0.444,0.324,,,0.015,0.012
1745+624,60237.3,2023-10-20,fm3293,,0.511,0.447,0.341,,0.018,0.015,0.012
1745+624,60250.4,2023-11-02,fm3306,,0.483,0.436,0.338,,0.017,0.015,0.013
1745+624,60320.4,2024-01-11,fm4011,,0.507,0.456,0.337,,0.017,0.015,0.012
1745+624,60359.4,2024-02-19,fm4050,,0.498,0.442,0.338,,0.017,0.014,0.012
1745+624,60383.5,2024-03-14,fm4074,,0.476,0.445,0.332,,0.017,0.016,0.014
1745+624,60437.0,2024-05-07,fm4128,,,0.449,,,,0.014,
1745+624,60464.4,2024-06-03,fm4155,,0.461,0.439,0.318,,0.017,0.017,0.012
1745+624,60621.4,2024-11-07,fm4312,,0.526,0.491,0.362,,0.017,0.016,0.012
1745+624,60649.3,2024-12-05,fm4340,,0.565,0.512,0.409,,0.019,0.017,0.016
1745+624,60650.5,2024-12-06,fm4341,,0.544,0.49,0.372,,0.02,0.015,0.013
1745+624,60702.2,2025-01-27,fm5027,0.67,0.541,0.502,0.396,0.024,0.019,0.015,0.013
1745+624,60727.3,2025-02-21,fm5052,,0.548,0.501,0.381,,0.018,0.016,0.013
1745+624,60728.4,2025-02-22,fm5053,,0.546,0.522,0.405,,0.017,0.016,0.013
1745+624,60762.5,2025-03-28,fm5087,,0.549,0.514,0.406,,0.017,0.016,0.013
1745+624,60789.1,2025-04-24,fm5114,,0.569,0.522,0.408,,0.018,0.016,0.014
1745+624,60814.2,2025-05-19,fm5139,,0.574,0.522,0.41,,0.018,0.017,0.013
1745+624,60858.1,2025-07-02,fm5183,,0.571,0.523,0.423,,0.019,0.017,0.015
1745+624,60872.2,2025-07-16,fm5197,,0.56,,0.41,,0.019,,0.014
1745+624,60939.4,2025-09-21,fm5264,,0.591,0.526,0.418,,0.019,0.018,0.014
1745+624,60981.4,2025-11-02,fm5306,,0.584,0.548,0.435,,0.018,0.017,0.014
1745+624,61006.1,2025-11-27,fm5331,,0.573,0.555,0.436,,0.018,0.017,0.015
1745+624,61027.2,2025-12-18,fm5352,0.632,0.564,0.54,0.429,0.03,0.018,0.017,0.014
1745+624,61068.9,2026-01-28,fm6029,,0.594,0.551,0.454,,0.02,0.017,0.015
1745+624,61094.4,2026-02-23,fm6054,,0.598,0.56,0.449,,0.019,0.017,0.014
1745+624,61105.9,2026-03-06,fm6066,0.743,0.595,0.559,0.451,0.032,0.019,0.017,0.014
1745+624,61131.8,2026-04-01,fm6092,,0.586,0.578,0.466,,0.02,0.018,0.015
1745+624,61159.9,2026-04-29,fm6120,,0.583,0.58,0.462,,0.02,0.019,0.015
1745+624,61187.9,2026-05-27,fm6148,,0.631,0.59,0.481,,0.023,0.018,0.015
1745+624,61226.4,2026-07-05,fm6186,,0.616,0.592,0.501,,0.021,0.019,0.016
1745+624,61254.5,2026-08-02,fm6214,,0.619,0.601,0.498,,0.02,0.019,0.016
1745+624,61289.5,2026-09-06,fm6249,,0.639,0.593,0.51,,0.02,0.02,0.017
1746+470,59957.6,2023-01-13,fm3013,,0.535,0.542,0.526,,0.017,0.017,0.018
1746+470,59975.7,2023-01-31,fm3031,,0.497,0.522,0.516,,0.017,0.016,0.017
1746+470,60078.2,2023-05-14,fm3134,,0.482,0.479,0.473,,0.018,0.015,0.017
1746+470,60092.2,2023-05-28,fm3148,,,0.456,0.479,,,0.015,0.016
1746+470,60126.6,2023-07-01,fm3182,,0.536,0.522,0.538,,0.018,0.017,0.018
1746+470,60139.6,2023-07-14,fm3195,,0.528,0.533,0.545,,0.018,0.017,0.018
1746+470,60237.3,2023-10-20,fm3293,,0.506,0.519,0.518,,0.019,0.016,0.017
1746+470,60250.4,2023-11-02,fm3306,,0.471,0.479,0.507,,0.017,0.015,0.017
1746+470,60320.4,2024-01-11,fm4011,,0.553,0.565,0.55,,0.02,0.018,0.018
1746+470,60359.4,2024-02-19,fm4050,,0.548,0.537,0.535,,0.018,0.017,0.018
1746+470,60383.8,2024-03-14,fm4074,,0.511,0.553,0.536,,0.018,0.019,0.019
1746+470,60417.1,2024-04-17,vo4108,,0.572,0.572,0.562,,0.018,0.018,0.017
1746+470,60424.0,2024-04-24,vo4115,,0.508,0.516,0.538,,0.016,0.016,0.017
1746+470,60437.0,2024-05-07,fm4128,,0.552,0.565,0.53,,0.018,0.018,0.017
1746+470,60464.5,2024-06-03,fm4155,,0.529,0.535,0.525,,0.018,0.017,0.017
1746+470,60621.4,2024-11-07,fm4312,,0.465,0.449,0.427,,0.015,0.014,0.013
1746+470,60649.4,2024-12-05,fm4340,,0.441,0.456,0.442,,0.015,0.015,0.016
1746+470,60650.5,2024-12-06,fm4341,,0.442,0.442,0.427,,0.014,0.014,0.014
1746+470,60702.1,2025-01-27,fm5027,,0.474,0.47,0.458,,0.015,0.015,0.014
1746+470,60727.3,2025-02-21,fm5052,,0.456,0.457,0.452,,0.014,0.014,0.014
1746+470,60728.4,2025-02-22,fm5053,,0.445,0.45,0.457,,0.014,0.014,0.015
1746+470,60762.5,2025-03-28,fm5087,,0.42,0.404,0.415,,0.013,0.013,0.013
1746+470,60789.1,2025-04-24,fm5114,,0.428,0.436,0.431,,0.014,0.013,0.014
1746+470,60814.2,2025-05-19,fm5139,,0.435,0.44,0.443,,0.015,0.014,0.014
1746+470,60858.1,2025-07-02,fm5183,,0.479,0.496,0.508,,0.015,0.016,0.017
1746+470,60872.1,2025-07-16,fm5197,,0.56,,0.565,,0.019,,0.018
1746+470,60939.3,2025-09-21,fm5264,,0.552,0.547,0.565,,0.02,0.017,0.018
1746+470,60981.4,2025-11-02,fm5306,,0.548,0.552,0.56,,0.017,0.017,0.018
1746+470,61006.2,2025-11-27,fm5331,,0.577,0.598,0.601,,0.02,0.018,0.019
1746+470,61027.1,2025-12-18,fm5352,,0.645,0.645,0.635,,0.022,0.02,0.02
1746+470,61068.9,2026-01-28,fm6029,,0.593,0.592,0.579,,0.02,0.018,0.018
1746+470,61094.5,2026-02-23,fm6054,,0.563,0.575,0.593,,0.018,0.018,0.018
1746+470,61105.9,2026-03-06,fm6066,,0.617,0.616,0.598,,0.019,0.019,0.018
1746+470,61131.9,2026-04-01,fm6092,,0.573,0.588,0.583,,0.019,0.018,0.018
1746+470,61159.9,2026-04-29,fm6120,,,0.551,0.553,,,0.017,0.017
1746+470,61187.9,2026-05-27,fm6148,,0.539,0.533,0.544,,0.02,0.017,0.017
1746+470,61226.4,2026-07-05,fm6186,,0.554,0.562,0.573,,0.018,0.017,0.018
1746+470,61254.5,2026-08-02,fm6214,,0.613,0.595,0.601,,0.02,0.02,0.019
1746+470,61289.5,2026-09-06,fm6249,,0.515,0.538,0.567,,0.017,0.017,0.019
1749+096,59958.0,2023-01-14,fm3013,,2.165,2.305,2.541,,0.067,0.071,0.077
1749+096,59976.0,2023-01-31,fm3031,1.746,1.966,2.12,2.419,0.061,0.06,0.065,0.073
1749+096,60078.7,2023-05-14,fm3134,,2.294,2.358,2.559,,0.087,0.077,0.079
1749+096,60092.6,2023-05-28,fm3148,,,2.18,2.317,,,0.068,0.07
1749+096,60126.5,2023-07-01,fm3182,1.733,1.848,1.886,1.977,0.061,0.059,0.058,0.06
1749+096,60139.6,2023-07-14,fm3195,1.747,1.954,2.025,2.172,0.063,0.063,0.062,0.066
1749+096,60237.4,2023-10-20,fm3293,,1.904,2.003,2.182,,0.061,0.061,0.066
1749+096,60244.2,2023-10-27,vo3299,,2.051,2.048,2.147,,0.063,0.063,0.065
1749+096,60250.5,2023-11-02,fm3306,,1.824,1.864,2.044,,0.055,0.056,0.062
1749+096,60321.0,2024-01-12,fm4011,,1.887,1.96,2.284,,0.059,0.06,0.069
1749+096,60359.9,2024-02-19,fm4050,1.933,2.083,2.127,2.33,0.067,0.064,0.066,0.071
1749+096,60383.8,2024-03-14,fm4074,1.533,1.803,1.829,1.902,0.059,0.062,0.056,0.058
1749+096,60417.9,2024-04-17,vo4108,,1.651,,1.714,,0.075,,0.058
1749+096,60424.6,2024-04-24,vo4115,,1.701,1.803,1.906,,0.064,0.058,0.058
1749+096,60437.7,2024-05-07,fm4128,1.803,1.743,1.917,2.122,0.072,0.069,0.06,0.064
1749+096,60459.7,2024-05-29,vo4150,,1.773,1.981,2.332,,0.081,0.06,0.073
1749+096,60464.6,2024-06-03,fm4155,1.837,1.894,2.079,2.271,0.063,0.064,0.074,0.074
1749+096,60557.4,2024-09-04,vo4248,,,2.072,2.239,,,0.064,0.069
1749+096,60592.0,2024-10-09,vo4283,,1.959,1.976,2.009,,0.059,0.06,0.061
1749+096,60620.0,2024-11-06,vo4311,1.737,1.791,1.805,1.947,0.055,0.06,0.055,0.059
1749+096,60621.2,2024-11-07,fm4312,1.807,1.797,1.734,1.903,0.057,0.059,0.059,0.058
1749+096,60648.0,2024-12-04,vo4339,,1.667,1.681,1.856,,0.057,0.053,0.056
1749+096,60649.2,2024-12-05,fm4340,,1.6,1.697,1.83,,0.054,0.054,0.062
1749+096,60651.1,2024-12-07,fm4341,,1.59,1.639,1.754,,0.052,0.05,0.054
1749+096,60655.0,2024-12-11,vo4346,,1.647,1.802,1.816,,0.05,0.056,0.056
1749+096,60696.9,2025-01-21,vo5022,,1.416,1.426,1.608,,0.045,0.043,0.049
1749+096,60702.0,2025-01-27,fm5027,1.508,1.587,1.607,1.784,0.051,0.051,0.049,0.054
1749+096,60703.9,2025-01-28,vo5029,,1.561,1.568,1.774,,0.047,0.047,0.054
1749+096,60717.9,2025-02-11,vo5043,,1.429,1.486,1.752,,0.043,0.045,0.053
1749+096,60727.9,2025-02-21,fm5052,1.46,1.501,1.571,1.949,0.049,0.045,0.048,0.059
1749+096,60728.9,2025-02-22,fm5053,,1.54,1.631,,,0.048,0.049,
1749+096,60762.8,2025-03-28,fm5087,1.417,1.479,1.554,1.702,0.047,0.046,0.049,0.052
1749+096,60773.5,2025-04-08,vo5099,,1.489,1.517,1.643,,0.045,0.046,0.05
1749+096,60789.7,2025-04-24,fm5114,1.403,1.461,1.511,1.706,0.051,0.046,0.047,0.053
1749+096,60808.5,2025-05-13,vo5134,,1.562,1.58,1.783,,0.05,0.048,0.054
1749+096,60814.6,2025-05-19,fm5139,,1.588,1.582,1.833,,0.052,0.051,0.056
1749+096,60858.5,2025-07-02,fm5183,,1.642,1.653,1.95,,0.052,0.051,0.061
1749+096,60872.5,2025-07-16,fm5197,,1.522,,1.805,,0.056,,0.055
1749+096,60907.3,2025-08-20,vo5232,,1.392,1.521,1.979,,0.047,0.046,0.06
1749+096,60939.2,2025-09-21,fm5264,,1.488,1.614,2.015,,0.045,0.049,0.062
1749+096,60956.2,2025-10-08,vo5281,,1.415,1.536,1.967,,0.044,0.047,0.06
1749+096,60981.1,2025-11-02,fm5306,1.136,1.312,1.381,1.766,0.039,0.041,0.042,0.054
1749+096,61005.1,2025-11-26,vo5330,,1.373,1.447,1.948,,0.044,0.044,0.06
1749+096,61005.9,2025-11-26,fm5331,,1.394,1.474,1.962,,0.045,0.046,0.06
1749+096,61027.2,2025-12-18,fm5352,,1.384,1.511,2.259,,0.043,0.046,0.07
1749+096,61054.0,2026-01-13,vo6014,,1.293,1.473,2.335,,0.043,0.046,0.072
1749+096,61068.7,2026-01-28,fm6029,1.093,1.544,1.731,2.63,0.038,0.051,0.053,0.08
1749+096,61089.2,2026-02-18,vo6049,,1.433,1.683,2.578,,0.058,0.057,0.081
1749+096,61095.0,2026-02-23,fm6054,1.175,1.485,1.651,2.422,0.053,0.046,0.052,0.074
1749+096,61095.9,2026-02-24,vo6056,,1.498,1.652,2.409,,0.048,0.052,0.073
1749+096,61105.6,2026-03-06,fm6066,,1.535,1.691,2.412,,0.055,0.057,0.073
1749+096,61130.6,2026-03-31,vo6091,,1.561,1.742,2.34,,0.05,0.057,0.073
1749+096,61131.7,2026-04-01,fm6092,1.35,1.599,1.79,2.479,0.048,0.053,0.056,0.076
1749+096,61158.6,2026-04-28,vo6119,,1.532,1.785,2.73,,0.056,0.056,0.083
1749+096,61159.7,2026-04-29,fm6120,,1.637,1.902,2.682,,0.059,0.061,0.081
1749+096,61187.7,2026-05-27,fm6148,,1.539,1.727,2.478,,0.049,0.055,0.075
1749+096,61201.6,2026-06-10,vo6162,,1.618,1.784,2.458,,0.051,0.055,0.075
1749+096,61226.4,2026-07-05,fm6186,,1.611,1.817,2.577,,0.051,0.06,0.08
1749+096,61235.6,2026-07-14,vo6196,,,1.956,2.707,,,0.067,0.087
1749+096,61249.6,2026-07-28,vo6210,,1.783,1.983,2.765,,0.06,0.065,0.085
1749+096,61254.3,2026-08-02,fm6214,,1.919,2.173,3.002,,0.066,0.07,0.091
1749+096,61289.4,2026-09-06,fm6249,,2.124,2.393,2.887,,0.066,0.083,0.09
1751+288,59957.8,2023-01-13,fm3013,,1.817,1.778,1.636,,0.062,0.054,0.05
1751+288,59975.8,2023-01-31,fm3031,1.738,1.753,1.711,1.566,0.055,0.054,0.052,0.048
1751+288,60078.6,2023-05-14,fm3134,,1.772,1.699,1.554,,0.076,0.052,0.047
1751+288,60092.5,2023-05-28,fm3148,,,1.623,1.537,,,0.053,0.048
1751+288,60126.4,2023-07-01,fm3182,,1.689,1.626,1.517,,0.053,0.049,0.046
1751+288,60139.6,2023-07-14,fm3195,,1.728,1.721,1.624,,0.061,0.053,0.049
1751+288,60237.3,2023-10-20,fm3293,1.839,1.811,1.799,1.731,0.067,0.057,0.054,0.053
1751+288,60243.4,2023-10-26,vo3299,,1.89,1.841,1.717,,0.057,0.055,0.052
1751+288,60250.3,2023-11-02,fm3306,1.913,1.783,1.766,1.646,0.07,0.06,0.054,0.051
1751+288,60320.4,2024-01-11,fm4011,,1.732,1.732,1.598,,0.053,0.053,0.049
1751+288,60359.8,2024-02-19,fm4050,1.873,1.847,1.818,1.745,0.069,0.059,0.056,0.053
1751+288,60383.7,2024-03-14,fm4074,1.804,1.926,1.919,1.849,0.078,0.061,0.058,0.057
1751+288,60417.6,2024-04-17,vo4108,,1.953,1.942,1.815,,0.061,0.06,0.055
1751+288,60424.6,2024-04-24,vo4115,,1.96,1.955,1.826,,0.062,0.059,0.055
1751+288,60437.1,2024-05-07,fm4128,2.08,1.942,1.963,1.772,0.097,0.06,0.059,0.054
1751+288,60459.3,2024-05-29,vo4150,,1.914,1.923,1.866,,0.058,0.06,0.057
1751+288,60464.5,2024-06-03,fm4155,1.528,1.748,1.863,1.71,0.06,0.057,0.056,0.053
1751+288,60557.1,2024-09-04,vo4248,,1.783,1.845,1.709,,0.066,0.057,0.052
1751+288,60578.0,2024-09-25,vo4269,,1.941,1.922,1.832,,0.06,0.058,0.056
1751+288,60592.0,2024-10-09,vo4283,,1.873,1.863,1.731,,0.057,0.057,0.053
1751+288,60620.0,2024-11-06,vo4311,,1.863,1.849,1.697,,0.063,0.056,0.051
1751+288,60621.2,2024-11-07,fm4312,,1.888,1.841,1.697,,0.062,0.065,0.052
1751+288,60648.0,2024-12-04,vo4339,2.329,1.814,1.823,1.698,0.076,0.055,0.055,0.053
1751+288,60649.2,2024-12-05,fm4340,,1.848,1.808,1.66,,0.059,0.058,0.056
1751+288,60650.4,2024-12-06,fm4341,,1.796,1.756,1.598,,0.055,0.053,0.049
1751+288,60655.0,2024-12-11,vo4346,,1.77,1.904,1.648,,0.054,0.058,0.05
1751+288,60696.7,2025-01-21,vo5022,,1.719,1.66,1.548,,0.055,0.05,0.047
1751+288,60702.0,2025-01-27,fm5027,1.895,1.747,1.691,1.574,0.074,0.053,0.051,0.048
1751+288,60703.7,2025-01-28,vo5029,,1.695,1.648,1.552,,0.051,0.05,0.047
1751+288,60717.5,2025-02-11,vo5043,1.793,1.682,1.631,1.49,0.074,0.052,0.05,0.045
1751+288,60727.3,2025-02-21,fm5052,,1.698,1.662,1.523,,0.051,0.05,0.046
1751+288,60728.7,2025-02-22,fm5053,1.878,1.739,1.694,1.6,0.066,0.054,0.051,0.049
1751+288,60762.6,2025-03-28,fm5087,1.884,1.717,1.68,1.548,0.064,0.054,0.051,0.047
1751+288,60773.5,2025-04-08,vo5099,,1.667,1.635,1.491,,0.051,0.05,0.046
1751+288,60789.1,2025-04-24,fm5114,,1.738,1.682,1.548,,0.054,0.051,0.047
1751+288,60808.5,2025-05-13,vo5134,,1.704,1.654,1.515,,0.053,0.05,0.046
1751+288,60814.5,2025-05-19,fm5139,,1.705,1.661,1.558,,0.056,0.051,0.047
1751+288,60850.7,2025-06-24,vo5176,,1.668,,1.531,,0.051,,0.047
1751+288,60858.4,2025-07-02,fm5183,,1.707,1.675,1.601,,0.052,0.053,0.05
1751+288,60872.3,2025-07-16,fm5197,,1.615,,1.507,,0.065,,0.046
1751+288,60906.5,2025-08-19,vo5232,,1.762,1.649,1.506,,0.063,0.052,0.047
1751+288,60939.2,2025-09-21,fm5264,,1.547,1.503,1.404,,0.056,0.046,0.043
1751+288,60955.6,2025-10-07,vo5281,,1.621,1.595,1.475,,0.051,0.051,0.046
1751+288,60976.9,2025-10-28,vo5302,,1.638,1.6,1.529,,0.052,0.049,0.047
1751+288,60981.3,2025-11-02,fm5306,,1.615,1.6,1.486,,0.055,0.049,0.046
1751+288,61005.1,2025-11-26,vo5330,,1.617,1.596,1.505,,0.049,0.049,0.046
1751+288,61005.9,2025-11-26,fm5331,,1.603,1.593,1.489,,0.049,0.048,0.046
1751+288,61025.8,2025-12-16,vo5351,1.943,1.622,1.563,1.487,0.081,0.05,0.048,0.045
1751+288,61027.1,2025-12-18,fm5352,1.776,1.658,1.625,1.54,0.068,0.055,0.049,0.047
1751+288,61053.8,2026-01-13,vo6014,,1.602,1.581,1.456,,0.05,0.05,0.046
1751+288,61068.8,2026-01-28,fm6029,,1.671,1.63,1.5,,0.051,0.05,0.045
1751+288,61089.1,2026-02-18,vo6049,,1.649,1.624,1.513,,0.051,0.051,0.047
1751+288,61094.7,2026-02-23,fm6054,,1.657,1.629,1.506,,0.053,0.049,0.046
1751+288,61095.6,2026-02-24,vo6056,1.908,1.657,1.618,1.492,0.088,0.052,0.05,0.046
1751+288,61105.8,2026-03-06,fm6066,,1.682,1.648,1.509,,0.053,0.05,0.046
1751+288,61130.6,2026-03-31,vo6091,,1.589,1.552,1.433,,0.051,0.048,0.044
1751+288,61131.8,2026-04-01,fm6092,1.692,1.636,1.604,1.485,0.057,0.05,0.049,0.045
1751+288,61158.7,2026-04-28,vo6119,,1.6,1.557,1.466,,0.058,0.049,0.045
1751+288,61159.8,2026-04-29,fm6120,1.689,1.596,1.56,1.466,0.058,0.049,0.047,0.045
1751+288,61187.7,2026-05-27,fm6148,,1.517,1.521,1.422,,0.051,0.046,0.044
1751+288,61201.8,2026-06-10,vo6162,,1.55,1.499,1.422,,0.05,0.047,0.044
1751+288,61226.4,2026-07-05,fm6186,,1.54,1.507,1.403,,0.051,0.046,0.043
1751+288,61235.7,2026-07-14,vo6196,,,1.477,1.393,,,0.045,0.043
1751+288,61249.7,2026-07-28,vo6210,,,1.522,1.417,,,0.047,0.044
1751+288,61254.3,2026-08-02,fm6214,,1.552,1.494,1.404,,0.058,0.048,0.043
1751+288,61289.4,2026-09-06,fm6249,,1.457,1.452,1.362,,0.047,0.047,0.043
1753+204,59957.9,2023-01-13,fm3013,,,0.446,0.394,,,0.015,0.014
1753+204,59975.9,2023-01-31,fm3031,,,0.414,0.394,,,0.016,0.014
1753+204,60078.6,2023-05-14,fm3134,,,0.4,0.375,,,0.014,0.013
1753+204,60092.6,2023-05-28,fm3148,,,0.398,0.37,,,0.014,0.013
1753+204,60126.4,2023-07-01,fm3182,,,0.43,0.377,,,0.015,0.014
1753+204,60139.6,2023-07-14,fm3195,,0.407,0.419,0.39,,0.016,0.014,0.013
1753+204,60237.4,2023-10-20,fm3293,,0.417,0.397,0.371,,0.014,0.013,0.013
1753+204,60250.2,2023-11-02,fm3306,,0.405,0.414,0.372,,0.014,0.014,0.013
1753+204,60321.0,2024-01-11,fm4011,,0.393,0.382,0.357,,0.014,0.013,0.013
1753+204,60359.3,2024-02-19,fm4050,,0.391,0.373,0.346,,0.013,0.013,0.012
1753+204,60383.8,2024-03-14,fm4074,,0.419,0.42,0.361,,0.015,0.014,0.014
1753+204,60437.0,2024-05-07,fm4128,,,0.399,0.371,,,0.013,0.013
1753+204,60464.6,2024-06-03,fm4155,0.377,0.407,0.41,0.353,0.021,0.014,0.014,0.013
1753+204,60621.4,2024-11-07,fm4312,,0.413,0.407,0.363,,0.013,0.013,0.012
1753+204,60649.4,2024-12-05,fm4340,,0.425,0.426,0.383,,0.014,0.014,0.014
1753+204,60650.4,2024-12-06,fm4341,,0.404,0.398,0.358,,0.013,0.012,0.012
1753+204,60702.1,2025-01-27,fm5027,,0.415,0.404,0.359,,0.014,0.013,0.012
1753+204,60727.8,2025-02-21,fm5052,0.425,0.418,0.414,0.368,0.019,0.014,0.013,0.013
1753+204,60728.8,2025-02-22,fm5053,,0.417,0.43,,,0.014,0.014,
1753+204,60762.7,2025-03-28,fm5087,,0.403,0.409,0.356,,0.013,0.013,0.011
1753+204,60789.6,2025-04-24,fm5114,,0.41,0.398,0.347,,0.013,0.012,0.011
1753+204,60814.6,2025-05-19,fm5139,,0.412,0.406,0.352,,0.015,0.013,0.011
1753+204,60858.4,2025-07-02,fm5183,,0.423,0.393,0.352,,0.015,0.015,0.012
1753+204,60872.4,2025-07-16,fm5197,,,,0.349,,,,0.013
1753+204,60939.3,2025-09-21,fm5264,,0.385,0.371,0.341,,0.014,0.012,0.011
1753+204,60981.3,2025-11-02,fm5306,,0.401,0.384,0.341,,0.014,0.013,0.011
1753+204,61006.1,2025-11-27,fm5331,,0.402,0.38,0.333,,0.013,0.012,0.012
1753+204,61026.9,2025-12-17,fm5352,,0.384,0.383,0.33,,0.013,0.013,0.012
1753+204,61068.8,2026-01-28,fm6029,,,0.416,0.326,,,0.014,0.011
1753+204,61094.9,2026-02-23,fm6054,,0.363,0.354,0.313,,0.014,0.012,0.011
1753+204,61131.8,2026-04-01,fm6092,,0.381,0.376,0.322,,0.012,0.012,0.011
1753+204,61160.8,2026-04-30,fm6120,,0.382,0.384,0.317,,0.013,0.012,0.012
1753+204,61187.9,2026-05-27,fm6148,,0.366,0.354,0.307,,0.013,0.012,0.01
1753+204,61226.4,2026-07-05,fm6186,,,,0.301,,,,0.01
1754+155,59958.0,2023-01-13,fm3013,,0.17,,0.157,,0.008,,0.009
1754+155,59975.9,2023-01-31,fm3031,,,,0.166,,,,0.009
1754+155,60078.6,2023-05-14,fm3134,,,,0.143,,,,0.009
1754+155,60092.6,2023-05-28,fm3148,,,0.135,,,,0.008,
1754+155,60237.5,2023-10-20,fm3293,,,0.155,0.149,,,0.008,0.01
1754+155,60250.3,2023-11-02,fm3306,,0.133,,0.16,,0.009,,0.009
1754+155,60321.0,2024-01-12,fm4011,,,0.111,0.14,,,0.008,0.008
1754+155,60359.9,2024-02-19,fm4050,,,0.126,,,,0.008,
1754+155,60383.8,2024-03-14,fm4074,,,,0.145,,,,0.011
1754+155,60437.7,2024-05-07,fm4128,,,,0.161,,,,0.008
1754+155,60621.3,2024-11-07,fm4312,,,0.119,,,,0.006,
1754+155,60649.3,2024-12-05,fm4340,,,0.121,0.159,,,0.006,0.009
1754+155,60651.0,2024-12-07,fm4341,,0.103,0.1,0.137,,0.006,0.006,0.008
1754+155,60702.2,2025-01-27,fm5027,,0.13,0.136,0.165,,0.006,0.006,0.008
1754+155,60762.8,2025-03-28,fm5087,,,0.142,0.163,,,0.007,0.007
1754+155,60789.7,2025-04-24,fm5114,,0.128,0.129,,,0.006,0.005,
1754+155,60814.6,2025-05-19,fm5139,,,,0.166,,,,0.008
1754+155,60858.5,2025-07-02,fm5183,,,,0.189,,,,0.009
1754+155,60939.2,2025-09-21,fm5264,,,,0.167,,,,0.007
1754+155,60981.3,2025-11-02,fm5306,,0.116,0.137,,,0.007,0.007,
1754+155,61006.0,2025-11-26,fm5331,,0.139,0.132,0.166,,0.008,0.008,0.009
1754+155,61027.1,2025-12-18,fm5352,,0.128,,0.151,,0.007,,0.007
1754+155,61068.8,2026-01-28,fm6029,,,,0.16,,,,0.007
1754+155,61094.8,2026-02-23,fm6054,,,,0.16,,,,0.008
1754+155,61105.8,2026-03-06,fm6066,,,,0.147,,,,0.007
1754+155,61131.8,2026-04-01,fm6092,,,0.128,,,,0.007,
1754+155,61160.7,2026-04-30,fm6120,,,0.12,,,,0.008,
1754+155,61187.9,2026-05-27,fm6148,,,,0.147,,,,0.006
1754+155,61226.4,2026-07-05,fm6186,,,0.11,,,,0.006,
1754+155,61254.5,2026-08-02,fm6214,,,,0.127,,,,0.008
1754+155,61289.5,2026-09-06,fm6249,,,,0.111,,,,0.008
1758+388,59957.7,2023-01-13,fm3013,,0.575,0.523,0.446,,0.019,0.016,0.016
1758+388,59975.7,2023-01-31,fm3031,,0.513,0.495,0.439,,0.017,0.016,0.014
1758+388,60078.2,2023-05-14,fm3134,,0.483,0.516,0.424,,0.021,0.016,0.014
1758+388,60092.2,2023-05-28,fm3148,,,0.512,0.423,,,0.018,0.015
1758+388,60126.3,2023-07-01,fm3182,,0.528,0.475,0.452,,0.018,0.016,0.015
1758+388,60139.5,2023-07-14,fm3195,,0.518,0.495,0.43,,0.018,0.016,0.014
1758+388,60237.2,2023-10-20,fm3293,,0.589,0.473,0.462,,0.022,0.015,0.016
1758+388,60250.3,2023-11-02,fm3306,,0.438,0.515,0.424,,0.018,0.017,0.014
1758+388,60320.5,2024-01-11,fm4011,,0.41,0.453,0.447,,0.015,0.015,0.015
1758+388,60359.3,2024-02-19,fm4050,,0.404,0.438,0.43,,0.014,0.014,0.015
1758+388,60383.8,2024-03-14,fm4074,,0.503,0.494,0.402,,0.018,0.017,0.018
1758+388,60437.1,2024-05-07,fm4128,,0.458,0.484,0.389,,0.017,0.015,0.014
1758+388,60464.5,2024-06-03,fm4155,0.629,0.475,0.494,0.407,0.026,0.016,0.017,0.014
1758+388,60621.3,2024-11-07,fm4312,,0.467,0.406,0.414,,0.016,0.015,0.013
1758+388,60649.4,2024-12-05,fm4340,,0.449,0.458,0.437,,0.015,0.015,0.016
1758+388,60650.6,2024-12-06,fm4341,,0.468,0.42,0.394,,0.015,0.013,0.013
1758+388,60702.2,2025-01-27,fm5027,,0.439,0.417,0.414,,0.015,0.013,0.013
1758+388,60727.6,2025-02-21,fm5052,0.516,0.424,0.42,0.438,0.018,0.013,0.013,0.014
1758+388,60728.6,2025-02-22,fm5053,,0.397,0.435,0.432,,0.013,0.014,0.015
1758+388,60762.5,2025-03-28,fm5087,,0.396,0.427,0.429,,0.013,0.014,0.013
1758+388,60789.2,2025-04-24,fm5114,0.482,0.475,0.407,0.409,0.021,0.016,0.013,0.013
1758+388,60814.1,2025-05-19,fm5139,,,0.404,0.405,,,0.013,0.013
1758+388,60858.3,2025-07-02,fm5183,0.559,0.387,0.399,0.425,0.028,0.013,0.013,0.014
1758+388,60872.2,2025-07-16,fm5197,,0.415,,0.393,,0.014,,0.013
1758+388,60939.2,2025-09-21,fm5264,,0.412,0.371,0.397,,0.014,0.013,0.013
1758+388,60981.3,2025-11-02,fm5306,,0.469,0.36,0.406,,0.017,0.011,0.013
1758+388,61006.0,2025-11-27,fm5331,,0.43,0.443,0.404,,0.014,0.015,0.013
1758+388,61027.1,2025-12-18,fm5352,0.542,0.367,0.413,0.414,0.022,0.013,0.013,0.013
1758+388,61068.9,2026-01-28,fm6029,,0.411,0.45,0.418,,0.013,0.014,0.013
1758+388,61094.7,2026-02-23,fm6054,,0.346,0.345,0.401,,0.015,0.012,0.014
1758+388,61105.9,2026-03-06,fm6066,,0.422,0.422,0.405,,0.015,0.013,0.013
1758+388,61131.8,2026-04-01,fm6092,,0.432,0.356,0.403,,0.014,0.012,0.013
1758+388,61159.9,2026-04-29,fm6120,,0.447,0.334,0.397,,0.016,0.011,0.013
1758+388,61187.9,2026-05-27,fm6148,,,0.413,0.4,,,0.014,0.013
1758+388,61226.4,2026-07-05,fm6186,,0.406,0.407,0.394,,0.014,0.013,0.013
1758+388,61254.5,2026-08-02,fm6214,,0.442,0.417,0.393,,0.014,0.014,0.013
1758+388,61289.4,2026-09-06,fm6249,,0.423,0.354,,,0.017,0.013,
1800+440,60243.3,2023-10-26,vo3299,,1.244,1.268,1.23,,0.038,0.039,0.037
1800+440,60459.0,2024-05-29,vo4150,,0.731,0.701,0.669,,0.024,0.022,0.021
1800+440,60578.0,2024-09-25,vo4269,,0.646,0.629,0.608,,0.021,0.02,0.019
1803+784,60417.1,2024-04-17,vo4108,,2.484,2.499,2.384,,0.078,0.077,0.072
1803+784,60424.0,2024-04-24,vo4115,,2.561,2.555,2.413,,0.082,0.078,0.073
1803+784,60459.0,2024-05-29,vo4150,2.27,,2.576,2.603,0.101,,0.078,0.08
1803+784,60578.1,2024-09-25,vo4269,,2.73,2.773,2.728,,0.088,0.084,0.083
1803+784,60906.5,2025-08-19,vo5232,,2.63,2.709,2.628,,0.091,0.082,0.08
1803+784,61025.6,2025-12-16,vo5351,,2.736,2.811,2.822,,0.091,0.091,0.085
1803+784,61027.4,2025-12-18,fm5352,,2.835,2.939,2.852,,0.095,0.089,0.086
1803+784,61053.5,2026-01-13,vo6014,,2.859,2.95,2.916,,0.101,0.094,0.089
1803+784,61088.9,2026-02-17,vo6049,,2.872,2.902,2.859,,0.088,0.092,0.087
1803+784,61095.5,2026-02-24,vo6056,,2.874,2.856,2.676,,0.088,0.087,0.081
1803+784,61130.5,2026-03-31,vo6091,,2.628,2.628,2.477,,0.089,0.085,0.075
1803+784,61158.5,2026-04-28,vo6119,,2.84,2.785,2.766,,0.091,0.085,0.084
1803+784,61201.5,2026-06-10,vo6162,,2.762,2.717,2.555,,0.091,0.084,0.078
1803+784,61235.5,2026-07-14,vo6196,,,2.459,2.319,,,0.076,0.07
1803+784,61249.5,2026-07-28,vo6210,,2.525,2.481,2.314,,0.084,0.075,0.071
1807+698,60557.1,2024-09-04,vo4248,,1.91,2.0,1.906,,0.071,0.068,0.058
1807+698,60592.0,2024-10-09,vo4283,,1.909,,1.807,,0.059,,0.056
1807+698,60620.3,2024-11-06,vo4311,2.159,1.906,1.902,1.787,0.076,0.062,0.058,0.054
1807+698,60648.1,2024-12-04,vo4339,,1.941,1.913,1.782,,0.064,0.06,0.054
1807+698,60655.1,2024-12-11,vo4346,,1.869,2.025,1.738,,0.058,0.063,0.053
1807+698,60696.8,2025-01-21,vo5022,,1.772,1.745,1.628,,0.058,0.053,0.049
1807+698,60703.6,2025-01-28,vo5029,,1.813,1.775,1.635,,0.056,0.054,0.05
1807+698,60717.5,2025-02-11,vo5043,,1.822,1.767,1.615,,0.058,0.054,0.049
1807+698,60773.6,2025-04-08,vo5099,,1.778,1.803,1.672,,0.06,0.055,0.051
1807+698,60808.6,2025-05-13,vo5134,,1.831,1.781,1.62,,0.061,0.055,0.049
1807+698,60850.7,2025-06-24,vo5176,,1.769,,1.607,,0.06,,0.049
1807+698,60955.5,2025-10-07,vo5281,,1.699,1.69,1.572,,0.053,0.051,0.048
1807+698,60976.9,2025-10-28,vo5302,,1.752,1.724,1.665,,0.056,0.053,0.05
1807+698,61005.1,2025-11-26,vo5330,,1.722,1.733,1.62,,0.055,0.055,0.05
1807+698,61088.9,2026-02-17,vo6049,,1.723,1.687,1.67,,0.056,0.053,0.052
1807+698,61095.6,2026-02-24,vo6056,,1.717,1.686,1.631,,0.053,0.052,0.05
1807+698,61130.6,2026-03-31,vo6091,,1.746,1.783,1.655,,0.059,0.059,0.05
1821+107,60578.3,2024-09-25,vo4269,,0.625,0.596,0.514,,0.022,0.019,0.016
1821+107,60977.1,2025-10-29,vo5302,,0.562,0.529,0.449,,0.018,0.017,0.014
1823+568,60557.0,2024-09-04,vo4248,,1.042,1.068,1.063,,0.04,0.033,0.032
1823+568,60578.0,2024-09-25,vo4269,,1.148,1.129,1.141,,0.035,0.034,0.035
1823+568,60592.0,2024-10-09,vo4283,,1.043,1.062,1.07,,0.033,0.033,0.032
1823+568,60620.0,2024-11-06,vo4311,,1.069,1.081,1.077,,0.037,0.033,0.033
1823+568,60648.0,2024-12-04,vo4339,,1.046,1.078,1.087,,0.037,0.033,0.033
1823+568,60655.1,2024-12-11,vo4346,,1.1,1.193,1.104,,0.034,0.037,0.034
1823+568,60696.5,2025-01-21,vo5022,,1.017,1.041,1.046,,0.034,0.031,0.032
1823+568,60703.5,2025-01-28,vo5029,,1.037,1.033,1.03,,0.031,0.031,0.031
1823+568,60717.6,2025-02-11,vo5043,,1.063,1.05,1.025,,0.032,0.032,0.031
1823+568,60773.5,2025-04-08,vo5099,,1.092,1.076,1.069,,0.033,0.033,0.032
1823+568,60808.5,2025-05-13,vo5134,1.179,1.058,1.048,1.032,0.046,0.034,0.032,0.031
1823+568,60850.8,2025-06-24,vo5176,1.389,1.077,,1.052,0.05,0.033,,0.032
1823+568,60906.5,2025-08-19,vo5232,,1.129,1.116,1.133,,0.036,0.034,0.034
1823+568,60955.7,2025-10-07,vo5281,,1.087,1.081,1.111,,0.034,0.035,0.034
1823+568,60976.5,2025-10-28,vo5302,,1.135,1.139,1.153,,0.037,0.035,0.035
1823+568,61005.0,2025-11-25,vo5330,,1.146,1.143,1.141,,0.036,0.035,0.035
1823+568,61025.6,2025-12-16,vo5351,,1.149,1.15,1.155,,0.035,0.035,0.035
1823+689,59957.6,2023-01-13,fm3013,,0.315,0.326,0.299,,0.011,0.011,0.011
1823+689,59975.7,2023-01-31,fm3031,,0.318,0.3,0.306,,0.012,0.01,0.011
1823+689,60078.2,2023-05-14,fm3134,,,0.257,0.256,,,0.01,0.01
1823+689,60092.2,2023-05-28,fm3148,,,0.252,0.249,,,0.009,0.009
1823+689,60126.7,2023-07-01,fm3182,,0.264,0.248,,,0.011,0.011,
1823+689,60139.6,2023-07-14,fm3195,,0.254,0.244,0.242,,0.01,0.009,0.01
1823+689,60237.2,2023-10-20,fm3293,,0.285,0.281,0.274,,0.011,0.01,0.011
1823+689,60250.4,2023-11-02,fm3306,,0.292,0.287,0.285,,0.011,0.011,0.011
1823+689,60320.4,2024-01-11,fm4011,,0.311,0.296,0.28,,0.011,0.01,0.01
1823+689,60359.4,2024-02-19,fm4050,,0.312,0.294,0.283,,0.012,0.01,0.011
1823+689,60383.4,2024-03-14,fm4074,,,0.272,0.273,,,0.01,0.011
1823+689,60437.6,2024-05-07,fm4128,,,0.308,,,,0.011,
1823+689,60464.5,2024-06-03,fm4155,,0.312,0.325,0.305,,0.011,0.011,0.011
1823+689,60621.4,2024-11-07,fm4312,,0.321,0.328,0.322,,0.012,0.011,0.01
1823+689,60649.3,2024-12-05,fm4340,,,0.351,0.359,,,0.012,0.013
1823+689,60650.5,2024-12-06,fm4341,,0.323,0.333,0.314,,0.011,0.01,0.011
1823+689,60702.2,2025-01-27,fm5027,,0.34,0.336,0.328,,0.011,0.011,0.011
1823+689,60727.3,2025-02-21,fm5052,,0.327,0.324,0.327,,0.013,0.011,0.011
1823+689,60728.4,2025-02-22,fm5053,,0.313,0.34,0.325,,0.011,0.012,0.012
1823+689,60762.5,2025-03-28,fm5087,,0.334,0.338,0.323,,0.011,0.011,0.01
1823+689,60789.1,2025-04-24,fm5114,,0.357,0.349,0.332,,0.014,0.011,0.011
1823+689,60814.1,2025-05-19,fm5139,,0.319,0.345,0.33,,0.012,0.011,0.011
1823+689,60858.1,2025-07-02,fm5183,,0.349,0.34,0.348,,0.012,0.011,0.012
1823+689,60872.2,2025-07-16,fm5197,,,,0.302,,,,0.012
1823+689,60939.4,2025-09-21,fm5264,,0.311,0.334,0.332,,0.011,0.012,0.011
1823+689,60981.3,2025-11-02,fm5306,,0.329,0.344,0.354,,0.011,0.011,0.012
1823+689,61006.0,2025-11-27,fm5331,,0.334,0.36,0.359,,0.011,0.013,0.012
1823+689,61027.2,2025-12-18,fm5352,,0.345,0.343,0.353,,0.014,0.011,0.012
1823+689,61068.9,2026-01-28,fm6029,,0.329,0.324,0.35,,0.011,0.01,0.011
1823+689,61095.1,2026-02-24,fm6054,,0.339,0.341,0.354,,0.012,0.011,0.012
1823+689,61105.9,2026-03-06,fm6066,,0.319,0.331,0.355,,0.011,0.011,0.011
1823+689,61131.8,2026-04-01,fm6092,,0.33,0.343,0.356,,0.012,0.011,0.011
1823+689,61160.4,2026-04-30,fm6120,,0.338,0.354,0.359,,0.016,0.012,0.013
1823+689,61187.8,2026-05-27,fm6148,,0.377,0.401,0.379,,0.013,0.015,0.012
1823+689,61226.4,2026-07-05,fm6186,,0.389,0.383,0.372,,0.013,0.012,0.012
1823+689,61254.5,2026-08-02,fm6214,,0.361,0.366,0.333,,0.012,0.012,0.011
1823+689,61289.5,2026-09-06,fm6249,,,0.31,,,,0.012,
1846+322,59957.8,2023-01-13,fm3013,,1.02,1.037,1.043,,0.031,0.032,0.032
1846+322,59975.8,2023-01-31,fm3031,,1.104,1.084,1.06,,0.034,0.033,0.033
1846+322,60078.6,2023-05-14,fm3134,,,0.948,0.855,,,0.029,0.026
1846+322,60092.5,2023-05-28,fm3148,,,0.892,0.798,,,0.029,0.025
1846+322,60126.4,2023-07-01,fm3182,,0.92,0.882,0.754,,0.034,0.027,0.025
1846+322,60139.5,2023-07-14,fm3195,,0.869,0.827,0.74,,0.028,0.025,0.023
1846+322,60237.4,2023-10-20,fm3293,,0.796,0.758,0.719,,0.026,0.023,0.022
1846+322,60243.3,2023-10-26,vo3299,,0.773,0.757,0.742,,0.024,0.024,0.024
1846+322,60250.4,2023-11-02,fm3306,,0.74,0.728,0.671,,0.026,0.024,0.021
1846+322,60320.4,2024-01-11,fm4011,,0.638,0.615,0.591,,0.021,0.019,0.019
1846+322,60359.4,2024-02-19,fm4050,,0.663,0.627,0.575,,0.022,0.02,0.019
1846+322,60383.7,2024-03-14,fm4074,,0.679,0.64,0.614,,0.027,0.02,0.02
1846+322,60417.6,2024-04-17,vo4108,,0.658,0.596,0.585,,0.023,0.019,0.018
1846+322,60424.5,2024-04-24,vo4115,,0.634,0.609,0.572,,0.02,0.019,0.018
1846+322,60437.1,2024-05-07,fm4128,,0.625,0.612,0.57,,0.024,0.019,0.018
1846+322,60459.5,2024-05-29,vo4150,,,0.612,0.614,,,0.019,0.019
1846+322,60464.5,2024-06-03,fm4155,,0.602,0.61,0.595,,0.019,0.019,0.019
1846+322,60557.3,2024-09-04,vo4248,,,0.781,0.836,,,0.027,0.026
1846+322,60578.5,2024-09-25,vo4269,,0.781,0.799,0.888,,0.026,0.026,0.028
1846+322,60592.2,2024-10-09,vo4283,,0.798,0.817,0.814,,0.026,0.026,0.025
1846+322,60620.0,2024-11-06,vo4311,0.846,0.788,0.805,0.801,0.034,0.026,0.025,0.024
1846+322,60621.5,2024-11-07,fm4312,,0.837,0.807,0.816,,0.029,0.027,0.026
1846+322,60649.3,2024-12-05,fm4340,,0.807,0.851,0.852,,0.028,0.028,0.03
1846+322,60650.4,2024-12-06,fm4341,,0.803,0.824,0.857,,0.025,0.025,0.027
1846+322,60696.8,2025-01-21,vo5022,,0.882,0.873,0.855,,0.027,0.027,0.026
1846+322,60702.1,2025-01-27,fm5027,1.002,0.937,0.927,0.868,0.036,0.029,0.029,0.027
1846+322,60703.8,2025-01-28,vo5029,,0.947,0.948,0.912,,0.03,0.03,0.028
1846+322,60717.8,2025-02-11,vo5043,,0.905,0.901,0.859,,0.028,0.028,0.026
1846+322,60727.3,2025-02-21,fm5052,,0.95,0.945,0.908,,0.03,0.029,0.029
1846+322,60728.7,2025-02-22,fm5053,,0.979,0.975,0.96,,0.03,0.03,0.03
1846+322,60762.6,2025-03-28,fm5087,1.003,0.921,0.936,0.889,0.039,0.03,0.029,0.027
1846+322,60773.7,2025-04-08,vo5099,,0.938,0.942,0.852,,0.029,0.029,0.026
1846+322,60789.1,2025-04-24,fm5114,,1.066,0.964,0.864,,0.036,0.029,0.027
1846+322,60808.5,2025-05-13,vo5134,,0.921,0.895,0.815,,0.033,0.027,0.025
1846+322,60814.1,2025-05-19,fm5139,,,0.903,0.794,,,0.028,0.025
1846+322,60850.7,2025-06-24,vo5176,,0.831,0.826,0.773,,0.026,0.027,0.024
1846+322,60858.4,2025-07-02,fm5183,,0.818,0.799,0.781,,0.026,0.025,0.025
1846+322,60872.3,2025-07-16,fm5197,,0.776,,0.622,,0.029,,0.022
1846+322,60906.5,2025-08-19,vo5232,,0.979,0.967,0.918,,0.031,0.031,0.028
1846+322,60939.2,2025-09-21,fm5264,,0.92,0.929,0.891,,0.029,0.029,0.028
1846+322,60955.5,2025-10-07,vo5281,,1.067,1.065,0.938,,0.033,0.033,0.029
1846+322,60977.1,2025-10-29,vo5302,,1.133,1.087,0.96,,0.038,0.034,0.03
1846+322,60981.3,2025-11-02,fm5306,,1.204,1.154,0.93,,0.039,0.035,0.029
1846+322,61005.1,2025-11-26,vo5330,,0.975,0.966,0.867,,0.032,0.031,0.027
1846+322,61006.1,2025-11-27,fm5331,1.249,1.009,0.964,0.884,0.044,0.032,0.03,0.028
1846+322,61025.9,2025-12-16,vo5351,,1.029,0.965,0.874,,0.032,0.03,0.027
1846+322,61027.1,2025-12-18,fm5352,1.328,1.027,0.992,0.899,0.05,0.034,0.03,0.028
1846+322,61068.8,2026-01-28,fm6029,,0.921,0.875,0.789,,0.03,0.027,0.024
1846+322,61094.7,2026-02-23,fm6054,,0.892,0.875,0.793,,0.028,0.027,0.025
1846+322,61105.7,2026-03-06,fm6066,,0.831,0.858,0.813,,0.03,0.026,0.025
1846+322,61131.8,2026-04-01,fm6092,,0.986,0.944,0.837,,0.031,0.029,0.026
1846+322,61159.8,2026-04-29,fm6120,,1.014,0.935,,,0.038,0.029,
1846+322,61187.8,2026-05-27,fm6148,,0.964,0.875,0.802,,0.038,0.027,0.025
1846+322,61226.4,2026-07-05,fm6186,,0.921,0.868,0.771,,0.029,0.027,0.024
1846+322,61254.3,2026-08-02,fm6214,,0.892,0.844,0.752,,0.03,0.026,0.024
1846+322,61289.4,2026-09-06,fm6249,,0.907,0.829,0.72,,0.031,0.026,0.025
1848+283,61053.9,2026-01-13,vo6014,,1.316,1.452,,,0.043,0.046,
1848+283,61089.2,2026-02-18,vo6049,,1.374,1.423,1.4,,0.044,0.045,0.044
1848+283,61095.9,2026-02-24,vo6056,,1.29,1.394,1.318,,0.043,0.044,0.041
1848+283,61235.6,2026-07-14,vo6196,,,1.407,1.367,,,0.044,0.042
1848+283,61249.7,2026-07-28,vo6210,,,1.408,1.401,,,0.046,0.045
1849+670,59957.5,2023-01-13,fm3013,,1.022,1.034,1.045,,0.034,0.035,0.032
1849+670,59975.6,2023-01-31,fm3031,,1.0,1.004,1.03,,0.034,0.032,0.031
1849+670,60078.2,2023-05-14,fm3134,,0.918,0.948,0.962,,0.033,0.029,0.03
1849+670,60092.2,2023-05-28,fm3148,,,0.89,0.932,,,0.028,0.029
1849+670,60126.6,2023-07-01,fm3182,,0.897,0.906,0.948,,0.03,0.028,0.029
1849+670,60139.5,2023-07-14,fm3195,,0.915,0.913,0.914,,0.032,0.029,0.028
1849+670,60237.3,2023-10-20,fm3293,,0.69,0.686,0.655,,0.026,0.022,0.021
1849+670,60250.3,2023-11-02,fm3306,,0.676,0.679,0.649,,0.022,0.022,0.021
1849+670,60320.4,2024-01-11,fm4011,,0.616,0.643,0.661,,0.02,0.02,0.021
1849+670,60359.3,2024-02-19,fm4050,,0.727,0.756,0.802,,0.025,0.023,0.025
1849+670,60383.8,2024-03-14,fm4074,,0.741,0.77,0.776,,0.026,0.024,0.028
1849+670,60437.1,2024-05-07,fm4128,,0.723,0.728,0.718,,0.024,0.022,0.023
1849+670,60464.5,2024-06-03,fm4155,,0.721,0.723,0.71,,0.028,0.022,0.022
1849+670,60578.0,2024-09-25,vo4269,,0.731,0.74,0.793,,0.022,0.023,0.024
1849+670,60621.3,2024-11-07,fm4312,,0.701,0.705,0.686,,0.022,0.022,0.021
1849+670,60649.2,2024-12-05,fm4340,,0.653,0.686,0.712,,0.021,0.023,0.025
1849+670,60650.4,2024-12-06,fm4341,,0.634,0.653,0.663,,0.02,0.02,0.021
1849+670,60702.1,2025-01-27,fm5027,,0.691,0.685,0.703,,0.022,0.021,0.022
1849+670,60727.2,2025-02-21,fm5052,,0.615,0.664,,,0.022,0.021,
1849+670,60728.4,2025-02-22,fm5053,,0.603,0.632,,,0.019,0.02,
1849+670,60762.4,2025-03-28,fm5087,,0.606,0.631,0.731,,0.02,0.023,0.023
1849+670,60789.0,2025-04-24,fm5114,,0.649,0.693,0.807,,0.025,0.022,0.025
1849+670,60814.0,2025-05-19,fm5139,,0.639,0.651,0.764,,0.022,0.021,0.024
1849+670,60858.1,2025-07-02,fm5183,,0.546,0.61,0.766,,0.018,0.02,0.025
1849+670,60872.1,2025-07-16,fm5197,,0.576,,0.78,,0.02,,0.026
1849+670,60939.2,2025-09-21,fm5264,,0.531,0.553,0.654,,0.02,0.018,0.021
1849+670,60981.3,2025-11-02,fm5306,,0.53,0.572,0.649,,0.017,0.018,0.027
1849+670,61006.0,2025-11-26,fm5331,,0.6,0.663,0.798,,0.019,0.021,0.028
1849+670,61027.1,2025-12-18,fm5352,,0.575,0.625,0.769,,0.02,0.023,0.024
1849+670,61053.6,2026-01-13,vo6014,,0.641,0.671,0.793,,0.028,0.028,0.029
1849+670,61068.8,2026-01-28,fm6029,,0.684,0.728,0.853,,0.024,0.023,0.026
1849+670,61089.0,2026-02-18,vo6049,,0.666,,0.853,,0.028,,0.028
1849+670,61094.4,2026-02-23,fm6054,,0.638,0.691,0.848,,0.023,0.022,0.026
1849+670,61095.6,2026-02-24,vo6056,,0.661,0.713,0.832,,0.025,0.03,0.026
1849+670,61105.8,2026-03-06,fm6066,,0.701,0.748,0.856,,0.022,0.024,0.026
1849+670,61130.6,2026-03-31,vo6091,,0.717,0.808,0.886,,0.027,0.03,0.029
1849+670,61131.8,2026-04-01,fm6092,,0.78,0.861,0.963,,0.034,0.028,0.03
1849+670,61158.6,2026-04-28,vo6119,,0.728,0.737,0.84,,0.032,0.026,0.027
1849+670,61159.7,2026-04-29,fm6120,,0.702,0.768,0.826,,0.023,0.025,0.026
1849+670,61187.7,2026-05-27,fm6148,,0.735,0.79,0.879,,0.024,0.027,0.027
1849+670,61201.5,2026-06-10,vo6162,,,0.964,0.896,,,0.033,0.029
1849+670,61226.4,2026-07-05,fm6186,,0.7,0.767,0.856,,0.024,0.024,0.026
1849+670,61235.5,2026-07-14,vo6196,,,0.69,0.817,,,0.029,0.026
1849+670,61249.6,2026-07-28,vo6210,,,0.824,0.891,,,0.029,0.029
1849+670,61254.4,2026-08-02,fm6214,,0.835,0.878,0.877,,0.027,0.027,0.027
1849+670,61289.4,2026-09-06,fm6249,,0.758,0.837,0.908,,0.029,0.028,0.03
1901+319,61095.7,2026-02-24,vo6056,,2.051,1.925,1.555,,0.066,0.06,0.049
1901+319,61201.6,2026-06-10,vo6162,,2.031,1.835,1.466,,0.074,0.058,0.046
1908+484,59975.6,2023-01-31,fm3031,,0.166,0.133,,,0.008,0.007,
1908+484,60078.2,2023-05-14,fm3134,,,0.127,,,,0.007,
1908+484,60092.2,2023-05-28,fm3148,,,0.143,0.126,,,0.007,0.008
1908+484,60139.5,2023-07-14,fm3195,,,0.141,,,,0.008,
1908+484,60237.2,2023-10-20,fm3293,,,0.161,0.129,,,0.008,0.009
1908+484,60250.4,2023-11-02,fm3306,,,0.141,,,,0.007,
1908+484,60320.4,2024-01-11,fm4011,,,0.156,,,,0.008,
1908+484,60359.3,2024-02-19,fm4050,,0.18,0.132,,,0.009,0.008,
1908+484,60437.1,2024-05-07,fm4128,,,0.145,0.144,,,0.008,0.008
1908+484,60464.4,2024-06-03,fm4155,,,0.152,0.131,,,0.008,0.007
1908+484,60621.3,2024-11-07,fm4312,,,0.199,0.153,,,0.007,0.007
1908+484,60649.3,2024-12-05,fm4340,,0.226,0.209,0.17,,0.008,0.007,0.009
1908+484,60650.5,2024-12-06,fm4341,,,0.176,,,,0.006,
1908+484,60702.2,2025-01-27,fm5027,,0.198,0.182,0.141,,0.007,0.007,0.007
1908+484,60727.3,2025-02-21,fm5052,,0.179,0.177,,,0.008,0.007,
1908+484,60728.4,2025-02-22,fm5053,,0.192,0.185,,,0.007,0.007,
1908+484,60762.5,2025-03-28,fm5087,,,0.18,0.122,,,0.007,0.006
1908+484,60789.1,2025-04-24,fm5114,,0.156,0.157,0.128,,0.006,0.006,0.006
1908+484,60814.1,2025-05-19,fm5139,,,0.163,0.116,,,0.006,0.006
1908+484,60858.1,2025-07-02,fm5183,,0.171,0.131,0.113,,0.007,0.007,0.008
1908+484,60939.4,2025-09-21,fm5264,,,0.147,0.119,,,0.007,0.006
1908+484,60981.4,2025-11-02,fm5306,,0.145,0.142,0.11,,0.006,0.006,0.007
1908+484,61006.1,2025-11-27,fm5331,,0.155,0.152,,,0.007,0.006,
1908+484,61027.0,2025-12-17,fm5352,,0.138,0.137,,,0.007,0.007,
1908+484,61068.9,2026-01-28,fm6029,,0.174,0.164,0.126,,0.007,0.007,0.006
1908+484,61094.5,2026-02-23,fm6054,,0.172,0.135,0.11,,0.007,0.006,0.007
1908+484,61105.9,2026-03-06,fm6066,,0.153,0.149,,,0.007,0.007,
1908+484,61131.9,2026-04-01,fm6092,,,0.141,,,,0.007,
1908+484,61159.9,2026-04-29,fm6120,,,0.146,,,,0.007,
1908+484,61187.9,2026-05-27,fm6148,,0.169,0.151,0.137,,0.009,0.007,0.006
1908+484,61226.4,2026-07-05,fm6186,,,0.161,0.153,,,0.006,0.007
1908+484,61254.5,2026-08-02,fm6214,,0.184,0.178,0.143,,0.009,0.007,0.006
1908+484,61289.5,2026-09-06,fm6249,,0.153,0.178,0.139,,0.008,0.009,0.008
1908-201,59958.4,2023-01-14,fm3013,,2.767,2.594,2.317,,0.09,0.08,0.071
1908-201,59976.3,2023-02-01,fm3031,2.963,2.704,2.555,2.201,0.115,0.082,0.077,0.067
1908-201,60079.0,2023-05-15,fm3134,,2.188,2.091,1.993,,0.087,0.066,0.061
1908-201,60093.0,2023-05-28,fm3148,2.434,,2.056,1.954,0.081,,0.069,0.06
1908-201,60126.9,2023-07-01,fm3182,2.345,2.059,2.021,2.038,0.091,0.072,0.061,0.062
1908-201,60139.8,2023-07-14,fm3195,,2.071,2.055,2.126,,0.065,0.063,0.065
1908-201,60244.5,2023-10-27,vo3299,,2.089,2.038,1.853,,0.066,0.062,0.056
1908-201,60360.2,2024-02-20,fm4050,2.069,1.813,1.771,1.64,0.069,0.063,0.054,0.05
1908-201,60418.2,2024-04-18,vo4108,,1.718,1.661,1.471,,0.064,0.057,0.047
1908-201,60460.0,2024-05-30,vo4150,,,1.515,1.471,,,0.052,0.048
1908-201,60621.2,2024-11-07,fm4312,1.778,1.68,1.679,1.781,0.071,0.051,0.056,0.054
1908-201,60649.0,2024-12-05,fm4340,,1.846,1.813,1.867,,0.06,0.058,0.064
1908-201,60701.9,2025-01-26,fm5027,1.929,1.806,1.821,1.986,0.062,0.064,0.055,0.061
1908-201,60774.0,2025-04-08,vo5099,,1.936,1.941,1.95,,0.059,0.059,0.059
1908-201,60977.6,2025-10-29,vo5302,,2.462,2.294,2.037,,0.077,0.072,0.063
1908-201,60981.1,2025-11-02,fm5306,2.518,2.119,2.044,1.822,0.081,0.065,0.062,0.056
1908-201,61089.3,2026-02-18,vo6049,,,,1.816,,,,0.063
1908-201,61131.1,2026-04-01,vo6091,,2.044,1.942,1.928,,0.076,0.069,0.062
1908-201,61187.6,2026-05-27,fm6148,,2.345,2.258,2.09,,0.087,0.069,0.063
1908-201,61235.5,2026-07-14,vo6196,,,2.452,2.193,,,0.084,0.069
1908-201,61289.3,2026-09-06,fm6249,,2.264,2.239,2.045,,0.07,0.069,0.064
1909+161,59958.0,2023-01-13,fm3013,,,0.373,0.34,,,0.013,0.012
1909+161,59976.0,2023-01-31,fm3031,,0.332,0.367,0.325,,0.012,0.013,0.012
1909+161,60078.7,2023-05-14,fm3134,,,0.356,0.305,,,0.012,0.011
1909+161,60092.7,2023-05-28,fm3148,,,0.322,0.309,,,0.012,0.011
1909+161,60126.6,2023-07-01,fm3182,,0.29,0.372,0.333,,0.011,0.012,0.012
1909+161,60139.6,2023-07-14,fm3195,,0.336,0.381,0.301,,0.013,0.013,0.011
1909+161,60237.4,2023-10-20,fm3293,,0.401,0.397,0.34,,0.016,0.014,0.012
1909+161,60250.3,2023-11-02,fm3306,,,0.37,0.361,,,0.013,0.013
1909+161,60320.3,2024-01-11,fm4011,,0.375,0.395,0.336,,0.013,0.014,0.013
1909+161,60360.0,2024-02-19,fm4050,,0.349,0.432,0.365,,0.013,0.014,0.013
1909+161,60383.9,2024-03-14,fm4074,0.491,,0.332,0.36,0.027,,0.012,0.015
1909+161,60437.7,2024-05-07,fm4128,,0.449,0.367,0.327,,0.018,0.014,0.013
1909+161,60464.6,2024-06-03,fm4155,,,0.396,0.355,,,0.013,0.013
1909+161,60621.3,2024-11-07,fm4312,,0.355,0.398,0.341,,0.011,0.013,0.011
1909+161,60649.3,2024-12-05,fm4340,,0.421,0.42,0.377,,0.014,0.014,0.014
1909+161,60651.1,2024-12-07,fm4341,,0.379,0.394,0.347,,0.012,0.013,0.012
1909+161,60702.1,2025-01-27,fm5027,,0.326,0.375,0.339,,0.012,0.012,0.011
1909+161,60727.9,2025-02-21,fm5052,,,0.468,0.349,,,0.016,0.012
1909+161,60728.9,2025-02-22,fm5053,,0.422,,,,0.015,,
1909+161,60762.8,2025-03-28,fm5087,,,,0.334,,,,0.011
1909+161,60789.7,2025-04-24,fm5114,,0.365,0.361,0.306,,0.012,0.012,0.01
1909+161,60814.7,2025-05-19,fm5139,,0.393,0.391,0.301,,0.014,0.012,0.01
1909+161,60858.5,2025-07-02,fm5183,,0.241,0.298,0.28,,0.01,0.011,0.011
1909+161,60872.5,2025-07-16,fm5197,,,,0.284,,,,0.01
1909+161,60939.3,2025-09-21,fm5264,,0.325,,0.279,,0.012,,0.01
1909+161,60981.3,2025-11-02,fm5306,,0.358,0.336,0.281,,0.013,0.011,0.01
1909+161,61005.9,2025-11-26,fm5331,,0.325,0.333,0.3,,0.012,0.011,0.011
1909+161,61027.2,2025-12-18,fm5352,0.509,0.299,0.344,0.283,0.023,0.013,0.012,0.009
1909+161,61068.8,2026-01-28,fm6029,,0.345,0.348,0.295,,0.012,0.011,0.01
1909+161,61095.0,2026-02-23,fm6054,,0.259,0.342,0.29,,0.013,0.012,0.01
1909+161,61105.8,2026-03-06,fm6066,0.494,0.255,0.31,0.277,0.021,0.009,0.01,0.009
1909+161,61131.8,2026-04-01,fm6092,,0.268,0.297,0.259,,0.009,0.01,0.009
1909+161,61159.8,2026-04-29,fm6120,,,0.309,,,,0.01,
1909+161,61187.8,2026-05-27,fm6148,,0.363,0.311,0.244,,0.015,0.01,0.008
1909+161,61226.6,2026-07-05,fm6186,,0.264,0.268,0.237,,0.01,0.009,0.008
1909+161,61254.4,2026-08-02,fm6214,,,,0.24,,,,0.009
1909+161,61289.3,2026-09-06,fm6249,,0.265,0.301,0.228,,0.011,0.011,0.01
1923+210,60417.7,2024-04-17,vo4108,,1.483,1.469,1.42,,0.048,0.049,0.044
1923+210,60424.1,2024-04-24,vo4115,1.276,1.515,1.503,1.454,0.046,0.047,0.046,0.045
1923+210,60459.6,2024-05-29,vo4150,,1.407,1.389,1.504,,0.044,0.042,0.046
1923+210,60557.3,2024-09-04,vo4248,,1.543,1.429,1.451,,0.055,0.043,0.044
1923+210,60578.0,2024-09-25,vo4269,,1.435,1.441,1.451,,0.044,0.044,0.044
1923+210,60592.0,2024-10-09,vo4283,,1.398,1.415,1.392,,0.045,0.043,0.043
1923+210,60620.1,2024-11-06,vo4311,1.371,1.356,1.391,1.412,0.045,0.049,0.042,0.043
1923+210,60648.0,2024-12-04,vo4339,,1.327,1.386,1.394,,0.042,0.044,0.042
1923+210,60655.0,2024-12-11,vo4346,,1.312,1.477,1.416,,0.041,0.045,0.044
1923+210,60696.8,2025-01-21,vo5022,,1.424,1.397,1.367,,0.048,0.044,0.041
1923+210,60703.8,2025-01-28,vo5029,1.484,1.378,1.358,1.344,0.049,0.042,0.041,0.041
1923+210,60717.8,2025-02-11,vo5043,,1.434,1.422,1.372,,0.043,0.044,0.041
1923+210,60773.5,2025-04-08,vo5099,,1.4,1.372,1.318,,0.043,0.042,0.04
1923+210,60808.5,2025-05-13,vo5134,,1.405,1.369,1.277,,0.044,0.042,0.039
1923+210,60850.7,2025-06-24,vo5176,,1.408,,1.348,,0.043,,0.041
1923+210,60906.5,2025-08-19,vo5232,,1.383,1.289,1.35,,0.046,0.041,0.041
1923+210,60955.6,2025-10-07,vo5281,,1.364,1.334,1.273,,0.043,0.042,0.039
1923+210,60977.0,2025-10-29,vo5302,,1.286,1.295,1.308,,0.042,0.041,0.04
1923+210,61005.0,2025-11-25,vo5330,,1.309,1.312,1.293,,0.045,0.04,0.04
1923+210,61026.0,2025-12-16,vo5351,,1.415,1.392,1.364,,0.043,0.043,0.042
1923+210,61089.2,2026-02-18,vo6049,,1.358,1.384,1.421,,0.05,0.046,0.051
1923+210,61095.9,2026-02-24,vo6056,,1.424,1.391,1.327,,0.046,0.045,0.041
1923+210,61131.0,2026-04-01,vo6091,,1.301,1.27,1.3,,0.049,0.044,0.042
1926+611,61158.7,2026-04-28,vo6119,,1.942,1.962,2.038,,0.071,0.06,0.062
1926+611,61235.7,2026-07-14,vo6196,,,2.251,2.349,,,0.068,0.071
1926+611,61249.6,2026-07-28,vo6210,,2.372,2.402,2.533,,0.083,0.074,0.078
1928+738,60727.3,2025-02-21,fm5052,,3.918,4.085,4.088,,0.124,0.123,0.123
1928+738,60728.4,2025-02-22,fm5053,3.224,3.856,4.105,4.108,0.099,0.132,0.128,0.125
1928+738,60762.4,2025-03-28,fm5087,3.297,3.973,4.113,4.134,0.106,0.122,0.124,0.125
1928+738,60789.0,2025-04-24,fm5114,3.563,4.029,4.137,4.212,0.161,0.124,0.124,0.128
1928+738,60814.0,2025-05-19,fm5139,,4.079,4.308,4.269,,0.129,0.131,0.129
1928+738,60858.1,2025-07-02,fm5183,3.399,3.978,4.243,4.43,0.136,0.127,0.128,0.137
1928+738,60872.1,2025-07-16,fm5197,3.209,4.069,,4.36,0.115,0.127,,0.132
1928+738,60939.2,2025-09-21,fm5264,,4.294,4.4,4.578,,0.148,0.133,0.139
1928+738,60981.2,2025-11-02,fm5306,,4.311,4.544,4.655,,0.131,0.138,0.141
1928+738,61006.0,2025-11-26,fm5331,,4.145,4.505,4.803,,0.152,0.142,0.146
1928+738,61027.3,2025-12-18,fm5352,,4.392,4.711,4.86,,0.134,0.142,0.146
1928+738,61068.8,2026-01-28,fm6029,,4.46,4.663,4.956,,0.142,0.141,0.149
1928+738,61094.4,2026-02-23,fm6054,3.613,4.532,4.803,4.984,0.116,0.138,0.146,0.151
1928+738,61105.7,2026-03-06,fm6066,,4.541,4.736,4.958,,0.159,0.144,0.149
1928+738,61131.7,2026-04-01,fm6092,,4.557,4.829,5.038,,0.157,0.147,0.153
1928+738,61159.7,2026-04-29,fm6120,,4.504,4.81,4.905,,0.14,0.147,0.148
1928+738,61187.7,2026-05-27,fm6148,,4.685,4.909,4.987,,0.155,0.148,0.151
1928+738,61226.7,2026-07-05,fm6186,,4.633,5.003,5.104,,0.152,0.159,0.154
1928+738,61254.4,2026-08-02,fm6214,,4.703,5.0,5.174,,0.146,0.151,0.156
1928+738,61289.4,2026-09-06,fm6249,,4.667,5.185,5.242,,0.147,0.16,0.162
1929+226,59958.0,2023-01-13,fm3013,,0.478,0.425,0.374,,0.019,0.014,0.013
1929+226,59975.9,2023-01-31,fm3031,,0.456,0.422,0.35,,0.018,0.014,0.013
1929+226,60078.1,2023-05-14,fm3134,,0.448,0.363,0.335,,0.02,0.013,0.012
1929+226,60092.6,2023-05-28,fm3148,,,0.367,0.336,,,0.013,0.012
1929+226,60126.5,2023-07-01,fm3182,,0.404,0.389,0.332,,0.014,0.013,0.013
1929+226,60139.6,2023-07-14,fm3195,,0.408,0.394,0.338,,0.014,0.013,0.012
1929+226,60237.4,2023-10-20,fm3293,,0.4,0.386,0.359,,0.013,0.013,0.013
1929+226,60250.5,2023-11-02,fm3306,,0.476,0.396,0.362,,0.017,0.013,0.012
1929+226,60320.5,2024-01-11,fm4011,,0.383,0.383,0.328,,0.014,0.014,0.012
1929+226,60359.3,2024-02-19,fm4050,0.52,0.393,0.379,0.325,0.023,0.015,0.013,0.012
1929+226,60383.8,2024-03-14,fm4074,,0.377,0.364,0.302,,0.015,0.013,0.014
1929+226,60437.0,2024-05-06,fm4128,,0.384,0.358,0.317,,0.015,0.012,0.012
1929+226,60464.6,2024-06-03,fm4155,,0.345,0.319,0.321,,0.013,0.012,0.011
1929+226,60621.4,2024-11-07,fm4312,,0.406,0.396,0.332,,0.013,0.014,0.011
1929+226,60649.3,2024-12-05,fm4340,,0.421,0.401,0.356,,0.015,0.013,0.013
1929+226,60650.5,2024-12-06,fm4341,,0.397,0.374,0.326,,0.013,0.012,0.013
1929+226,60702.2,2025-01-27,fm5027,0.453,0.423,0.4,0.342,0.017,0.014,0.013,0.011
1929+226,60727.8,2025-02-21,fm5052,,0.409,0.379,0.312,,0.013,0.012,0.011
1929+226,60728.8,2025-02-22,fm5053,0.448,0.394,0.378,,0.017,0.013,0.012,
1929+226,60762.7,2025-03-28,fm5087,,0.411,0.351,0.311,,0.014,0.012,0.01
1929+226,60789.7,2025-04-24,fm5114,,0.386,0.357,0.299,,0.013,0.011,0.01
1929+226,60814.6,2025-05-19,fm5139,,0.337,0.326,0.286,,0.012,0.011,0.01
1929+226,60858.5,2025-07-02,fm5183,,0.374,0.36,0.325,,0.013,0.012,0.012
1929+226,60872.4,2025-07-16,fm5197,,0.384,,0.322,,0.014,,0.012
1929+226,60939.4,2025-09-21,fm5264,,,0.339,0.289,,,0.013,0.01
1929+226,60981.4,2025-11-02,fm5306,,0.392,0.367,0.312,,0.013,0.012,0.011
1929+226,61006.0,2025-11-26,fm5331,,0.375,0.347,0.31,,0.014,0.011,0.011
1929+226,61027.2,2025-12-18,fm5352,,0.388,0.365,0.323,,0.013,0.012,0.011
1929+226,61068.8,2026-01-28,fm6029,,0.385,0.358,0.306,,0.013,0.011,0.01
1929+226,61094.8,2026-02-23,fm6054,,0.377,0.352,0.301,,0.013,0.011,0.01
1929+226,61105.8,2026-03-06,fm6066,,,0.352,0.322,,,0.012,0.011
1929+226,61131.8,2026-04-01,fm6092,,0.349,0.322,0.287,,0.012,0.011,0.01
1929+226,61160.8,2026-04-30,fm6120,,,0.359,,,,0.012,
1929+226,61187.8,2026-05-27,fm6148,,0.366,0.327,0.281,,0.013,0.011,0.009
1929+226,61226.5,2026-07-05,fm6186,,0.328,0.306,0.255,,0.012,0.01,0.009
1929+226,61254.4,2026-08-02,fm6214,,0.33,0.314,0.268,,0.013,0.012,0.009
1929+226,61289.4,2026-09-06,fm6249,,0.323,0.303,,,0.011,0.011,
1936+046,59958.1,2023-01-14,fm3013,,0.333,0.345,0.353,,0.012,0.012,0.012
1936+046,59976.0,2023-02-01,fm3031,,0.344,0.341,0.34,,0.012,0.012,0.012
1936+046,60078.8,2023-05-14,fm3134,,,0.348,0.328,,,0.012,0.012
1936+046,60092.8,2023-05-28,fm3148,,,0.407,0.367,,,0.014,0.013
1936+046,60126.6,2023-07-01,fm3182,,0.4,0.379,0.387,,0.014,0.013,0.014
1936+046,60139.6,2023-07-14,fm3195,,0.347,0.358,0.344,,0.014,0.012,0.012
1936+046,60237.4,2023-10-20,fm3293,,0.39,0.387,0.382,,0.015,0.013,0.013
1936+046,60250.5,2023-11-02,fm3306,,0.403,0.415,0.39,,0.013,0.014,0.013
1936+046,60321.2,2024-01-12,fm4011,,0.392,0.401,0.363,,0.013,0.013,0.012
1936+046,60360.1,2024-02-20,fm4050,,0.361,0.35,0.359,,0.014,0.012,0.013
1936+046,60384.0,2024-03-14,fm4074,,0.356,0.376,0.372,,0.014,0.013,0.014
1936+046,60437.8,2024-05-07,fm4128,,0.358,0.386,0.359,,0.017,0.013,0.013
1936+046,60464.7,2024-06-03,fm4155,,0.368,,0.35,,0.014,,0.013
1936+046,60621.3,2024-11-07,fm4312,,0.376,0.377,0.376,,0.013,0.014,0.012
1936+046,60649.3,2024-12-05,fm4340,,0.393,0.394,0.386,,0.013,0.013,0.014
1936+046,60651.2,2024-12-07,fm4341,,0.386,0.365,0.351,,0.014,0.012,0.012
1936+046,60702.1,2025-01-27,fm5027,,0.445,0.412,0.392,,0.016,0.013,0.013
1936+046,60728.0,2025-02-21,fm5052,0.469,0.366,0.373,0.413,0.022,0.013,0.012,0.014
1936+046,60729.0,2025-02-23,fm5053,,0.428,0.424,0.411,,0.014,0.014,0.014
1936+046,60762.9,2025-03-28,fm5087,,0.392,0.378,0.389,,0.013,0.013,0.012
1936+046,60789.8,2025-04-24,fm5114,,0.429,0.424,0.419,,0.015,0.013,0.014
1936+046,60814.8,2025-05-19,fm5139,,,0.407,0.378,,,0.013,0.012
1936+046,60858.6,2025-07-02,fm5183,,0.36,0.355,0.345,,0.012,0.012,0.012
1936+046,60872.6,2025-07-16,fm5197,,0.355,,0.352,,0.014,,0.014
1936+046,60939.2,2025-09-21,fm5264,,0.369,0.373,0.352,,0.016,0.013,0.012
1936+046,60981.3,2025-11-02,fm5306,,0.359,0.341,0.348,,0.012,0.012,0.012
1936+046,61006.2,2025-11-27,fm5331,,0.461,0.461,0.382,,0.015,0.015,0.013
1936+046,61027.2,2025-12-18,fm5352,,0.411,0.416,0.377,,0.014,0.013,0.012
1936+046,61069.0,2026-01-29,fm6029,0.399,0.375,0.332,0.325,0.02,0.013,0.011,0.011
1936+046,61089.3,2026-02-18,vo6049,,,,0.365,,,,0.019
1936+046,61095.0,2026-02-23,fm6054,,0.373,0.355,0.342,,0.013,0.012,0.012
1936+046,61095.9,2026-02-24,vo6056,,0.352,0.373,0.365,,0.021,0.019,0.017
1936+046,61105.7,2026-03-06,fm6066,,0.353,0.359,0.325,,0.012,0.012,0.011
1936+046,61131.2,2026-04-01,vo6091,,,,0.312,,,,0.016
1936+046,61158.9,2026-04-28,vo6119,,0.381,0.353,,,0.025,0.019,
1936+046,61159.8,2026-04-29,fm6120,,0.376,0.348,,,0.014,0.012,
1936+046,61187.8,2026-05-27,fm6148,,,0.34,0.313,,,0.013,0.01
1936+046,61201.7,2026-06-10,vo6162,,,0.345,0.271,,,0.022,0.015
1936+046,61226.6,2026-07-05,fm6186,,0.38,0.344,0.324,,0.013,0.011,0.011
1936+046,61235.7,2026-07-14,vo6196,,,0.337,0.271,,,0.023,0.019
1936+046,61254.3,2026-08-02,fm6214,,0.332,0.323,0.279,,0.012,0.011,0.01
1936+046,61289.4,2026-09-06,fm6249,,,0.298,,,,0.013,
1936-155,59958.3,2023-01-14,fm3013,,,,1.268,,,,0.047
1936-155,59976.2,2023-02-01,fm3031,,1.381,1.37,1.191,,0.047,0.042,0.037
1936-155,60078.9,2023-05-14,fm3134,,,1.335,1.218,,,0.043,0.038
1936-155,60092.9,2023-05-28,fm3148,1.348,,1.398,1.315,0.05,,0.046,0.04
1936-155,60126.8,2023-07-01,fm3182,,1.432,1.339,1.207,,0.045,0.041,0.037
1936-155,60139.8,2023-07-14,fm3195,1.705,1.565,1.521,1.349,0.059,0.052,0.048,0.041
1936-155,60237.5,2023-10-20,fm3293,,1.576,1.519,1.305,,0.048,0.047,0.041
1936-155,60250.5,2023-11-02,fm3306,1.702,1.506,1.456,1.342,0.064,0.053,0.044,0.041
1936-155,60321.3,2024-01-12,fm4011,,1.79,1.671,1.49,,0.06,0.054,0.046
1936-155,60360.2,2024-02-20,fm4050,1.95,1.72,1.665,1.491,0.06,0.055,0.051,0.046
1936-155,60384.1,2024-03-15,fm4074,1.809,1.707,1.662,1.474,0.063,0.054,0.052,0.046
1936-155,60438.0,2024-05-08,fm4128,,1.784,1.732,1.568,,0.063,0.053,0.048
1936-155,60464.9,2024-06-03,fm4155,1.707,1.781,1.784,1.646,0.06,0.058,0.054,0.053
1936-155,60557.6,2024-09-04,vo4248,,,1.894,1.751,,,0.059,0.055
1936-155,60578.5,2024-09-25,vo4269,1.878,1.928,1.854,1.705,0.066,0.065,0.057,0.053
1936-155,60620.4,2024-11-06,vo4311,,2.009,1.981,1.741,,0.065,0.061,0.053
1936-155,60621.2,2024-11-07,fm4312,1.952,2.058,2.03,1.771,0.064,0.064,0.062,0.054
1936-155,60649.1,2024-12-05,fm4340,,2.237,2.154,1.881,,0.071,0.069,0.063
1936-155,60651.4,2024-12-07,fm4341,,2.15,2.059,1.802,,0.068,0.062,0.055
1936-155,60702.0,2025-01-26,fm5027,2.368,2.143,2.087,1.854,0.079,0.075,0.063,0.056
1936-155,60704.2,2025-01-29,vo5029,,2.139,2.033,1.795,,0.072,0.063,0.055
1936-155,60728.2,2025-02-22,fm5052,2.084,2.158,2.071,1.881,0.065,0.066,0.063,0.057
1936-155,60729.2,2025-02-23,fm5053,,2.184,2.108,1.953,,0.067,0.064,0.06
1936-155,60763.1,2025-03-29,fm5087,,2.247,2.132,1.868,,0.069,0.064,0.057
1936-155,60790.0,2025-04-24,fm5114,2.565,2.447,2.293,1.904,0.096,0.076,0.069,0.058
1936-155,60814.9,2025-05-19,fm5139,,2.351,2.221,1.865,,0.076,0.067,0.057
1936-155,60851.8,2025-06-25,vo5176,2.218,2.21,,1.827,0.081,0.073,,0.057
1936-155,60858.8,2025-07-02,fm5183,2.041,2.165,2.092,1.857,0.08,0.069,0.063,0.058
1936-155,60872.9,2025-07-16,fm5197,2.06,2.137,,1.851,0.088,0.084,,0.057
1936-155,60907.7,2025-08-20,vo5232,,2.02,1.961,1.761,,0.074,0.061,0.054
1936-155,60939.6,2025-09-21,fm5264,1.364,1.768,1.819,1.638,0.065,0.063,0.056,0.051
1936-155,60981.1,2025-11-02,fm5306,1.324,1.686,1.654,1.464,0.05,0.057,0.05,0.046
1936-155,61006.4,2025-11-27,fm5331,1.704,1.893,1.837,1.601,0.069,0.061,0.056,0.05
1936-155,61027.6,2025-12-18,fm5352,,1.879,1.813,1.635,,0.058,0.055,0.051
1936-155,61069.2,2026-01-29,fm6029,1.805,1.855,1.772,1.52,0.059,0.059,0.054,0.046
1936-155,61095.2,2026-02-24,fm6054,1.757,1.713,1.679,1.466,0.065,0.055,0.051,0.046
1936-155,61106.1,2026-03-07,fm6066,1.741,1.747,1.686,1.465,0.06,0.053,0.051,0.045
1936-155,61131.6,2026-04-01,fm6092,1.779,1.769,1.726,1.478,0.059,0.057,0.052,0.045
1936-155,61159.6,2026-04-29,fm6120,,,1.655,1.42,,,0.051,0.044
1936-155,61187.6,2026-05-27,fm6148,,1.472,1.479,1.333,,0.05,0.045,0.041
1936-155,61226.8,2026-07-05,fm6186,,1.729,1.601,1.32,,0.056,0.049,0.04
1936-155,61254.7,2026-08-02,fm6214,,1.616,1.592,1.325,,0.053,0.049,0.041
1936-155,61289.3,2026-09-06,fm6249,,1.564,1.521,1.3,,0.048,0.05,0.041
1937-101,59958.2,2023-01-14,fm3013,,,0.539,,,,0.021,
1937-101,59976.2,2023-02-01,fm3031,0.836,0.62,0.525,0.395,0.039,0.027,0.017,0.014
1937-101,60078.9,2023-05-14,fm3134,,,0.538,,,,0.017,
1937-101,60092.8,2023-05-28,fm3148,,,0.526,0.372,,,0.017,0.013
1937-101,60126.8,2023-07-01,fm3182,,0.628,0.536,0.401,,0.022,0.018,0.016
1937-101,60139.7,2023-07-14,fm3195,,,0.549,0.389,,,0.018,0.017
1937-101,60237.5,2023-10-20,fm3293,,,0.56,,,,0.019,
1937-101,60321.3,2024-01-12,fm4011,,0.607,0.515,0.375,,0.021,0.018,0.015
1937-101,60360.2,2024-02-20,fm4050,0.796,0.586,0.54,0.377,0.028,0.02,0.018,0.014
1937-101,60384.0,2024-03-15,fm4074,0.761,,0.515,,0.036,,0.018,
1937-101,60438.0,2024-05-07,fm4128,,,0.516,0.369,,,0.018,0.015
1937-101,60464.8,2024-06-03,fm4155,0.799,0.581,0.52,0.37,0.029,0.023,0.018,0.014
1937-101,60621.2,2024-11-07,fm4312,0.763,0.584,0.521,0.373,0.034,0.019,0.016,0.013
1937-101,60650.3,2024-12-06,fm4341,,0.632,0.527,0.394,,0.023,0.016,0.015
1937-101,60702.1,2025-01-27,fm5027,,,0.532,0.378,,,0.017,0.014
1937-101,60728.1,2025-02-22,fm5052,0.827,0.614,0.554,0.408,0.027,0.019,0.018,0.014
1937-101,60729.1,2025-02-23,fm5053,,0.616,0.54,,,0.021,0.018,
1937-101,60763.0,2025-03-29,fm5087,0.818,,,,0.03,,,
1937-101,60789.9,2025-04-24,fm5114,0.782,,,0.37,0.03,,,0.013
1937-101,60814.9,2025-05-19,fm5139,,0.685,0.535,0.37,,0.024,0.018,0.013
1937-101,60858.8,2025-07-02,fm5183,0.775,0.59,0.515,0.332,0.031,0.021,0.016,0.016
1937-101,60872.9,2025-07-16,fm5197,,,,0.376,,,,0.013
1937-101,60939.5,2025-09-21,fm5264,,0.625,0.528,0.39,,0.02,0.018,0.018
1937-101,61095.1,2026-02-24,fm6054,,0.594,0.529,0.355,,0.019,0.017,0.014
1937-101,61131.8,2026-04-01,fm6092,,0.617,0.543,0.379,,0.019,0.017,0.013
1937-101,61159.7,2026-04-29,fm6120,,,0.506,,,,0.017,
1937-101,61187.8,2026-05-27,fm6148,,0.606,0.527,0.367,,0.022,0.016,0.012
1937-101,61226.7,2026-07-05,fm6186,,0.601,0.52,0.357,,0.02,0.017,0.013
1937-101,61254.6,2026-08-02,fm6214,,0.64,0.509,0.41,,0.021,0.017,0.015
1937-101,61289.3,2026-09-06,fm6249,,0.604,0.54,0.375,,0.019,0.018,0.014
1949-052,59958.2,2023-01-14,fm3013,,,0.577,0.654,,,0.019,0.024
1949-052,59976.1,2023-02-01,fm3031,,0.552,0.581,0.682,,0.018,0.018,0.022
1949-052,60078.9,2023-05-14,fm3134,,,0.632,0.72,,,0.02,0.023
1949-052,60092.8,2023-05-28,fm3148,,,0.57,0.677,,,0.019,0.022
1949-052,60126.7,2023-07-01,fm3182,,0.596,0.624,0.69,,0.019,0.02,0.023
1949-052,60139.7,2023-07-14,fm3195,,0.593,0.637,0.693,,0.02,0.02,0.023
1949-052,60237.4,2023-10-20,fm3293,,0.585,0.602,0.676,,0.022,0.019,0.022
1949-052,60250.5,2023-11-02,fm3306,,,0.587,0.664,,,0.021,0.024
1949-052,60321.2,2024-01-12,fm4011,,0.629,0.686,0.774,,0.021,0.021,0.024
1949-052,60360.1,2024-02-20,fm4050,0.488,0.63,0.675,0.733,0.022,0.02,0.021,0.023
1949-052,60384.0,2024-03-15,fm4074,,0.614,0.648,0.743,,0.02,0.02,0.024
1949-052,60437.0,2024-05-06,fm4128,,0.707,0.709,0.724,,0.024,0.022,0.023
1949-052,60464.8,2024-06-03,fm4155,,0.656,0.69,0.738,,0.024,0.022,0.023
1949-052,60621.4,2024-11-07,fm4312,,0.566,0.576,0.628,,0.018,0.018,0.02
1949-052,60649.3,2024-12-05,fm4340,,,0.579,0.63,,,0.019,0.023
1949-052,60651.3,2024-12-07,fm4341,,,0.546,,,,0.018,
1949-052,60702.2,2025-01-27,fm5027,,0.491,0.498,0.576,,0.016,0.016,0.019
1949-052,60728.1,2025-02-22,fm5052,,0.441,0.464,0.553,,0.014,0.015,0.017
1949-052,60729.1,2025-02-23,fm5053,0.425,0.438,0.467,0.566,0.024,0.014,0.015,0.018
1949-052,60763.0,2025-03-28,fm5087,,0.473,0.504,0.555,,0.015,0.016,0.017
1949-052,60789.9,2025-04-24,fm5114,,0.469,0.511,0.561,,0.019,0.017,0.018
1949-052,60814.8,2025-05-19,fm5139,,0.448,0.484,0.582,,0.017,0.015,0.018
1949-052,60858.7,2025-07-02,fm5183,,0.498,0.546,0.594,,0.016,0.017,0.019
1949-052,60872.9,2025-07-16,fm5197,,0.446,,0.56,,0.019,,0.019
1949-052,60939.3,2025-09-21,fm5264,,,0.495,0.522,,,0.016,0.02
1949-052,60981.2,2025-11-02,fm5306,,0.43,0.468,0.484,,0.015,0.015,0.016
1949-052,61054.3,2026-01-14,vo6014,,,,0.476,,,,0.022
1949-052,61069.1,2026-01-29,fm6029,0.441,0.447,0.455,0.437,0.02,0.018,0.015,0.014
1949-052,61089.2,2026-02-18,vo6049,,0.489,,,,0.028,,
1949-052,61095.1,2026-02-24,fm6054,,0.416,0.434,0.453,,0.014,0.014,0.015
1949-052,61106.0,2026-03-07,fm6066,,,0.418,,,,0.014,
1949-052,61130.9,2026-03-31,vo6091,,0.415,0.41,0.413,,0.024,0.024,0.018
1949-052,61131.8,2026-04-01,fm6092,,0.427,0.427,0.468,,0.015,0.014,0.017
1949-052,61159.7,2026-04-29,fm6120,,,0.468,,,,0.017,
1949-052,61187.8,2026-05-27,fm6148,,,0.451,0.516,,,0.014,0.017
1949-052,61202.9,2026-06-11,vo6162,,,,0.414,,,,0.034
1949-052,61226.7,2026-07-05,fm6186,,0.42,0.448,0.503,,0.014,0.015,0.016
1949-052,61249.7,2026-07-28,vo6210,,,,0.531,,,,0.026
1949-052,61254.6,2026-08-02,fm6214,,0.41,0.443,0.498,,0.014,0.014,0.016
1949-052,61289.4,2026-09-06,fm6249,,0.368,0.408,,,0.014,0.014,
1951+355,59957.8,2023-01-13,fm3013,,0.531,0.53,0.505,,0.018,0.017,0.017
1951+355,59975.8,2023-01-31,fm3031,,0.519,0.512,0.502,,0.016,0.016,0.016
1951+355,60078.2,2023-05-14,fm3134,,,0.513,0.463,,,0.018,0.016
1951+355,60092.2,2023-05-28,fm3148,,,0.486,0.456,,,0.017,0.015
1951+355,60126.4,2023-07-01,fm3182,,0.478,0.472,0.44,,0.017,0.015,0.015
1951+355,60139.6,2023-07-14,fm3195,,0.481,0.477,0.452,,0.016,0.016,0.015
1951+355,60237.3,2023-10-20,fm3293,,0.478,0.49,0.476,,0.018,0.016,0.016
1951+355,60250.3,2023-11-02,fm3306,,0.474,0.453,0.428,,0.015,0.015,0.014
1951+355,60320.4,2024-01-11,fm4011,,,0.486,0.455,,,0.015,0.015
1951+355,60359.4,2024-02-19,fm4050,,0.488,0.482,0.432,,0.018,0.015,0.015
1951+355,60383.4,2024-03-14,fm4074,,0.486,0.45,0.401,,0.018,0.015,0.017
1951+355,60437.1,2024-05-07,fm4128,,0.478,0.517,0.466,,0.018,0.017,0.015
1951+355,60464.5,2024-06-03,fm4155,,0.491,0.515,0.459,,0.016,0.016,0.015
1951+355,60621.3,2024-11-07,fm4312,,0.535,0.532,0.509,,0.018,0.017,0.016
1951+355,60649.3,2024-12-05,fm4340,,0.546,0.549,0.494,,0.018,0.018,0.018
1951+355,60650.4,2024-12-06,fm4341,,0.521,0.488,0.466,,0.017,0.015,0.015
1951+355,60702.2,2025-01-27,fm5027,,0.535,0.508,0.48,,0.02,0.016,0.015
1951+355,60727.4,2025-02-21,fm5052,,0.531,0.554,0.491,,0.018,0.017,0.017
1951+355,60728.7,2025-02-22,fm5053,,0.538,0.545,,,0.018,0.017,
1951+355,60762.6,2025-03-28,fm5087,,0.577,0.528,0.481,,0.019,0.017,0.015
1951+355,60789.2,2025-04-24,fm5114,,,0.545,0.473,,,0.017,0.015
1951+355,60858.4,2025-07-02,fm5183,,0.549,0.508,0.473,,0.019,0.017,0.016
1951+355,60872.3,2025-07-16,fm5197,,0.558,,0.492,,0.019,,0.016
1951+355,60939.3,2025-09-21,fm5264,,0.526,0.496,0.463,,0.017,0.016,0.015
1951+355,60981.4,2025-11-02,fm5306,,0.557,0.52,0.47,,0.021,0.017,0.015
1951+355,61006.1,2025-11-27,fm5331,,0.565,0.528,0.453,,0.019,0.017,0.016
1951+355,61027.2,2025-12-18,fm5352,,0.56,0.544,0.481,,0.019,0.017,0.015
1951+355,61068.8,2026-01-28,fm6029,,0.493,0.496,0.447,,0.017,0.015,0.014
1951+355,61094.7,2026-02-23,fm6054,,0.49,0.476,0.449,,0.016,0.016,0.014
1951+355,61105.8,2026-03-06,fm6066,,0.513,0.436,0.431,,0.017,0.014,0.014
1951+355,61131.8,2026-04-01,fm6092,,,0.471,0.455,,,0.015,0.015
1951+355,61159.8,2026-04-29,fm6120,,0.448,0.456,0.435,,0.018,0.014,0.014
1951+355,61187.9,2026-05-27,fm6148,,,0.498,0.427,,,0.015,0.013
1951+355,61226.4,2026-07-05,fm6186,,,0.475,0.446,,,0.016,0.014
1951+355,61254.4,2026-08-02,fm6214,,0.515,0.464,0.441,,0.02,0.015,0.014
1951+355,61289.6,2026-09-06,fm6249,,0.47,0.474,0.432,,0.015,0.016,0.015
1954+513,61095.7,2026-02-24,vo6056,,1.205,1.196,1.151,,0.043,0.04,0.037
1954+513,61158.7,2026-04-28,vo6119,,,1.178,1.173,,,0.04,0.039
1958-179,60418.1,2024-04-18,vo4108,,1.927,2.108,2.657,,0.065,0.069,0.081
1958-179,60425.0,2024-04-25,vo4115,,2.078,2.296,2.835,,0.068,0.071,0.087
1958-179,61089.2,2026-02-18,vo6049,,1.385,1.504,1.602,,0.05,0.052,0.052
1958-179,61096.2,2026-02-25,vo6056,,1.302,1.299,1.365,,0.051,0.045,0.045
1958-179,61131.2,2026-04-01,vo6091,,,,1.114,,,,0.042
1958-179,61159.0,2026-04-28,vo6119,,,1.071,,,,0.046,
1958-179,61201.5,2026-06-10,vo6162,,0.9,0.916,0.978,,0.04,0.037,0.035
1958-179,61235.6,2026-07-14,vo6196,,,,0.928,,,,0.037
1958-179,61250.8,2026-07-29,vo6210,,,,0.95,,,,0.046
2000+148,59958.0,2023-01-14,fm3013,,0.34,0.358,0.388,,0.012,0.012,0.014
2000+148,59976.0,2023-01-31,fm3031,,0.348,0.351,0.382,,0.012,0.012,0.013
2000+148,60078.8,2023-05-14,fm3134,,,0.379,0.416,,,0.014,0.014
2000+148,60092.7,2023-05-28,fm3148,,,0.351,0.408,,,0.012,0.014
2000+148,60126.9,2023-07-01,fm3182,,0.353,0.375,0.439,,0.013,0.014,0.015
2000+148,60139.7,2023-07-14,fm3195,,0.414,0.419,0.478,,0.017,0.014,0.016
2000+148,60237.4,2023-10-20,fm3293,,0.369,0.393,0.467,,0.013,0.014,0.015
2000+148,60359.2,2024-02-19,fm4050,,0.409,0.43,0.453,,0.014,0.015,0.015
2000+148,60383.9,2024-03-14,fm4074,,0.413,0.411,0.473,,0.015,0.014,0.017
2000+148,60437.0,2024-05-07,fm4128,,0.393,0.421,0.496,,0.014,0.014,0.016
2000+148,60464.7,2024-06-03,fm4155,,0.413,0.418,0.436,,0.015,0.014,0.015
2000+148,60621.3,2024-11-07,fm4312,,,0.359,0.392,,,0.016,0.015
2000+148,60649.2,2024-12-05,fm4340,,0.413,0.45,0.492,,0.014,0.015,0.018
2000+148,60650.4,2024-12-06,fm4341,,0.352,0.39,0.422,,0.011,0.012,0.014
2000+148,60702.2,2025-01-27,fm5027,,0.417,0.409,0.433,,0.013,0.013,0.014
2000+148,60727.9,2025-02-21,fm5052,0.373,,0.394,,0.014,,0.014,
2000+148,60729.0,2025-02-23,fm5053,0.347,0.366,0.392,,0.015,0.012,0.012,
2000+148,60762.8,2025-03-28,fm5087,,0.359,0.377,0.402,,0.012,0.012,0.013
2000+148,60789.8,2025-04-24,fm5114,,0.377,0.382,0.41,,0.012,0.012,0.013
2000+148,60814.7,2025-05-19,fm5139,,0.399,0.395,0.429,,0.013,0.013,0.014
2000+148,60858.6,2025-07-02,fm5183,,,0.381,0.413,,,0.012,0.014
2000+148,60872.5,2025-07-16,fm5197,,0.363,,0.414,,0.014,,0.015
2000+148,60939.2,2025-09-21,fm5264,,0.362,,0.361,,0.014,,0.012
2000+148,60981.3,2025-11-02,fm5306,,0.357,0.356,0.377,,0.012,0.011,0.012
2000+148,61006.1,2025-11-27,fm5331,,,,0.375,,,,0.013
2000+148,61027.2,2025-12-18,fm5352,,0.354,0.36,0.374,,0.012,0.012,0.012
2000+148,61069.0,2026-01-29,fm6029,,0.367,0.376,0.387,,0.012,0.012,0.012
2000+148,61095.0,2026-02-23,fm6054,,0.369,0.357,0.384,,0.014,0.014,0.013
2000+148,61105.7,2026-03-06,fm6066,,0.322,0.334,0.38,,0.011,0.011,0.012
2000+148,61131.8,2026-04-01,fm6092,,0.402,0.383,0.378,,0.016,0.015,0.012
2000+148,61159.8,2026-04-29,fm6120,,0.297,0.333,0.39,,0.013,0.011,0.013
2000+148,61187.8,2026-05-27,fm6148,,,0.336,0.402,,,0.011,0.013
2000+148,61226.6,2026-07-05,fm6186,,0.351,0.374,0.426,,0.012,0.014,0.014
2000+148,61254.3,2026-08-02,fm6214,,0.388,0.393,0.439,,0.013,0.014,0.014
2000+148,61289.4,2026-09-06,fm6249,,0.382,0.409,,,0.013,0.015,
2000+472,59957.6,2023-01-13,fm3013,,1.298,1.219,0.955,,0.04,0.037,0.029
2000+472,59975.7,2023-01-31,fm3031,,1.255,1.176,0.947,,0.038,0.036,0.03
2000+472,60078.2,2023-05-14,fm3134,,1.225,1.129,0.923,,0.051,0.035,0.029
2000+472,60092.2,2023-05-28,fm3148,,,1.126,0.913,,,0.037,0.03
2000+472,60126.6,2023-07-01,fm3182,1.559,1.38,1.269,0.968,0.056,0.045,0.04,0.03
2000+472,60139.5,2023-07-14,fm3195,,1.223,1.197,0.976,,0.04,0.037,0.03
2000+472,60237.3,2023-10-20,fm3293,1.392,1.333,1.244,1.063,0.047,0.041,0.038,0.033
2000+472,60250.3,2023-11-02,fm3306,1.372,1.308,1.27,1.022,0.048,0.04,0.038,0.031
2000+472,60320.4,2024-01-11,fm4011,,1.277,1.269,1.047,,0.04,0.04,0.032
2000+472,60359.3,2024-02-19,fm4050,1.352,1.434,1.383,1.131,0.049,0.045,0.042,0.035
2000+472,60383.8,2024-03-14,fm4074,,1.467,1.384,1.075,,0.051,0.043,0.034
2000+472,60437.1,2024-05-07,fm4128,,1.412,1.428,1.205,,0.046,0.043,0.037
2000+472,60459.0,2024-05-29,vo4150,,1.243,1.294,1.194,,0.042,0.039,0.037
2000+472,60464.4,2024-06-03,fm4155,,1.263,1.327,1.144,,0.043,0.04,0.035
2000+472,60621.3,2024-11-07,fm4312,,1.539,1.485,1.252,,0.05,0.045,0.038
2000+472,60649.2,2024-12-05,fm4340,,1.698,1.667,1.351,,0.054,0.053,0.046
2000+472,60650.4,2024-12-06,fm4341,,1.633,1.579,1.315,,0.051,0.048,0.04
2000+472,60702.1,2025-01-27,fm5027,1.502,1.572,1.497,1.236,0.053,0.052,0.045,0.038
2000+472,60727.3,2025-02-21,fm5052,,1.573,1.506,1.214,,0.049,0.046,0.037
2000+472,60728.4,2025-02-22,fm5053,1.449,1.536,1.478,1.237,0.046,0.047,0.046,0.038
2000+472,60762.4,2025-03-28,fm5087,1.42,1.546,1.467,1.226,0.048,0.047,0.044,0.037
2000+472,60789.0,2025-04-24,fm5114,1.435,1.515,1.47,1.214,0.047,0.047,0.044,0.037
2000+472,60814.0,2025-05-19,fm5139,,1.513,1.475,1.185,,0.052,0.045,0.036
2000+472,60858.1,2025-07-02,fm5183,,1.429,1.408,1.215,,0.045,0.043,0.038
2000+472,60872.1,2025-07-16,fm5197,1.34,1.414,,1.214,0.046,0.045,,0.038
2000+472,60939.2,2025-09-21,fm5264,,1.459,1.373,1.124,,0.047,0.042,0.034
2000+472,60981.3,2025-11-02,fm5306,,1.539,1.492,1.193,,0.047,0.045,0.037
2000+472,61006.0,2025-11-26,fm5331,1.492,1.301,1.3,1.182,0.05,0.04,0.041,0.037
2000+472,61027.1,2025-12-18,fm5352,,1.416,1.374,1.183,,0.046,0.042,0.036
2000+472,61054.4,2026-01-14,vo6014,,1.327,1.299,,,0.058,0.054,
2000+472,61068.8,2026-01-28,fm6029,,1.36,1.376,1.186,,0.042,0.042,0.036
2000+472,61089.7,2026-02-18,vo6049,,1.423,1.284,1.176,,0.058,0.061,0.048
2000+472,61094.6,2026-02-23,fm6054,1.463,1.482,1.439,1.218,0.051,0.046,0.045,0.038
2000+472,61096.0,2026-02-24,vo6056,,1.452,1.446,1.168,,0.048,0.047,0.038
2000+472,61105.8,2026-03-06,fm6066,,1.445,1.428,1.2,,0.046,0.043,0.037
2000+472,61131.0,2026-03-31,vo6091,,1.402,1.322,1.133,,0.053,0.048,0.038
2000+472,61131.8,2026-04-01,fm6092,,1.45,1.38,1.204,,0.044,0.042,0.037
2000+472,61159.2,2026-04-29,vo6119,,,1.355,,,,0.059,
2000+472,61159.8,2026-04-29,fm6120,,1.52,1.469,1.225,,0.05,0.044,0.038
2000+472,61187.8,2026-05-27,fm6148,1.234,1.481,1.438,1.228,0.045,0.049,0.043,0.037
2000+472,61202.3,2026-06-11,vo6162,,1.414,1.503,1.23,,0.068,0.063,0.046
2000+472,61226.8,2026-07-05,fm6186,,1.412,1.39,1.208,,0.045,0.042,0.037
2000+472,61236.2,2026-07-15,vo6196,,,,1.195,,,,0.046
2000+472,61249.8,2026-07-28,vo6210,,,1.383,1.166,,,0.058,0.041
2000+472,61254.4,2026-08-02,fm6214,,1.481,1.47,1.264,,0.048,0.045,0.039
2000+472,61289.4,2026-09-06,fm6249,,1.54,1.437,,,0.049,0.044,
2007+659,61249.6,2026-07-28,vo6210,,,0.752,0.723,,,0.025,0.023
2008-159,59958.3,2023-01-14,fm3013,,1.543,1.621,1.862,,0.051,0.053,0.057
2008-159,59976.2,2023-02-01,fm3031,,1.429,1.556,1.82,,0.046,0.048,0.056
2008-159,60079.0,2023-05-14,fm3134,,1.438,1.54,1.849,,0.063,0.048,0.056
2008-159,60092.9,2023-05-28,fm3148,,,1.529,1.833,,,0.049,0.056
2008-159,60126.8,2023-07-01,fm3182,,1.413,1.497,1.813,,0.043,0.045,0.056
2008-159,60139.8,2023-07-14,fm3195,,1.452,1.564,1.851,,0.049,0.048,0.056
2008-159,60237.5,2023-10-20,fm3293,,1.514,1.63,1.921,,0.048,0.05,0.058
2008-159,60243.3,2023-10-26,vo3299,,1.536,1.673,1.923,,0.051,0.052,0.059
2008-159,60321.4,2024-01-12,fm4011,,1.464,1.643,1.939,,0.046,0.051,0.059
2008-159,60360.2,2024-02-20,fm4050,1.234,1.6,1.728,2.038,0.04,0.049,0.053,0.062
2008-159,60384.1,2024-03-15,fm4074,,1.519,1.65,1.976,,0.05,0.051,0.061
2008-159,60438.0,2024-05-07,fm4128,,1.577,1.729,1.994,,0.055,0.055,0.06
2008-159,60459.9,2024-05-29,vo4150,1.15,1.563,1.71,2.094,0.059,0.069,0.053,0.064
2008-159,60464.9,2024-06-03,fm4155,,1.509,1.682,1.915,,0.05,0.051,0.058
2008-159,60592.5,2024-10-09,vo4283,,1.545,,1.859,,0.056,,0.056
2008-159,60621.2,2024-11-07,fm4312,,1.618,1.744,1.857,,0.051,0.053,0.056
2008-159,60648.0,2024-12-04,vo4339,,1.612,1.76,1.819,,0.062,0.053,0.056
2008-159,60649.1,2024-12-05,fm4340,,1.656,1.788,1.847,,0.053,0.057,0.062
2008-159,60651.4,2024-12-07,fm4341,,1.592,1.719,1.747,,0.048,0.052,0.054
2008-159,60655.0,2024-12-11,vo4346,,1.602,1.877,1.813,,0.05,0.057,0.055
2008-159,60702.0,2025-01-26,fm5027,,1.649,1.683,1.721,,0.057,0.051,0.053
2008-159,60718.2,2025-02-12,vo5043,,1.549,1.662,1.628,,0.048,0.052,0.051
2008-159,60728.2,2025-02-22,fm5052,1.175,1.598,1.721,1.759,0.042,0.05,0.052,0.054
2008-159,60729.2,2025-02-23,fm5053,1.204,1.583,1.696,1.769,0.04,0.048,0.052,0.055
2008-159,60763.1,2025-03-29,fm5087,1.122,1.562,1.647,1.624,0.04,0.049,0.05,0.049
2008-159,60774.0,2025-04-09,vo5099,,1.528,1.591,1.559,,0.047,0.049,0.048
2008-159,60790.0,2025-04-25,fm5114,1.203,1.555,1.623,1.57,0.045,0.047,0.049,0.048
2008-159,60808.9,2025-05-13,vo5134,,1.504,1.54,1.507,,0.047,0.047,0.046
2008-159,60815.0,2025-05-19,fm5139,,1.571,1.628,1.576,,0.051,0.049,0.048
2008-159,60858.8,2025-07-02,fm5183,,1.516,1.596,1.575,,0.048,0.049,0.05
2008-159,60872.9,2025-07-16,fm5197,,1.592,,1.552,,0.052,,0.048
2008-159,60939.6,2025-09-21,fm5264,,1.539,1.565,1.472,,0.048,0.048,0.046
2008-159,60956.6,2025-10-08,vo5281,,1.516,1.532,1.462,,0.046,0.048,0.045
2008-159,60977.4,2025-10-29,vo5302,,1.394,1.494,1.501,,0.048,0.047,0.048
2008-159,60981.1,2025-11-02,fm5306,,1.39,1.441,1.394,,0.049,0.044,0.043
2008-159,61005.4,2025-11-26,vo5330,,1.44,1.503,1.473,,0.055,0.046,0.046
2008-159,61006.4,2025-11-27,fm5331,,1.524,1.55,1.49,,0.047,0.047,0.046
2008-159,61026.4,2025-12-17,vo5351,,1.479,1.547,1.514,,0.048,0.05,0.052
2008-159,61027.6,2025-12-18,fm5352,,1.495,1.542,1.557,,0.046,0.047,0.047
2008-159,61054.3,2026-01-14,vo6014,,1.571,1.558,,,0.064,0.054,
2008-159,61069.2,2026-01-29,fm6029,,1.52,1.54,1.512,,0.048,0.047,0.046
2008-159,61089.2,2026-02-18,vo6049,,1.35,1.46,1.49,,0.05,0.05,0.048
2008-159,61095.2,2026-02-24,fm6054,,1.506,1.491,1.486,,0.048,0.046,0.047
2008-159,61096.1,2026-02-25,vo6056,,1.396,1.395,1.365,,0.053,0.049,0.046
2008-159,61106.2,2026-03-07,fm6066,,1.463,1.522,1.515,,0.049,0.046,0.046
2008-159,61131.0,2026-04-01,vo6091,,1.483,1.449,1.514,,0.051,0.049,0.049
2008-159,61132.1,2026-04-02,fm6092,,1.462,1.502,1.525,,0.049,0.046,0.047
2008-159,61159.6,2026-04-29,fm6120,,1.451,1.499,1.546,,0.055,0.046,0.047
2008-159,61159.0,2026-04-29,vo6119,,,1.444,1.612,,,0.049,0.054
2008-159,61187.6,2026-05-27,fm6148,,1.52,1.529,1.575,,0.047,0.048,0.048
2008-159,61201.6,2026-06-10,vo6162,,1.445,1.415,1.559,,0.056,0.048,0.051
2008-159,61226.8,2026-07-05,fm6186,,1.467,1.496,1.574,,0.047,0.045,0.048
2008-159,61236.9,2026-07-15,vo6196,,,1.549,1.498,,,0.07,0.057
2008-159,61249.6,2026-07-28,vo6210,,,1.462,1.584,,,0.056,0.054
2008-159,61254.8,2026-08-02,fm6214,,1.452,1.501,1.561,,0.048,0.046,0.048
2008-159,61289.3,2026-09-06,fm6249,1.32,1.472,1.563,1.55,0.052,0.046,0.05,0.049
2010+723,61095.6,2026-02-24,vo6056,,0.94,0.93,0.803,,0.03,0.031,0.025
2010+723,61235.7,2026-07-14,vo6196,,,0.986,0.869,,,0.031,0.027
2017+745,59957.6,2023-01-13,fm3013,,,0.414,0.374,,,0.015,0.012
2017+745,59975.7,2023-01-31,fm3031,,0.429,0.405,0.378,,0.015,0.014,0.013
2017+745,60078.2,2023-05-14,fm3134,,,0.401,0.359,,,0.014,0.012
2017+745,60092.2,2023-05-28,fm3148,,,0.391,0.35,,,0.013,0.012
2017+745,60127.0,2023-07-02,fm3182,,0.446,0.409,0.381,,0.018,0.015,0.014
2017+745,60139.5,2023-07-14,fm3195,,0.423,0.407,0.366,,0.015,0.014,0.013
2017+745,60237.3,2023-10-20,fm3293,,0.416,0.385,0.358,,0.016,0.014,0.013
2017+745,60250.4,2023-11-02,fm3306,,0.405,0.391,0.352,,0.014,0.013,0.013
2017+745,60320.4,2024-01-11,fm4011,,0.423,0.398,0.351,,0.019,0.013,0.012
2017+745,60359.4,2024-02-19,fm4050,,0.407,0.404,0.347,,0.014,0.013,0.012
2017+745,60383.4,2024-03-14,fm4074,,0.396,0.396,0.357,,0.014,0.013,0.013
2017+745,60437.1,2024-05-07,fm4128,,0.414,0.389,0.336,,0.017,0.013,0.012
2017+745,60464.4,2024-06-03,fm4155,,0.386,0.396,0.334,,0.014,0.014,0.012
2017+745,60621.3,2024-11-07,fm4312,,0.368,0.363,0.309,,0.014,0.012,0.01
2017+745,60649.2,2024-12-05,fm4340,,0.411,0.384,0.344,,0.014,0.013,0.013
2017+745,60650.4,2024-12-06,fm4341,,0.371,0.356,0.309,,0.013,0.011,0.01
2017+745,60702.2,2025-01-27,fm5027,,0.358,0.351,0.3,,0.012,0.011,0.01
2017+745,60727.3,2025-02-21,fm5052,,0.378,0.359,0.308,,0.013,0.012,0.011
2017+745,60728.4,2025-02-22,fm5053,,0.339,0.359,,,0.012,0.011,
2017+745,60762.5,2025-03-28,fm5087,,0.367,0.357,0.311,,0.013,0.011,0.011
2017+745,60789.1,2025-04-24,fm5114,,,0.355,0.314,,,0.011,0.01
2017+745,60814.2,2025-05-19,fm5139,,,0.349,0.312,,,0.012,0.01
2017+745,60858.2,2025-07-02,fm5183,,0.351,0.339,0.327,,0.012,0.011,0.011
2017+745,60872.2,2025-07-16,fm5197,,0.363,,0.304,,0.012,,0.011
2017+745,60939.4,2025-09-21,fm5264,,0.388,,0.303,,0.015,,0.01
2017+745,60981.3,2025-11-02,fm5306,,0.335,0.333,0.295,,0.013,0.011,0.01
2017+745,61006.1,2025-11-27,fm5331,,0.366,0.35,0.315,,0.014,0.011,0.011
2017+745,61027.2,2025-12-18,fm5352,,0.35,0.334,0.298,,0.012,0.011,0.01
2017+745,61068.9,2026-01-28,fm6029,,0.347,0.324,0.301,,0.013,0.011,0.01
2017+745,61094.4,2026-02-23,fm6054,,0.333,0.324,0.309,,0.012,0.011,0.011
2017+745,61105.9,2026-03-06,fm6066,,0.354,0.329,0.311,,0.013,0.012,0.01
2017+745,61131.8,2026-04-01,fm6092,,0.341,0.331,0.309,,0.012,0.011,0.011
2017+745,61160.4,2026-04-30,fm6120,,0.357,0.328,,,0.013,0.011,
2017+745,61187.8,2026-05-27,fm6148,,0.358,0.341,0.309,,0.012,0.011,0.01
2017+745,61226.8,2026-07-05,fm6186,,,0.332,0.306,,,0.011,0.01
2017+745,61254.5,2026-08-02,fm6214,,0.35,0.329,0.301,,0.015,0.012,0.01
2017+745,61289.5,2026-09-06,fm6249,,0.323,0.341,0.325,,0.011,0.012,0.012
2021+614,61053.6,2026-01-13,vo6014,,3.122,3.083,,,0.096,0.101,
2021+614,61130.7,2026-03-31,vo6091,,3.105,3.053,2.498,,0.097,0.093,0.077
2022-077,59958.2,2023-01-14,fm3013,,1.152,1.097,1.0,,0.038,0.034,0.035
2022-077,59976.2,2023-02-01,fm3031,,1.147,1.093,,,0.036,0.033,
2022-077,60078.9,2023-05-14,fm3134,,,0.896,0.757,,,0.027,0.035
2022-077,60092.9,2023-05-28,fm3148,1.275,,0.9,0.76,0.054,,0.032,0.029
2022-077,60126.8,2023-07-01,fm3182,,,0.853,0.688,,,0.027,0.026
2022-077,60139.7,2023-07-14,fm3195,,,0.859,,,,0.027,
2022-077,60237.5,2023-10-20,fm3293,,,1.006,,,,0.035,
2022-077,60321.3,2024-01-12,fm4011,,0.974,0.885,0.769,,0.035,0.032,0.026
2022-077,60360.2,2024-02-20,fm4050,1.11,0.927,0.919,0.915,0.036,0.036,0.03,0.037
2022-077,60384.1,2024-03-15,fm4074,,0.966,0.932,1.036,,0.038,0.029,0.037
2022-077,60438.0,2024-05-07,fm4128,,,1.0,0.936,,,0.033,0.039
2022-077,60464.8,2024-06-03,fm4155,,,1.053,0.956,,,0.035,0.032
2022-077,60621.4,2024-11-07,fm4312,,0.994,1.013,1.047,,0.032,0.035,0.033
2022-077,60649.1,2024-12-05,fm4340,,1.085,1.065,1.073,,0.035,0.034,0.037
2022-077,60650.3,2024-12-06,fm4341,,,0.997,0.967,,,0.031,0.034
2022-077,60702.0,2025-01-27,fm5027,,0.944,0.984,,,0.031,0.031,
2022-077,60728.1,2025-02-22,fm5052,1.133,0.977,0.947,1.066,0.036,0.036,0.029,0.036
2022-077,60729.1,2025-02-23,fm5053,1.084,1.041,0.971,,0.036,0.033,0.03,
2022-077,60763.0,2025-03-29,fm5087,1.089,0.975,0.895,,0.042,0.03,0.028,
2022-077,60789.9,2025-04-24,fm5114,,,0.915,0.906,,,0.029,0.036
2022-077,60814.8,2025-05-19,fm5139,,,0.906,0.942,,,0.028,0.029
2022-077,60858.8,2025-07-02,fm5183,,,1.023,,,,0.032,
2022-077,60872.9,2025-07-16,fm5197,,1.29,,1.133,,0.041,,0.048
2022-077,60939.3,2025-09-21,fm5264,,,1.091,1.12,,,0.041,0.035
2022-077,60981.2,2025-11-02,fm5306,1.131,1.115,1.1,1.129,0.042,0.038,0.034,0.035
2022-077,61006.4,2025-11-27,fm5331,,,1.089,,,,0.035,
2022-077,61054.2,2026-01-14,vo6014,,,1.151,,,,0.042,
2022-077,61069.2,2026-01-29,fm6029,,1.163,1.202,1.155,,0.04,0.036,0.037
2022-077,61089.1,2026-02-18,vo6049,,,1.043,,,,0.037,
2022-077,61095.2,2026-02-24,fm6054,,,1.171,1.125,,,0.039,0.043
2022-077,61096.1,2026-02-25,vo6056,,,1.166,,,,0.042,
2022-077,61106.1,2026-03-07,fm6066,,1.309,1.135,1.036,,0.058,0.035,0.035
2022-077,61131.0,2026-03-31,vo6091,,,1.146,1.101,,,0.041,0.042
2022-077,61132.0,2026-04-02,fm6092,,,1.183,,,,0.037,
2022-077,61158.9,2026-04-28,vo6119,,,1.121,,,,0.041,
2022-077,61159.6,2026-04-29,fm6120,,1.177,1.098,,,0.046,0.035,
2022-077,61201.6,2026-06-10,vo6162,,,1.159,,,,0.041,
2022-077,61226.8,2026-07-05,fm6186,,1.181,1.2,1.124,,0.041,0.038,0.041
2022-077,61235.6,2026-07-14,vo6196,,,1.125,1.112,,,0.04,0.038
2022-077,61249.6,2026-07-28,vo6210,,,1.27,1.248,,,0.049,0.051
2022-077,61254.7,2026-08-02,fm6214,,,1.164,1.178,,,0.036,0.046
2022-077,61289.3,2026-09-06,fm6249,,,1.249,1.14,,,0.046,0.054
2029+121,59958.1,2023-01-14,fm3013,,1.166,1.171,1.11,,0.036,0.038,0.034
2029+121,59976.0,2023-02-01,fm3031,1.18,1.177,1.175,1.072,0.051,0.037,0.037,0.033
2029+121,60078.8,2023-05-14,fm3134,,1.129,1.118,0.992,,0.041,0.035,0.032
2029+121,60092.8,2023-05-28,fm3148,1.066,,1.007,0.946,0.051,,0.034,0.029
2029+121,60126.6,2023-07-01,fm3182,,1.087,1.024,0.961,,0.034,0.035,0.03
2029+121,60139.6,2023-07-14,fm3195,1.251,1.14,1.092,0.974,0.045,0.041,0.033,0.03
2029+121,60237.4,2023-10-20,fm3293,,1.157,1.136,1.024,,0.039,0.034,0.033
2029+121,60250.5,2023-11-02,fm3306,,1.143,1.125,1.0,,0.036,0.036,0.031
2029+121,60320.4,2024-01-11,fm4011,,1.226,1.17,1.005,,0.039,0.036,0.031
2029+121,60359.3,2024-02-19,fm4050,,1.283,1.223,1.071,,0.041,0.037,0.033
2029+121,60384.0,2024-03-14,fm4074,1.196,1.219,1.165,1.045,0.044,0.042,0.036,0.033
2029+121,60437.1,2024-05-07,fm4128,1.321,1.185,1.221,1.08,0.051,0.044,0.038,0.033
2029+121,60464.7,2024-06-03,fm4155,1.457,1.276,1.226,0.954,0.048,0.04,0.042,0.03
2029+121,60621.2,2024-11-07,fm4312,1.386,1.303,1.272,1.147,0.049,0.049,0.04,0.035
2029+121,60649.2,2024-12-05,fm4340,,1.333,1.315,1.194,,0.042,0.042,0.041
2029+121,60650.3,2024-12-06,fm4341,,1.215,1.213,1.089,,0.044,0.04,0.034
2029+121,60702.1,2025-01-27,fm5027,1.279,1.244,1.21,1.114,0.05,0.042,0.037,0.034
2029+121,60727.2,2025-02-21,fm5052,1.358,1.291,1.272,1.178,0.043,0.04,0.039,0.037
2029+121,60729.0,2025-02-22,fm5053,1.34,1.32,1.304,1.252,0.047,0.041,0.04,0.039
2029+121,60762.9,2025-03-28,fm5087,,1.236,1.214,1.129,,0.038,0.037,0.034
2029+121,60789.0,2025-04-24,fm5114,,1.28,1.265,1.125,,0.041,0.038,0.034
2029+121,60814.7,2025-05-19,fm5139,1.286,1.274,1.255,1.115,0.049,0.043,0.038,0.034
2029+121,60858.6,2025-07-02,fm5183,1.319,1.215,1.174,1.131,0.048,0.041,0.037,0.036
2029+121,60872.6,2025-07-16,fm5197,1.338,1.238,,1.081,0.059,0.04,,0.035
2029+121,60939.4,2025-09-21,fm5264,,1.139,1.074,0.929,,0.039,0.033,0.029
2029+121,60981.2,2025-11-02,fm5306,1.211,1.072,1.054,0.901,0.045,0.034,0.032,0.028
2029+121,61006.2,2025-11-27,fm5331,,1.151,1.11,0.96,,0.037,0.037,0.03
2029+121,61027.2,2025-12-18,fm5352,,1.162,1.112,0.949,,0.036,0.034,0.029
2029+121,61054.1,2026-01-14,vo6014,,1.155,1.107,,,0.039,0.036,
2029+121,61069.0,2026-01-29,fm6029,1.255,1.143,1.065,0.934,0.046,0.041,0.033,0.029
2029+121,61089.3,2026-02-18,vo6049,,,1.05,0.971,,,0.036,0.032
2029+121,61095.0,2026-02-23,fm6054,,1.104,1.05,0.951,,0.035,0.033,0.029
2029+121,61096.5,2026-02-25,vo6056,,,1.094,0.929,,,0.043,0.035
2029+121,61106.0,2026-03-06,fm6066,,1.094,1.044,0.935,,0.034,0.033,0.029
2029+121,61131.9,2026-04-01,fm6092,1.256,1.109,1.077,0.981,0.047,0.035,0.033,0.03
2029+121,61131.3,2026-04-01,vo6091,,1.048,1.047,0.939,,0.041,0.04,0.032
2029+121,61159.7,2026-04-29,fm6120,,1.174,1.099,0.961,,0.043,0.033,0.03
2029+121,61159.2,2026-04-29,vo6119,,1.285,1.082,1.011,,0.047,0.038,0.034
2029+121,61187.7,2026-05-27,fm6148,,1.128,1.097,0.954,,0.036,0.034,0.03
2029+121,61201.8,2026-06-10,vo6162,,,,0.951,,,,0.033
2029+121,61226.6,2026-07-05,fm6186,,1.146,1.119,0.998,,0.036,0.038,0.031
2029+121,61235.6,2026-07-14,vo6196,,,1.117,1.024,,,0.037,0.033
2029+121,61249.7,2026-07-28,vo6210,,,1.183,1.09,,,0.043,0.037
2029+121,61254.6,2026-08-02,fm6214,,1.208,1.175,1.087,,0.041,0.036,0.033
2029+121,61289.3,2026-09-06,fm6249,,1.105,1.134,,,0.045,0.04,
2032+107,61201.7,2026-06-10,vo6162,,0.531,0.462,0.403,,0.026,0.021,0.016
2036-034,59976.2,2023-02-01,fm3031,,,0.107,,,,0.007,
2036-034,60092.8,2023-05-28,fm3148,,,,0.103,,,,0.009
2036-034,60139.7,2023-07-14,fm3195,,,0.107,,,,0.007,
2036-034,60250.4,2023-11-02,fm3306,,,0.092,,,,0.007,
2036-034,60437.0,2024-05-06,fm4128,,,0.108,0.11,,,0.009,0.01
2036-034,60649.2,2024-12-05,fm4340,,0.101,0.115,,,0.007,0.006,
2036-034,60651.3,2024-12-07,fm4341,,,0.108,,,,0.006,
2036-034,60702.1,2025-01-27,fm5027,,,,0.11,,,,0.008
2036-034,60728.1,2025-02-22,fm5052,,0.115,,,,0.007,,
2036-034,60763.0,2025-03-29,fm5087,,,0.106,,,,0.006,
2036-034,60789.9,2025-04-24,fm5114,,,,0.1,,,,0.006
2036-034,60814.8,2025-05-19,fm5139,,,0.111,,,,0.007,
2036-034,60858.7,2025-07-02,fm5183,,0.127,,0.113,,0.008,,0.008
2036-034,60939.2,2025-09-21,fm5264,,,,0.114,,,,0.008
2036-034,60981.2,2025-11-02,fm5306,,0.116,0.109,,,0.007,0.006,
2036-034,61006.3,2025-11-27,fm5331,,,,0.117,,,,0.008
2036-034,61069.2,2026-01-29,fm6029,,,0.122,0.111,,,0.007,0.007
2036-034,61106.1,2026-03-07,fm6066,,,0.119,,,,0.007,
2036-034,61131.7,2026-04-01,fm6092,,0.13,,0.105,,0.007,,0.008
2036-034,61159.7,2026-04-29,fm6120,,,0.118,,,,0.007,
2036-034,61187.8,2026-05-27,fm6148,,,0.113,0.105,,,0.007,0.007
2036-034,61226.7,2026-07-05,fm6186,,,,0.097,,,,0.007
2036-034,61254.6,2026-08-02,fm6214,,,0.118,,,,0.007,
2037+216,59958.0,2023-01-14,fm3013,,0.378,0.365,0.441,,0.013,0.012,0.015
2037+216,59976.0,2023-01-31,fm3031,,0.372,0.376,0.454,,0.012,0.012,0.015
2037+216,60078.7,2023-05-14,fm3134,,0.34,0.378,0.446,,0.015,0.013,0.016
2037+216,60092.7,2023-05-28,fm3148,,,0.357,0.434,,,0.013,0.015
2037+216,60126.8,2023-07-01,fm3182,,0.386,0.398,0.472,,0.013,0.013,0.016
2037+216,60139.6,2023-07-14,fm3195,,0.38,0.401,0.433,,0.013,0.014,0.015
2037+216,60237.4,2023-10-20,fm3293,,0.381,0.385,0.406,,0.013,0.013,0.014
2037+216,60250.4,2023-11-02,fm3306,,0.371,0.382,0.391,,0.013,0.013,0.014
2037+216,60320.3,2024-01-11,fm4011,,0.353,0.354,0.366,,0.017,0.012,0.012
2037+216,60359.3,2024-02-19,fm4050,,0.357,0.352,0.37,,0.012,0.012,0.013
2037+216,60383.9,2024-03-14,fm4074,,0.348,0.362,0.368,,0.015,0.013,0.015
2037+216,60437.8,2024-05-07,fm4128,,0.339,0.346,0.346,,0.014,0.013,0.014
2037+216,60464.6,2024-06-03,fm4155,,0.356,0.347,0.331,,0.014,0.012,0.012
2037+216,60621.4,2024-11-07,fm4312,,0.351,0.359,0.33,,0.012,0.012,0.011
2037+216,60649.3,2024-12-05,fm4340,,0.363,0.366,0.348,,0.013,0.012,0.013
2037+216,60650.6,2024-12-06,fm4341,,0.333,0.337,0.314,,0.011,0.011,0.011
2037+216,60702.1,2025-01-27,fm5027,,0.344,0.341,0.31,,0.011,0.011,0.011
2037+216,60727.9,2025-02-21,fm5052,,0.333,0.337,,,0.011,0.011,
2037+216,60728.9,2025-02-22,fm5053,,0.333,0.347,,,0.011,0.011,
2037+216,60762.8,2025-03-28,fm5087,,0.377,0.334,0.332,,0.012,0.011,0.011
2037+216,60789.2,2025-04-24,fm5114,,0.343,0.343,0.33,,0.011,0.011,0.011
2037+216,60814.7,2025-05-19,fm5139,,0.335,0.324,0.312,,0.011,0.011,0.01
2037+216,60858.5,2025-07-02,fm5183,,0.316,0.335,0.325,,0.011,0.011,0.011
2037+216,60872.5,2025-07-16,fm5197,,0.316,,0.32,,0.011,,0.011
2037+216,60939.3,2025-09-21,fm5264,,0.32,0.328,0.318,,0.011,0.012,0.011
2037+216,60981.3,2025-11-02,fm5306,,0.313,0.325,0.32,,0.011,0.011,0.011
2037+216,61006.2,2025-11-27,fm5331,,0.329,0.31,0.337,,0.011,0.011,0.011
2037+216,61027.2,2025-12-18,fm5352,,,0.354,0.326,,,0.013,0.011
2037+216,61069.0,2026-01-28,fm6029,,0.312,0.31,0.331,,0.011,0.011,0.011
2037+216,61095.0,2026-02-23,fm6054,,0.308,0.314,0.348,,0.011,0.011,0.012
2037+216,61105.7,2026-03-06,fm6066,,0.296,0.313,0.338,,0.012,0.01,0.011
2037+216,61130.6,2026-03-31,vo6091,,,0.345,0.354,,,0.018,0.014
2037+216,61131.8,2026-04-01,fm6092,,0.307,0.315,0.361,,0.011,0.01,0.012
2037+216,61160.2,2026-04-30,fm6120,,0.315,0.333,0.372,,0.011,0.012,0.014
2037+216,61187.8,2026-05-27,fm6148,,0.321,0.337,0.385,,0.011,0.011,0.012
2037+216,61226.6,2026-07-05,fm6186,,0.313,0.329,0.381,,0.012,0.011,0.012
2037+216,61254.3,2026-08-02,fm6214,,0.348,0.356,0.407,,0.012,0.012,0.013
2037+216,61289.4,2026-09-06,fm6249,,0.326,0.349,0.431,,0.011,0.012,0.015
2037+511,60243.3,2023-10-26,vo3299,,4.212,3.953,3.546,,0.127,0.12,0.108
2037+511,60417.1,2024-04-17,vo4108,,4.217,3.939,3.385,,0.129,0.119,0.102
2037+511,60424.1,2024-04-24,vo4115,4.545,4.26,4.023,3.416,0.155,0.131,0.122,0.103
2037+511,60557.1,2024-09-04,vo4248,,4.147,4.012,3.526,,0.148,0.122,0.106
2037+511,60578.0,2024-09-25,vo4269,5.436,4.509,4.233,3.801,0.203,0.142,0.128,0.115
2037+511,60592.0,2024-10-09,vo4283,,4.365,4.144,3.583,,0.132,0.125,0.109
2037+511,60620.1,2024-11-06,vo4311,5.436,4.41,4.283,3.75,0.194,0.147,0.129,0.113
2037+511,60648.0,2024-12-04,vo4339,,4.439,4.436,3.96,,0.15,0.138,0.12
2037+511,60655.0,2024-12-11,vo4346,,4.609,4.801,3.818,,0.139,0.148,0.116
2037+511,60696.5,2025-01-21,vo5022,,4.194,4.053,3.633,,0.129,0.122,0.11
2037+511,60703.7,2025-01-28,vo5029,,4.194,3.98,3.575,,0.127,0.121,0.108
2037+511,60717.6,2025-02-11,vo5043,,4.115,3.937,3.484,,0.124,0.119,0.105
2037+511,60773.5,2025-04-08,vo5099,,4.486,4.263,3.708,,0.136,0.129,0.112
2037+511,60808.5,2025-05-13,vo5134,,4.688,4.313,3.679,,0.156,0.13,0.111
2037+511,60850.8,2025-06-24,vo5176,,4.5,,3.816,,0.138,,0.116
2037+511,60906.6,2025-08-19,vo5232,,4.659,4.478,4.135,,0.148,0.136,0.125
2037+511,60955.7,2025-10-07,vo5281,,4.614,4.361,3.824,,0.141,0.132,0.116
2037+511,60976.6,2025-10-28,vo5302,,4.611,4.46,4.052,,0.14,0.135,0.122
2037+511,61005.0,2025-11-25,vo5330,,4.222,4.134,3.676,,0.128,0.126,0.112
2037+511,61025.5,2025-12-16,vo5351,4.164,4.314,4.255,3.83,0.143,0.133,0.128,0.116
2037+511,61053.9,2026-01-13,vo6014,,4.119,4.038,3.733,,0.126,0.123,0.115
2037+511,61088.9,2026-02-17,vo6049,,4.043,3.961,3.752,,0.125,0.12,0.115
2037+511,61095.6,2026-02-24,vo6056,4.536,4.111,4.021,3.624,0.144,0.127,0.121,0.109
2037+511,61131.0,2026-04-01,vo6091,4.762,4.214,4.078,3.627,0.169,0.13,0.123,0.109
2037+511,61158.8,2026-04-28,vo6119,,4.243,3.953,3.602,,0.145,0.12,0.109
2037+511,61201.7,2026-06-10,vo6162,,4.238,4.074,3.63,,0.13,0.125,0.111
2037+511,61235.5,2026-07-14,vo6196,,4.198,3.908,3.536,,0.133,0.119,0.107
2037+511,61249.6,2026-07-28,vo6210,,4.276,3.982,3.559,,0.182,0.121,0.109
2059+034,59958.2,2023-01-14,fm3013,,0.981,1.169,1.69,,0.033,0.039,0.052
2059+034,59976.1,2023-02-01,fm3031,0.824,1.128,1.312,1.798,0.029,0.036,0.045,0.054
2059+034,60078.9,2023-05-14,fm3134,,1.192,1.317,1.823,,0.046,0.04,0.055
2059+034,60092.8,2023-05-28,fm3148,,,1.288,1.95,,,0.043,0.06
2059+034,60126.7,2023-07-01,fm3182,,1.16,1.325,1.927,,0.039,0.043,0.059
2059+034,60139.7,2023-07-14,fm3195,,1.164,1.342,1.973,,0.039,0.043,0.06
2059+034,60237.4,2023-10-20,fm3293,,1.069,1.27,1.84,,0.035,0.04,0.056
2059+034,60243.3,2023-10-26,vo3299,,1.186,1.366,1.897,,0.04,0.044,0.057
2059+034,60250.5,2023-11-02,fm3306,0.78,1.164,1.331,1.834,0.029,0.046,0.042,0.056
2059+034,60320.3,2024-01-11,fm4011,,1.162,1.297,1.717,,0.037,0.044,0.053
2059+034,60384.0,2024-03-15,fm4074,0.68,1.077,1.203,1.744,0.031,0.034,0.037,0.054
2059+034,60418.1,2024-04-18,vo4108,,1.046,1.18,1.69,,0.057,0.046,0.056
2059+034,60424.8,2024-04-24,vo4115,,1.045,1.225,1.812,,0.034,0.04,0.056
2059+034,60459.7,2024-05-29,vo4150,,,1.243,1.971,,,0.039,0.064
2059+034,60464.8,2024-06-03,fm4155,0.77,0.968,1.185,1.855,0.032,0.037,0.041,0.056
2059+034,60557.5,2024-09-04,vo4248,,,1.527,2.255,,,0.049,0.07
2059+034,60578.4,2024-09-25,vo4269,,1.207,1.471,2.34,,0.038,0.045,0.072
2059+034,60592.3,2024-10-09,vo4283,,1.328,1.542,2.293,,0.043,0.047,0.069
2059+034,60620.3,2024-11-06,vo4311,,1.365,1.629,2.405,,0.05,0.05,0.074
2059+034,60621.2,2024-11-07,fm4312,,1.34,1.669,2.326,,0.052,0.053,0.071
2059+034,60648.0,2024-12-04,vo4339,,1.295,1.598,2.426,,0.042,0.049,0.074
2059+034,60649.1,2024-12-05,fm4340,,1.332,1.623,2.525,,0.045,0.053,0.085
2059+034,60650.3,2024-12-06,fm4341,,1.301,1.591,2.369,,0.041,0.053,0.072
2059+034,60655.0,2024-12-11,vo4346,,1.337,1.801,2.524,,0.045,0.056,0.078
2059+034,60697.1,2025-01-22,vo5022,,1.315,1.594,2.434,,0.041,0.051,0.077
2059+034,60702.0,2025-01-27,fm5027,,1.35,1.565,2.384,,0.052,0.061,0.077
2059+034,60704.1,2025-01-29,vo5029,,1.414,1.674,2.468,,0.045,0.054,0.075
2059+034,60718.0,2025-02-12,vo5043,,1.324,1.609,2.41,,0.044,0.05,0.073
2059+034,60727.2,2025-02-21,fm5052,,1.486,1.767,2.593,,0.047,0.055,0.078
2059+034,60729.0,2025-02-23,fm5053,,1.463,1.756,2.7,,0.046,0.056,0.083
2059+034,60763.0,2025-03-28,fm5087,,1.482,1.723,2.439,,0.05,0.053,0.074
2059+034,60773.9,2025-04-08,vo5099,,1.362,1.622,2.288,,0.044,0.05,0.069
2059+034,60789.0,2025-04-23,fm5114,,1.444,1.7,2.336,,0.045,0.053,0.071
2059+034,60808.5,2025-05-13,vo5134,,1.391,1.629,2.232,,0.043,0.052,0.068
2059+034,60814.8,2025-05-19,fm5139,,1.527,1.777,2.364,,0.052,0.056,0.072
2059+034,60850.7,2025-06-24,vo5176,,1.436,,2.229,,0.048,,0.068
2059+034,60858.7,2025-07-02,fm5183,,1.482,1.741,2.274,,0.053,0.058,0.071
2059+034,60872.9,2025-07-16,fm5197,,1.493,,2.269,,0.047,,0.069
2059+034,60906.5,2025-08-19,vo5232,,1.568,1.687,2.178,,0.053,0.055,0.066
2059+034,60939.4,2025-09-21,fm5264,,1.378,1.564,1.967,,0.048,0.05,0.06
2059+034,60956.4,2025-10-08,vo5281,,1.356,1.562,1.98,,0.044,0.049,0.061
2059+034,60977.3,2025-10-29,vo5302,,1.498,1.614,2.028,,0.049,0.053,0.062
2059+034,60981.2,2025-11-02,fm5306,,1.321,1.5,1.878,,0.043,0.046,0.057
2059+034,61005.2,2025-11-26,vo5330,,1.423,1.597,2.047,,0.051,0.049,0.063
2059+034,61006.3,2025-11-27,fm5331,,1.427,1.602,2.098,,0.045,0.051,0.064
2059+034,61026.2,2025-12-17,vo5351,,1.304,1.456,1.92,,0.043,0.047,0.059
2059+034,61027.6,2025-12-18,fm5352,,1.386,1.574,2.035,,0.049,0.048,0.062
2059+034,61054.6,2026-01-14,vo6014,,1.494,1.62,,,0.07,0.061,
2059+034,61069.1,2026-01-29,fm6029,,1.377,1.524,1.901,,0.042,0.048,0.058
2059+034,61095.0,2026-02-24,fm6054,,1.383,1.596,1.937,,0.045,0.05,0.062
2059+034,61096.1,2026-02-25,vo6056,,1.334,1.546,1.828,,0.05,0.053,0.062
2059+034,61106.0,2026-03-07,fm6066,,1.475,1.595,1.878,,0.046,0.048,0.057
2059+034,61131.4,2026-04-01,vo6091,,1.418,1.583,1.902,,0.064,0.063,0.064
2059+034,61131.9,2026-04-01,fm6092,,1.485,1.632,1.94,,0.046,0.051,0.059
2059+034,61159.1,2026-04-29,vo6119,,1.419,1.515,1.843,,0.053,0.051,0.059
2059+034,61159.7,2026-04-29,fm6120,,1.458,1.591,1.893,,0.052,0.048,0.058
2059+034,61187.7,2026-05-27,fm6148,,1.362,1.521,1.796,,0.043,0.046,0.055
2059+034,61202.1,2026-06-11,vo6162,,,1.44,1.817,,,0.059,0.06
2059+034,61226.7,2026-07-05,fm6186,,1.431,1.563,1.783,,0.048,0.05,0.054
2059+034,61235.7,2026-07-14,vo6196,,,1.498,1.724,,,0.055,0.055
2059+034,61250.1,2026-07-29,vo6210,,,1.725,1.875,,,0.067,0.068
2059+034,61254.6,2026-08-02,fm6214,,1.348,1.516,1.725,,0.045,0.047,0.052
2059+034,61289.3,2026-09-06,fm6249,,1.308,1.487,1.653,,0.043,0.051,0.052
2111+400,59957.6,2023-01-13,fm3013,,0.404,0.361,0.249,,0.013,0.012,0.011
2111+400,59975.7,2023-01-31,fm3031,,0.408,0.357,0.243,,0.013,0.012,0.009
2111+400,60078.1,2023-05-14,fm3134,,0.433,0.369,0.252,,0.017,0.012,0.01
2111+400,60092.1,2023-05-28,fm3148,,,0.357,0.237,,,0.012,0.01
2111+400,60126.6,2023-07-01,fm3182,,0.439,0.364,0.247,,0.017,0.013,0.014
2111+400,60139.5,2023-07-14,fm3195,,0.407,0.366,0.261,,0.014,0.014,0.011
2111+400,60237.3,2023-10-20,fm3293,,0.407,0.369,0.256,,0.014,0.012,0.01
2111+400,60250.4,2023-11-02,fm3306,,0.425,0.369,0.256,,0.014,0.013,0.01
2111+400,60320.4,2024-01-11,fm4011,,,0.352,0.229,,,0.013,0.011
2111+400,60359.3,2024-02-19,fm4050,,0.406,0.365,0.256,,0.013,0.012,0.011
2111+400,60383.8,2024-03-14,fm4074,,0.427,0.364,,,0.02,0.014,
2111+400,60437.1,2024-05-07,fm4128,,0.392,0.371,0.237,,0.015,0.013,0.01
2111+400,60464.4,2024-06-03,fm4155,,0.429,0.362,0.247,,0.016,0.012,0.011
2111+400,60621.4,2024-11-07,fm4312,,0.42,0.364,0.252,,0.014,0.012,0.009
2111+400,60649.3,2024-12-05,fm4340,,0.432,0.383,0.256,,0.015,0.013,0.012
2111+400,60650.4,2024-12-06,fm4341,,0.409,0.365,0.242,,0.013,0.012,0.009
2111+400,60702.1,2025-01-27,fm5027,,0.426,0.369,0.234,,0.016,0.012,0.009
2111+400,60727.4,2025-02-21,fm5052,,0.394,0.362,,,0.013,0.012,
2111+400,60728.4,2025-02-22,fm5053,,0.412,0.37,,,0.013,0.012,
2111+400,60762.6,2025-03-28,fm5087,,0.411,0.341,0.239,,0.014,0.011,0.008
2111+400,60789.2,2025-04-24,fm5114,,0.402,0.364,0.246,,0.016,0.012,0.008
2111+400,60814.1,2025-05-19,fm5139,,,0.362,0.239,,,0.012,0.008
2111+400,60858.3,2025-07-02,fm5183,,0.433,0.363,0.258,,0.016,0.012,0.01
2111+400,60872.2,2025-07-16,fm5197,,0.42,,0.247,,0.015,,0.009
2111+400,60939.3,2025-09-21,fm5264,,0.41,0.355,0.248,,0.014,0.012,0.009
2111+400,60981.4,2025-11-02,fm5306,,0.397,0.355,0.237,,0.013,0.012,0.009
2111+400,61006.0,2025-11-26,fm5331,,0.411,0.363,0.247,,0.014,0.012,0.009
2111+400,61027.2,2025-12-18,fm5352,,0.418,0.363,0.257,,0.014,0.012,0.009
2111+400,61053.6,2026-01-13,vo6014,,0.397,,,,0.018,,
2111+400,61068.8,2026-01-28,fm6029,,0.416,0.367,0.238,,0.014,0.013,0.009
2111+400,61094.6,2026-02-23,fm6054,,0.41,0.369,0.24,,0.013,0.012,0.008
2111+400,61105.8,2026-03-06,fm6066,,0.421,0.362,0.239,,0.014,0.012,0.008
2111+400,61130.8,2026-03-31,vo6091,,0.439,0.337,0.234,,0.02,0.016,0.012
2111+400,61131.8,2026-04-01,fm6092,,0.407,0.349,0.235,,0.014,0.012,0.008
2111+400,61159.9,2026-04-29,fm6120,0.636,0.404,0.359,,0.029,0.013,0.012,
2111+400,61187.8,2026-05-27,fm6148,,,0.361,0.231,,,0.012,0.008
2111+400,61226.8,2026-07-05,fm6186,,0.437,0.36,0.234,,0.017,0.012,0.008
2111+400,61254.4,2026-08-02,fm6214,,0.417,0.352,0.238,,0.015,0.011,0.008
2111+400,61289.5,2026-09-06,fm6249,,0.414,0.364,0.242,,0.014,0.012,0.01
2113+293,59958.0,2023-01-13,fm3013,,0.876,0.888,0.898,,0.028,0.027,0.028
2113+293,59975.9,2023-01-31,fm3031,,0.856,0.875,0.9,,0.027,0.027,0.028
2113+293,60078.2,2023-05-14,fm3134,,,1.002,0.962,,,0.031,0.03
2113+293,60092.2,2023-05-28,fm3148,,,1.052,0.997,,,0.035,0.031
2113+293,60126.8,2023-07-01,fm3182,,1.106,1.057,1.022,,0.04,0.032,0.031
2113+293,60139.5,2023-07-14,fm3195,,1.109,1.098,0.997,,0.034,0.033,0.031
2113+293,60237.3,2023-10-20,fm3293,,1.041,1.032,0.978,,0.033,0.031,0.03
2113+293,60243.3,2023-10-26,vo3299,,1.002,0.995,0.939,,0.031,0.031,0.029
2113+293,60250.4,2023-11-02,fm3306,1.052,0.998,1.006,0.925,0.038,0.031,0.031,0.028
2113+293,60320.4,2024-01-11,fm4011,,0.9,0.912,0.86,,0.029,0.028,0.027
2113+293,60359.3,2024-02-19,fm4050,1.045,0.928,0.898,0.814,0.04,0.028,0.027,0.025
2113+293,60384.0,2024-03-14,fm4074,,0.896,0.889,0.751,,0.033,0.028,0.026
2113+293,60417.0,2024-04-17,vo4108,,1.002,0.931,0.84,,0.031,0.028,0.026
2113+293,60424.0,2024-04-24,vo4115,,0.847,0.873,0.826,,0.027,0.027,0.025
2113+293,60437.0,2024-05-07,fm4128,,0.934,0.883,0.819,,0.032,0.027,0.025
2113+293,60459.5,2024-05-29,vo4150,,,0.911,0.871,,,0.028,0.027
2113+293,60464.6,2024-06-03,fm4155,,0.949,0.91,0.809,,0.031,0.028,0.025
2113+293,60557.3,2024-09-04,vo4248,,,0.884,0.791,,,0.029,0.025
2113+293,60578.0,2024-09-25,vo4269,,0.947,0.914,0.86,,0.03,0.028,0.027
2113+293,60592.1,2024-10-09,vo4283,,0.902,0.894,0.807,,0.029,0.028,0.026
2113+293,60620.0,2024-11-06,vo4311,,0.858,0.851,0.79,,0.028,0.027,0.025
2113+293,60621.3,2024-11-07,fm4312,,0.855,0.819,0.767,,0.028,0.025,0.024
2113+293,60648.0,2024-12-04,vo4339,,0.859,0.84,0.785,,0.031,0.028,0.024
2113+293,60649.2,2024-12-05,fm4340,,0.862,0.834,0.792,,0.028,0.027,0.028
2113+293,60650.3,2024-12-06,fm4341,,0.841,0.816,0.755,,0.027,0.025,0.024
2113+293,60655.2,2024-12-11,vo4346,,0.838,0.895,0.784,,0.027,0.028,0.025
2113+293,60697.0,2025-01-21,vo5022,,0.807,0.791,0.795,,0.025,0.024,0.024
2113+293,60702.1,2025-01-27,fm5027,,0.805,0.794,0.799,,0.025,0.025,0.025
2113+293,60703.9,2025-01-28,vo5029,,0.804,0.793,0.796,,0.025,0.024,0.024
2113+293,60717.8,2025-02-11,vo5043,,0.817,0.802,0.783,,0.025,0.025,0.024
2113+293,60727.2,2025-02-21,fm5052,,0.817,0.812,0.812,,0.025,0.025,0.026
2113+293,60728.4,2025-02-22,fm5053,,0.81,0.807,0.826,,0.026,0.025,0.026
2113+293,60762.8,2025-03-28,fm5087,,0.829,0.847,0.827,,0.029,0.029,0.026
2113+293,60773.5,2025-04-08,vo5099,,0.832,0.825,0.797,,0.026,0.028,0.024
2113+293,60789.0,2025-04-23,fm5114,,0.814,0.821,0.816,,0.027,0.025,0.025
2113+293,60808.5,2025-05-13,vo5134,,0.795,0.803,0.818,,0.028,0.025,0.025
2113+293,60814.0,2025-05-19,fm5139,,0.909,0.823,0.832,,0.034,0.025,0.027
2113+293,60850.8,2025-06-24,vo5176,,0.82,,0.816,,0.027,,0.025
2113+293,60858.5,2025-07-02,fm5183,,0.945,0.911,0.872,,0.03,0.029,0.028
2113+293,60872.5,2025-07-16,fm5197,,0.929,,0.841,,0.032,,0.027
2113+293,60906.5,2025-08-19,vo5232,,0.86,0.863,0.84,,0.03,0.028,0.026
2113+293,60939.2,2025-09-21,fm5264,,0.836,0.813,0.807,,0.028,0.026,0.025
2113+293,60981.3,2025-11-02,fm5306,,0.929,0.92,0.887,,0.028,0.029,0.028
2113+293,61005.0,2025-11-26,vo5330,,0.846,0.84,0.842,,0.026,0.026,0.026
2113+293,61006.1,2025-11-27,fm5331,,0.852,0.862,0.857,,0.027,0.027,0.027
2113+293,61025.9,2025-12-16,vo5351,1.062,0.899,0.91,0.932,0.043,0.028,0.028,0.028
2113+293,61027.2,2025-12-18,fm5352,,0.937,0.926,0.909,,0.031,0.028,0.028
2113+293,61068.9,2026-01-28,fm6029,,0.86,0.868,0.875,,0.027,0.027,0.027
2113+293,61094.8,2026-02-23,fm6054,,0.865,0.871,0.931,,0.027,0.027,0.029
2113+293,61095.9,2026-02-24,vo6056,,0.842,0.87,0.879,,0.028,0.029,0.028
2113+293,61105.9,2026-03-06,fm6066,,0.894,0.93,0.938,,0.028,0.029,0.029
2113+293,61131.8,2026-04-01,fm6092,,0.892,0.906,0.925,,0.028,0.028,0.029
2113+293,61159.7,2026-04-29,fm6120,,0.943,0.913,0.911,,0.032,0.028,0.029
2113+293,61187.8,2026-05-27,fm6148,0.787,0.836,0.851,0.863,0.036,0.026,0.026,0.027
2113+293,61226.6,2026-07-05,fm6186,,0.85,0.849,0.873,,0.029,0.026,0.027
2113+293,61254.5,2026-08-02,fm6214,,0.889,0.885,0.904,,0.031,0.028,0.028
2113+293,61289.3,2026-09-06,fm6249,,0.931,0.949,1.001,,0.029,0.031,0.033
2121+053,61054.6,2026-01-14,vo6014,,2.169,2.097,2.004,,0.073,0.071,0.067
2121+053,61235.7,2026-07-14,vo6196,,,2.754,2.445,,,0.087,0.076
2121+547,59957.6,2023-01-13,fm3013,,0.333,0.334,0.332,,0.012,0.012,0.012
2121+547,59975.6,2023-01-31,fm3031,,0.308,0.315,0.286,,0.011,0.011,0.01
2121+547,60078.2,2023-05-14,fm3134,,0.306,0.265,0.252,,0.012,0.01,0.01
2121+547,60092.2,2023-05-28,fm3148,,,0.269,0.25,,,0.01,0.01
2121+547,60127.0,2023-07-02,fm3182,,,,0.259,,,,0.015
2121+547,60139.4,2023-07-14,fm3195,,0.272,0.256,0.228,,0.011,0.009,0.011
2121+547,60237.2,2023-10-20,fm3293,,0.237,0.238,0.206,,0.01,0.009,0.01
2121+547,60250.4,2023-11-02,fm3306,,0.237,0.227,0.223,,0.01,0.009,0.01
2121+547,60320.4,2024-01-11,fm4011,,,0.213,0.227,,,0.009,0.009
2121+547,60359.3,2024-02-19,fm4050,,0.215,0.22,0.231,,0.008,0.008,0.01
2121+547,60383.4,2024-03-14,fm4074,,0.246,0.257,,,0.011,0.01,
2121+547,60437.1,2024-05-07,fm4128,,0.289,0.294,0.267,,0.012,0.011,0.01
2121+547,60464.4,2024-06-03,fm4155,,0.188,0.211,0.223,,0.009,0.01,0.01
2121+547,60621.4,2024-11-07,fm4312,,0.236,,0.268,,0.009,,0.009
2121+547,60649.3,2024-12-05,fm4340,,0.21,0.22,0.252,,0.008,0.008,0.01
2121+547,60650.4,2024-12-06,fm4341,,,0.207,0.228,,,0.007,0.008
2121+547,60702.2,2025-01-27,fm5027,,0.26,0.254,0.27,,0.009,0.008,0.009
2121+547,60727.3,2025-02-21,fm5052,,,0.245,0.277,,,0.008,0.01
2121+547,60728.4,2025-02-22,fm5053,,0.209,0.235,0.292,,0.008,0.009,0.011
2121+547,60762.5,2025-03-28,fm5087,,0.288,0.277,0.272,,0.01,0.01,0.009
2121+547,60789.2,2025-04-24,fm5114,,0.256,0.246,0.261,,0.009,0.008,0.009
2121+547,60814.1,2025-05-19,fm5139,,,0.244,0.265,,,0.008,0.009
2121+547,60858.2,2025-07-02,fm5183,,0.301,0.323,0.289,,0.01,0.01,0.01
2121+547,60872.1,2025-07-16,fm5197,,0.254,,0.251,,0.01,,0.011
2121+547,60939.4,2025-09-21,fm5264,,,,0.242,,,,0.009
2121+547,60981.4,2025-11-02,fm5306,,0.294,0.29,0.253,,0.011,0.01,0.009
2121+547,61006.1,2025-11-27,fm5331,,0.246,0.247,0.234,,0.009,0.009,0.009
2121+547,61027.0,2025-12-17,fm5352,,0.301,0.289,0.257,,0.01,0.01,0.009
2121+547,61068.9,2026-01-28,fm6029,,0.29,0.277,0.247,,0.01,0.009,0.009
2121+547,61094.5,2026-02-23,fm6054,,0.244,0.218,0.21,,0.008,0.008,0.008
2121+547,61105.8,2026-03-06,fm6066,,0.25,0.241,0.221,,0.009,0.008,0.008
2121+547,61131.9,2026-04-01,fm6092,,0.268,0.25,0.248,,0.01,0.009,0.009
2121+547,61159.9,2026-04-29,fm6120,,,0.209,,,,0.007,
2121+547,61187.9,2026-05-27,fm6148,,0.263,0.27,0.244,,0.01,0.009,0.008
2121+547,61226.8,2026-07-05,fm6186,,0.236,0.212,0.232,,0.009,0.008,0.008
2121+547,61254.4,2026-08-02,fm6214,,0.235,0.249,0.25,,0.01,0.009,0.009
2121+547,61289.5,2026-09-06,fm6249,,0.247,0.268,,,0.01,0.01,
2126-158,60418.3,2024-04-18,vo4108,,2.103,2.263,1.791,,0.072,0.073,0.057
2126-158,60425.2,2024-04-25,vo4115,,2.172,2.261,1.794,,0.07,0.07,0.055
2126-158,60460.0,2024-05-29,vo4150,,2.189,2.194,1.826,,0.068,0.068,0.057
2126-158,60557.7,2024-09-04,vo4248,,,2.263,1.81,,,0.07,0.055
2126-158,60578.6,2024-09-25,vo4269,,2.263,2.341,1.876,,0.075,0.072,0.06
2126-158,60592.5,2024-10-09,vo4283,,2.183,2.281,1.84,,0.068,0.069,0.058
2126-158,60620.5,2024-11-06,vo4311,1.362,2.27,2.289,1.855,0.051,0.069,0.069,0.057
2126-158,60648.4,2024-12-04,vo4339,,2.198,2.313,1.859,,0.075,0.071,0.058
2126-158,60655.4,2024-12-11,vo4346,,2.198,2.55,1.9,,0.07,0.079,0.059
2126-158,60697.3,2025-01-22,vo5022,,2.166,2.283,1.861,,0.07,0.069,0.057
2126-158,60774.0,2025-04-09,vo5099,,2.208,2.318,1.907,,0.067,0.07,0.06
2126-158,60809.0,2025-05-14,vo5134,,2.156,2.319,1.895,,0.075,0.072,0.058
2126-158,60906.5,2025-08-19,vo5232,,2.191,2.387,1.982,,0.068,0.073,0.062
2126-158,60956.6,2025-10-08,vo5281,,2.207,2.375,1.944,,0.077,0.074,0.06
2126-158,60977.6,2025-10-29,vo5302,,2.22,2.329,1.986,,0.072,0.073,0.062
2126-158,61005.4,2025-11-26,vo5330,,2.217,2.384,1.987,,0.077,0.073,0.061
2126-158,61026.4,2025-12-17,vo5351,,2.207,2.378,2.079,,0.072,0.073,0.064
2131-021,61131.4,2026-04-01,vo6091,,3.811,4.197,4.602,,0.127,0.134,0.143
2136+141,61089.0,2026-02-18,vo6049,,2.024,2.056,2.071,,0.062,0.063,0.064
2136+141,61095.9,2026-02-24,vo6056,,2.011,2.006,1.961,,0.063,0.061,0.06
2136+141,61130.9,2026-03-31,vo6091,,2.065,2.031,2.016,,0.064,0.062,0.061
2136+141,61158.8,2026-04-28,vo6119,,2.063,2.051,2.051,,0.075,0.063,0.063
2136+141,61201.5,2026-06-10,vo6162,,2.044,1.961,2.018,,0.067,0.065,0.062
2136+141,61235.5,2026-07-14,vo6196,,,2.004,1.992,,,0.061,0.061
2136+141,61249.5,2026-07-28,vo6210,,2.183,2.093,2.092,,0.077,0.064,0.065
2142+110,59958.2,2023-01-14,fm3013,,0.324,0.329,0.317,,0.012,0.012,0.011
2142+110,59976.1,2023-02-01,fm3031,,0.321,0.326,0.33,,0.011,0.011,0.011
2142+110,60078.9,2023-05-14,fm3134,,,0.32,0.342,,,0.011,0.012
2142+110,60092.8,2023-05-28,fm3148,,,0.315,0.348,,,0.012,0.012
2142+110,60126.7,2023-07-01,fm3182,,0.321,0.345,0.349,,0.012,0.012,0.013
2142+110,60139.7,2023-07-14,fm3195,,,0.35,,,,0.013,
2142+110,60237.4,2023-10-20,fm3293,,0.346,0.347,0.363,,0.013,0.012,0.012
2142+110,60250.5,2023-11-02,fm3306,,0.303,0.32,0.368,,0.011,0.011,0.013
2142+110,60320.4,2024-01-11,fm4011,,0.359,0.353,0.353,,0.013,0.012,0.012
2142+110,60359.3,2024-02-19,fm4050,,0.344,0.34,0.333,,0.012,0.012,0.013
2142+110,60384.0,2024-03-15,fm4074,,0.323,0.331,0.325,,0.014,0.012,0.013
2142+110,60437.0,2024-05-06,fm4128,,0.314,0.321,,,0.012,0.011,
2142+110,60464.8,2024-06-03,fm4155,,0.333,0.322,0.31,,0.012,0.012,0.012
2142+110,60621.4,2024-11-07,fm4312,,0.338,0.329,0.312,,0.011,0.011,0.01
2142+110,60649.3,2024-12-05,fm4340,,0.329,0.336,0.34,,0.012,0.011,0.013
2142+110,60650.4,2024-12-06,fm4341,,0.332,0.328,0.313,,0.012,0.011,0.011
2142+110,60702.1,2025-01-27,fm5027,0.304,0.325,0.328,0.308,0.013,0.011,0.011,0.01
2142+110,60728.0,2025-02-22,fm5052,,0.335,0.323,0.328,,0.013,0.011,0.012
2142+110,60729.0,2025-02-23,fm5053,,0.33,0.334,0.326,,0.011,0.011,0.011
2142+110,60763.0,2025-03-28,fm5087,,0.313,0.306,0.305,,0.01,0.01,0.01
2142+110,60789.8,2025-04-24,fm5114,,0.333,0.322,0.306,,0.011,0.011,0.01
2142+110,60814.8,2025-05-19,fm5139,,0.321,0.304,0.319,,0.015,0.01,0.011
2142+110,60858.7,2025-07-02,fm5183,,0.323,0.338,0.329,,0.011,0.011,0.012
2142+110,60873.0,2025-07-16,fm5197,,0.338,,0.333,,0.013,,0.011
2142+110,60939.5,2025-09-21,fm5264,,0.347,0.338,0.359,,0.012,0.012,0.012
2142+110,60981.2,2025-11-02,fm5306,,0.336,0.357,0.369,,0.012,0.012,0.012
2142+110,61006.3,2025-11-27,fm5331,,0.351,0.365,0.397,,0.012,0.012,0.013
2142+110,61027.3,2025-12-18,fm5352,,0.348,0.371,0.395,,0.011,0.012,0.013
2142+110,61069.1,2026-01-29,fm6029,,0.359,0.358,0.378,,0.012,0.012,0.012
2142+110,61095.0,2026-02-24,fm6054,,0.322,0.347,0.38,,0.015,0.013,0.014
2142+110,61106.0,2026-03-06,fm6066,,0.385,0.374,0.373,,0.013,0.012,0.012
2142+110,61131.7,2026-04-01,fm6092,,0.35,0.36,0.381,,0.012,0.012,0.012
2142+110,61159.7,2026-04-29,fm6120,,0.364,0.369,0.38,,0.013,0.012,0.013
2142+110,61187.8,2026-05-27,fm6148,,0.317,0.362,0.383,,0.012,0.013,0.013
2142+110,61226.7,2026-07-05,fm6186,,0.362,0.38,0.375,,0.012,0.013,0.012
2142+110,61254.6,2026-08-02,fm6214,,0.369,0.385,0.385,,0.014,0.014,0.013
2142+110,61289.4,2026-09-06,fm6249,,0.382,0.395,,,0.013,0.013,
2143-156,59958.4,2023-01-14,fm3013,,0.363,0.376,0.346,,0.013,0.013,0.013
2143-156,59976.3,2023-02-01,fm3031,,0.382,0.376,0.352,,0.013,0.012,0.013
2143-156,60079.1,2023-05-15,fm3134,,0.434,0.384,0.37,,0.019,0.014,0.013
2143-156,60093.0,2023-05-29,fm3148,,,0.367,0.379,,,0.013,0.013
2143-156,60126.9,2023-07-01,fm3182,,0.377,0.38,0.391,,0.014,0.013,0.014
2143-156,60139.9,2023-07-14,fm3195,,0.398,0.399,0.401,,0.017,0.014,0.017
2143-156,60237.6,2023-10-20,fm3293,,0.423,0.408,0.453,,0.015,0.014,0.015
2143-156,60250.6,2023-11-02,fm3306,,0.422,0.4,0.433,,0.017,0.013,0.016
2143-156,60384.2,2024-03-15,fm4074,0.436,0.431,0.428,0.514,0.027,0.017,0.015,0.019
2143-156,60436.9,2024-05-06,fm4128,,,0.441,0.506,,,0.015,0.017
2143-156,60465.0,2024-06-03,fm4155,,0.45,0.454,0.531,,0.016,0.015,0.018
2143-156,60621.3,2024-11-07,fm4312,,0.452,0.434,0.469,,0.015,0.014,0.016
2143-156,60649.2,2024-12-05,fm4340,,0.434,0.465,0.477,,0.015,0.016,0.018
2143-156,60650.3,2024-12-06,fm4341,,0.43,0.435,0.452,,0.014,0.014,0.015
2143-156,60702.0,2025-01-27,fm5027,,0.426,0.424,0.416,,0.015,0.013,0.014
2143-156,60728.2,2025-02-22,fm5052,,0.452,0.426,0.41,,0.015,0.013,0.014
2143-156,60729.2,2025-02-23,fm5053,,0.443,0.44,0.429,,0.015,0.014,0.015
2143-156,60763.2,2025-03-29,fm5087,,0.415,0.407,0.391,,0.013,0.013,0.013
2143-156,60790.1,2025-04-25,fm5114,,0.412,0.398,0.367,,0.013,0.013,0.012
2143-156,60815.0,2025-05-20,fm5139,,0.396,0.402,0.368,,0.013,0.013,0.012
2143-156,60872.9,2025-07-16,fm5197,,0.396,,0.363,,0.013,,0.012
2143-156,60939.7,2025-09-21,fm5264,,0.438,,0.368,,0.015,,0.012
2143-156,60981.2,2025-11-02,fm5306,,0.386,0.369,0.356,,0.013,0.012,0.012
2143-156,61006.5,2025-11-27,fm5331,,0.366,0.371,0.374,,0.013,0.013,0.013
2143-156,61069.3,2026-01-29,fm6029,0.412,0.384,0.363,0.384,0.023,0.013,0.012,0.013
2143-156,61095.3,2026-02-24,fm6054,,0.374,,0.378,,0.016,,0.016
2143-156,61106.2,2026-03-07,fm6066,,0.368,0.367,0.388,,0.013,0.013,0.013
2143-156,61132.2,2026-04-02,fm6092,,0.373,0.377,0.421,,0.012,0.013,0.014
2143-156,61159.8,2026-04-29,fm6120,,,0.385,0.42,,,0.012,0.014
2143-156,61226.9,2026-07-05,fm6186,,0.374,0.371,0.453,,0.013,0.012,0.015
2144+092,60906.5,2025-08-19,vo5232,,0.649,0.647,0.683,,0.026,0.024,0.022
2144+092,60955.5,2025-10-07,vo5281,,0.621,0.66,0.696,,0.021,0.023,0.022
2144+092,60977.3,2025-10-29,vo5302,,0.615,0.64,0.731,,0.023,0.021,0.024
2145+067,61054.2,2026-01-14,vo6014,,2.461,2.625,3.252,,0.076,0.08,0.099
2145+067,61089.1,2026-02-18,vo6049,,2.459,2.661,3.399,,0.081,0.082,0.105
2145+067,61096.1,2026-02-25,vo6056,,2.455,2.589,3.176,,0.078,0.08,0.099
2145+067,61131.0,2026-04-01,vo6091,,2.452,2.652,3.27,,0.081,0.082,0.099
2145+067,61201.6,2026-06-10,vo6162,,2.443,2.615,3.32,,0.074,0.079,0.101
2145+067,61235.5,2026-07-14,vo6196,,,2.586,3.315,,,0.081,0.1
2145+067,61249.6,2026-07-28,vo6210,,2.566,2.714,3.52,,0.086,0.084,0.108
2149+056,59958.2,2023-01-14,fm3013,,0.693,0.618,0.463,,0.024,0.02,0.015
2149+056,59976.1,2023-02-01,fm3031,0.869,0.699,0.618,0.453,0.032,0.023,0.019,0.015
2149+056,60078.1,2023-05-14,fm3134,,,0.614,0.443,,,0.021,0.015
2149+056,60092.9,2023-05-28,fm3148,0.836,,0.599,0.455,0.031,,0.019,0.015
2149+056,60126.7,2023-07-01,fm3182,,0.663,0.609,0.472,,0.025,0.019,0.016
2149+056,60139.7,2023-07-14,fm3195,,0.715,0.637,0.478,,0.023,0.02,0.017
2149+056,60237.5,2023-10-20,fm3293,,0.72,0.663,0.499,,0.027,0.021,0.016
2149+056,60243.9,2023-10-26,vo3299,,0.778,0.752,0.485,,0.035,0.032,0.026
2149+056,60250.5,2023-11-02,fm3306,,0.722,0.644,0.489,,0.023,0.02,0.016
2149+056,60320.3,2024-01-11,fm4011,,0.782,0.642,0.487,,0.025,0.02,0.016
2149+056,60359.2,2024-02-19,fm4050,,0.682,0.633,0.483,,0.022,0.02,0.016
2149+056,60384.1,2024-03-15,fm4074,,0.712,0.651,0.482,,0.023,0.021,0.017
2149+056,60417.9,2024-04-17,vo4108,,0.777,0.648,0.526,,0.03,0.022,0.017
2149+056,60424.8,2024-04-24,vo4115,,0.736,0.669,0.501,,0.023,0.021,0.016
2149+056,60437.0,2024-05-07,fm4128,,0.702,0.661,0.486,,0.024,0.021,0.016
2149+056,60464.8,2024-06-03,fm4155,,0.714,0.666,0.498,,0.023,0.021,0.017
2149+056,60557.5,2024-09-04,vo4248,,,0.681,0.507,,,0.021,0.017
2149+056,60578.4,2024-09-25,vo4269,,0.787,0.706,0.553,,0.029,0.022,0.017
2149+056,60592.4,2024-10-09,vo4283,,0.731,0.677,0.511,,0.024,0.021,0.016
2149+056,60620.4,2024-11-06,vo4311,0.878,0.739,0.689,0.524,0.032,0.023,0.022,0.016
2149+056,60621.4,2024-11-07,fm4312,,0.719,0.634,0.496,,0.023,0.022,0.016
2149+056,60648.0,2024-12-04,vo4339,,0.742,0.707,0.538,,0.026,0.022,0.017
2149+056,60649.5,2024-12-05,fm4340,,0.793,0.72,0.574,,0.025,0.023,0.02
2149+056,60650.4,2024-12-06,fm4341,,0.715,0.671,0.512,,0.024,0.021,0.016
2149+056,60655.0,2024-12-11,vo4346,,0.769,0.783,0.544,,0.025,0.027,0.018
2149+056,60697.1,2025-01-22,vo5022,,0.732,0.675,0.518,,0.026,0.021,0.016
2149+056,60702.2,2025-01-27,fm5027,0.844,0.719,0.664,0.508,0.027,0.023,0.021,0.016
2149+056,60704.0,2025-01-29,vo5029,,0.739,0.681,0.52,,0.023,0.021,0.017
2149+056,60718.0,2025-02-12,vo5043,,0.726,0.665,0.515,,0.023,0.021,0.016
2149+056,60728.0,2025-02-22,fm5052,0.951,0.693,0.718,0.532,0.032,0.025,0.027,0.018
2149+056,60729.1,2025-02-23,fm5053,,0.754,0.706,0.557,,0.03,0.023,0.018
2149+056,60763.0,2025-03-28,fm5087,0.863,0.74,0.699,0.514,0.041,0.023,0.022,0.016
2149+056,60789.9,2025-04-24,fm5114,0.869,0.753,0.684,0.514,0.029,0.024,0.021,0.016
2149+056,60808.5,2025-05-13,vo5134,,0.736,0.659,0.511,,0.025,0.021,0.017
2149+056,60814.8,2025-05-19,fm5139,,0.736,0.69,0.525,,0.023,0.021,0.017
2149+056,60850.7,2025-06-24,vo5176,,0.77,0.706,0.528,,0.027,0.024,0.017
2149+056,60858.7,2025-07-02,fm5183,,0.717,0.695,0.541,,0.025,0.021,0.018
2149+056,60872.9,2025-07-16,fm5197,,0.76,,0.534,,0.025,,0.018
2149+056,60939.6,2025-09-21,fm5264,,0.764,0.679,0.511,,0.024,0.022,0.017
2149+056,60981.2,2025-11-02,fm5306,0.877,0.718,0.682,0.52,0.033,0.022,0.021,0.016
2149+056,61006.4,2025-11-27,fm5331,0.893,0.768,0.714,0.549,0.04,0.024,0.022,0.017
2149+056,61026.2,2025-12-17,vo5351,,0.764,0.722,0.553,,0.024,0.023,0.018
2149+056,61027.5,2025-12-18,fm5352,0.907,0.789,0.729,0.572,0.036,0.025,0.023,0.018
2149+056,61069.2,2026-01-29,fm6029,,0.754,0.711,0.532,,0.028,0.022,0.016
2149+056,61095.2,2026-02-24,fm6054,,0.658,0.676,0.543,,0.026,0.022,0.019
2149+056,61106.1,2026-03-07,fm6066,,0.761,0.697,0.551,,0.023,0.022,0.017
2149+056,61132.0,2026-04-01,fm6092,0.915,0.776,0.719,0.536,0.032,0.025,0.022,0.017
2149+056,61159.7,2026-04-29,fm6120,0.824,0.772,0.716,0.54,0.037,0.025,0.022,0.017
2149+056,61187.8,2026-05-27,fm6148,,0.755,0.712,0.541,,0.026,0.023,0.017
2149+056,61226.7,2026-07-05,fm6186,,0.744,0.696,0.542,,0.032,0.023,0.018
2149+056,61254.6,2026-08-02,fm6214,,0.75,0.694,0.539,,0.025,0.022,0.017
2149+056,61289.3,2026-09-06,fm6249,0.915,0.747,0.713,0.547,0.04,0.025,0.022,0.018
2149+069,61054.1,2026-01-14,vo6014,,1.106,1.099,,,0.037,0.036,
2149+069,61158.9,2026-04-28,vo6119,,1.175,1.101,0.913,,0.043,0.037,0.032
2149+069,61235.7,2026-07-14,vo6196,,,1.075,0.907,,,0.037,0.031
2155+312,59958.0,2023-01-13,fm3013,,0.315,0.343,0.386,,0.012,0.011,0.013
2155+312,59975.9,2023-01-31,fm3031,,0.353,0.347,0.4,,0.012,0.012,0.014
2155+312,60078.2,2023-05-14,fm3134,,,0.38,0.441,,,0.013,0.015
2155+312,60092.2,2023-05-28,fm3148,,,0.441,0.479,,,0.015,0.016
2155+312,60126.6,2023-07-01,fm3182,,0.432,0.426,0.456,,0.014,0.014,0.015
2155+312,60139.6,2023-07-14,fm3195,,0.387,0.396,0.436,,0.013,0.013,0.014
2155+312,60237.3,2023-10-20,fm3293,,0.434,0.437,0.431,,0.016,0.015,0.014
2155+312,60250.4,2023-11-02,fm3306,,0.411,0.418,0.459,,0.014,0.013,0.016
2155+312,60320.4,2024-01-11,fm4011,,,0.461,0.535,,,0.015,0.017
2155+312,60359.3,2024-02-19,fm4050,,0.374,0.392,0.505,,0.014,0.013,0.016
2155+312,60383.4,2024-03-14,fm4074,,0.352,0.395,0.538,,0.014,0.013,0.02
2155+312,60437.1,2024-05-07,fm4128,,,0.432,0.52,,,0.014,0.017
2155+312,60464.6,2024-06-03,fm4155,,0.536,0.545,0.591,,0.021,0.018,0.019
2155+312,60621.4,2024-11-07,fm4312,,0.503,0.551,0.615,,0.018,0.019,0.019
2155+312,60649.3,2024-12-05,fm4340,,0.483,0.517,0.599,,0.016,0.017,0.021
2155+312,60650.5,2024-12-06,fm4341,,0.483,0.523,0.567,,0.015,0.016,0.018
2155+312,60702.1,2025-01-27,fm5027,,0.556,0.567,0.621,,0.017,0.018,0.019
2155+312,60727.4,2025-02-21,fm5052,,0.551,0.599,0.654,,0.017,0.019,0.021
2155+312,60728.9,2025-02-22,fm5053,0.441,0.58,0.627,0.674,0.017,0.018,0.019,0.021
2155+312,60762.8,2025-03-28,fm5087,,0.529,0.569,0.627,,0.017,0.018,0.019
2155+312,60789.2,2025-04-24,fm5114,,0.526,0.545,0.596,,0.017,0.017,0.018
2155+312,60814.2,2025-05-19,fm5139,,0.504,0.492,0.559,,0.018,0.015,0.017
2155+312,60858.5,2025-07-02,fm5183,,0.646,0.736,0.819,,0.023,0.023,0.026
2155+312,60872.4,2025-07-16,fm5197,0.552,0.705,,0.753,0.026,0.022,,0.023
2155+312,60939.2,2025-09-21,fm5264,,0.564,0.567,0.582,,0.021,0.018,0.018
2155+312,60981.3,2025-11-02,fm5306,,0.607,0.627,0.587,,0.019,0.019,0.018
2155+312,61006.2,2025-11-27,fm5331,,0.517,0.538,0.537,,0.016,0.017,0.017
2155+312,61027.2,2025-12-18,fm5352,,0.502,0.506,0.485,,0.018,0.016,0.015
2155+312,61069.0,2026-01-28,fm6029,,0.465,0.478,0.472,,0.016,0.015,0.015
2155+312,61094.8,2026-02-23,fm6054,,0.472,0.479,0.483,,0.015,0.015,0.015
2155+312,61105.9,2026-03-06,fm6066,,0.49,0.502,0.499,,0.016,0.016,0.016
2155+312,61131.9,2026-04-01,fm6092,,0.522,0.549,0.54,,0.017,0.017,0.017
2155+312,61159.9,2026-04-29,fm6120,,,0.551,0.536,,,0.017,0.017
2155+312,61187.8,2026-05-27,fm6148,,0.609,0.601,0.582,,0.02,0.019,0.018
2155+312,61226.6,2026-07-05,fm6186,,0.578,0.58,0.554,,0.018,0.018,0.017
2155+312,61254.5,2026-08-02,fm6214,,0.483,0.48,0.493,,0.016,0.015,0.015
2155+312,61289.4,2026-09-06,fm6249,,0.499,0.516,0.493,,0.017,0.016,0.016
2155-152,61054.3,2026-01-14,vo6014,,3.865,3.68,,,0.122,0.113,
2155-152,61096.3,2026-02-25,vo6056,4.606,3.908,3.686,3.094,0.157,0.126,0.113,0.096
2155-152,61131.1,2026-04-01,vo6091,,3.782,3.616,3.153,,0.12,0.114,0.101
2155-152,61159.1,2026-04-29,vo6119,,3.87,3.634,3.228,,0.129,0.112,0.099
2155-152,61202.0,2026-06-10,vo6162,,3.749,3.594,3.145,,0.123,0.111,0.097
2155-152,61235.6,2026-07-14,vo6196,,,3.448,2.974,,,0.111,0.091
2155-152,61251.0,2026-07-29,vo6210,,,3.493,3.014,,,0.116,0.101
2200+420,61053.5,2026-01-13,vo6014,,4.689,4.881,5.422,,0.142,0.148,0.164
2200+420,61088.9,2026-02-17,vo6049,,4.257,4.452,4.954,,0.131,0.135,0.151
2200+420,61095.6,2026-02-24,vo6056,,4.256,4.449,4.735,,0.129,0.136,0.143
2200+420,61130.6,2026-03-31,vo6091,,3.692,3.745,3.85,,0.113,0.114,0.116
2200+420,61158.5,2026-04-28,vo6119,,2.985,2.93,2.947,,0.108,0.089,0.089
2200+420,61201.5,2026-06-10,vo6162,,4.099,4.377,4.745,,0.129,0.132,0.145
2200+420,61235.5,2026-07-14,vo6196,,,4.098,5.113,,,0.124,0.154
2200+420,61249.5,2026-07-28,vo6210,,4.288,4.647,5.67,,0.139,0.143,0.173
2209+236,59958.0,2023-01-14,fm3013,,0.95,1.002,1.0,,0.03,0.031,0.031
2209+236,59976.0,2023-01-31,fm3031,,0.973,0.994,0.993,,0.031,0.03,0.031
2209+236,60078.1,2023-05-14,fm3134,,1.229,1.27,1.231,,0.042,0.038,0.038
2209+236,60092.7,2023-05-28,fm3148,,,1.201,1.189,,,0.037,0.036
2209+236,60126.6,2023-07-01,fm3182,1.047,1.213,1.218,1.22,0.04,0.04,0.037,0.038
2209+236,60139.6,2023-07-14,fm3195,,1.305,1.317,1.274,,0.041,0.041,0.04
2209+236,60237.4,2023-10-20,fm3293,1.25,1.463,1.47,1.424,0.044,0.055,0.045,0.043
2209+236,60250.5,2023-11-02,fm3306,1.243,1.454,1.466,1.401,0.041,0.046,0.044,0.043
2209+236,60320.4,2024-01-11,fm4011,,1.55,1.543,1.481,,0.054,0.047,0.045
2209+236,60359.3,2024-02-19,fm4050,,1.517,1.501,1.423,,0.046,0.045,0.043
2209+236,60383.9,2024-03-14,fm4074,1.498,1.532,1.478,1.388,0.053,0.047,0.045,0.044
2209+236,60437.9,2024-05-07,fm4128,1.355,1.49,1.515,1.36,0.049,0.051,0.046,0.042
2209+236,60459.0,2024-05-29,vo4150,,1.556,1.602,1.61,,0.053,0.049,0.05
2209+236,60464.7,2024-06-03,fm4155,,1.55,1.559,1.485,,0.056,0.048,0.045
2209+236,60621.2,2024-11-07,fm4312,1.408,1.349,1.346,1.181,0.046,0.047,0.047,0.036
2209+236,60649.2,2024-12-05,fm4340,,1.307,1.293,1.202,,0.042,0.041,0.041
2209+236,60650.4,2024-12-06,fm4341,,1.194,1.219,1.099,,0.043,0.037,0.035
2209+236,60702.1,2025-01-27,fm5027,1.262,1.256,1.211,1.134,0.051,0.039,0.037,0.035
2209+236,60727.2,2025-02-21,fm5052,,1.243,1.238,1.098,,0.042,0.043,0.034
2209+236,60728.4,2025-02-22,fm5053,1.259,1.206,1.186,1.117,0.042,0.037,0.036,0.035
2209+236,60762.8,2025-03-28,fm5087,1.291,1.217,1.168,1.064,0.056,0.038,0.036,0.033
2209+236,60773.7,2025-04-08,vo5099,,1.18,1.134,0.994,,0.036,0.035,0.031
2209+236,60789.0,2025-04-23,fm5114,,1.191,1.171,1.055,,0.037,0.035,0.033
2209+236,60814.0,2025-05-19,fm5139,,1.098,1.096,1.011,,0.035,0.034,0.031
2209+236,60858.6,2025-07-02,fm5183,,1.076,1.048,0.946,,0.034,0.032,0.03
2209+236,60872.5,2025-07-16,fm5197,,1.047,,0.881,,0.044,,0.028
2209+236,60906.8,2025-08-19,vo5232,,0.952,0.9,0.812,,0.041,0.03,0.027
2209+236,60939.4,2025-09-21,fm5264,,0.834,0.779,0.682,,0.028,0.025,0.022
2209+236,60981.2,2025-11-02,fm5306,,0.686,0.661,0.574,,0.022,0.021,0.018
2209+236,61005.1,2025-11-26,vo5330,,0.785,0.76,0.665,,0.025,0.024,0.021
2209+236,61006.2,2025-11-27,fm5331,,0.797,0.768,0.699,,0.025,0.024,0.022
2209+236,61026.0,2025-12-17,vo5351,,0.763,0.772,0.701,,0.026,0.026,0.023
2209+236,61027.2,2025-12-18,fm5352,0.843,0.785,0.765,0.691,0.032,0.025,0.024,0.022
2209+236,61069.0,2026-01-28,fm6029,0.908,0.906,0.867,0.81,0.034,0.029,0.027,0.025
2209+236,61094.9,2026-02-23,fm6054,,0.871,0.829,0.775,,0.027,0.026,0.025
2209+236,61105.9,2026-03-06,fm6066,1.117,0.889,0.851,0.755,0.044,0.028,0.026,0.024
2209+236,61130.9,2026-03-31,vo6091,,0.807,0.832,0.726,,0.027,0.027,0.024
2209+236,61131.8,2026-04-01,fm6092,0.855,0.837,0.821,0.735,0.033,0.026,0.025,0.023
2209+236,61159.2,2026-04-29,vo6119,,,0.775,0.758,,,0.028,0.028
2209+236,61159.7,2026-04-29,fm6120,,0.844,0.788,0.728,,0.029,0.024,0.023
2209+236,61187.7,2026-05-27,fm6148,,0.799,0.751,0.685,,0.027,0.023,0.021
2209+236,61201.6,2026-06-10,vo6162,,0.841,0.812,0.711,,0.032,0.028,0.023
2209+236,61226.6,2026-07-05,fm6186,,0.77,0.756,0.687,,0.024,0.023,0.022
2209+236,61235.6,2026-07-14,vo6196,,,0.754,0.676,,,0.026,0.022
2209+236,61249.6,2026-07-28,vo6210,,,0.803,0.719,,,0.028,0.026
2209+236,61254.5,2026-08-02,fm6214,,0.828,0.796,0.709,,0.028,0.025,0.022
2209+236,61289.3,2026-09-06,fm6249,,0.822,0.813,0.725,,0.026,0.027,0.025
2214+241,60243.3,2023-10-26,vo3299,,0.705,0.678,0.687,,0.022,0.021,0.021
2214+241,61089.5,2026-02-18,vo6049,,,0.797,0.867,,,0.03,0.03
2214+241,61096.3,2026-02-25,vo6056,,0.736,0.785,0.823,,0.031,0.028,0.027
2214+241,61131.3,2026-04-01,vo6091,,,,0.848,,,,0.029
2214+241,61159.3,2026-04-29,vo6119,,,0.744,,,,0.036,
2214+241,61236.2,2026-07-15,vo6196,,,0.846,0.908,,,0.038,0.033
2214+350,59957.6,2023-01-13,fm3013,,0.548,0.523,0.492,,0.017,0.017,0.016
2214+350,59975.9,2023-01-31,fm3031,,0.536,0.528,0.502,,0.018,0.017,0.016
2214+350,60078.2,2023-05-14,fm3134,,,0.522,0.51,,,0.017,0.016
2214+350,60092.3,2023-05-28,fm3148,,,0.518,0.507,,,0.017,0.017
2214+350,60126.2,2023-07-01,fm3182,,0.581,0.571,0.503,,0.02,0.019,0.018
2214+350,60139.6,2023-07-14,fm3195,,0.533,0.527,0.495,,0.018,0.017,0.016
2214+350,60237.4,2023-10-20,fm3293,,0.494,0.466,0.43,,0.017,0.016,0.014
2214+350,60250.4,2023-11-02,fm3306,,0.454,0.47,0.425,,0.015,0.015,0.014
2214+350,60320.5,2024-01-11,fm4011,,,0.415,0.339,,,0.014,0.012
2214+350,60359.3,2024-02-19,fm4050,,0.438,0.412,0.329,,0.015,0.014,0.012
2214+350,60383.4,2024-03-14,fm4074,,0.445,0.4,0.323,,0.017,0.014,0.013
2214+350,60437.1,2024-05-07,fm4128,,,0.36,0.289,,,0.013,0.011
2214+350,60464.6,2024-06-03,fm4155,,0.393,0.347,0.285,,0.014,0.012,0.011
2214+350,60621.5,2024-11-07,fm4312,,0.338,0.323,0.255,,0.013,0.011,0.009
2214+350,60649.4,2024-12-05,fm4340,,0.359,0.331,0.272,,0.013,0.011,0.012
2214+350,60650.6,2024-12-06,fm4341,,0.353,0.318,0.243,,0.014,0.01,0.009
2214+350,60702.3,2025-01-27,fm5027,,0.337,0.304,0.256,,0.011,0.01,0.009
2214+350,60727.4,2025-02-21,fm5052,,0.346,0.313,,,0.012,0.01,
2214+350,60728.5,2025-02-22,fm5053,,0.338,0.314,,,0.012,0.01,
2214+350,60762.7,2025-03-28,fm5087,,0.36,0.336,0.278,,0.012,0.011,0.009
2214+350,60789.2,2025-04-24,fm5114,,0.352,0.323,0.27,,0.011,0.011,0.009
2214+350,60814.3,2025-05-19,fm5139,,0.337,0.307,0.268,,0.012,0.011,0.009
2214+350,60858.4,2025-07-02,fm5183,,0.334,0.311,0.274,,0.012,0.011,0.011
2214+350,60872.4,2025-07-16,fm5197,,0.344,,0.304,,0.012,,0.011
2214+350,60939.4,2025-09-21,fm5264,,0.342,,0.327,,0.012,,0.011
2214+350,60981.3,2025-11-02,fm5306,,0.387,0.366,0.328,,0.012,0.012,0.011
2214+350,61005.9,2025-11-26,fm5331,,,0.362,0.333,,,0.013,0.012
2214+350,61027.2,2025-12-18,fm5352,,0.363,0.368,0.318,,0.013,0.012,0.011
2214+350,61068.9,2026-01-28,fm6029,,0.371,0.365,0.316,,0.013,0.012,0.01
2214+350,61094.8,2026-02-23,fm6054,,0.45,0.412,0.337,,0.016,0.013,0.011
2214+350,61105.8,2026-03-06,fm6066,,0.399,0.376,0.31,,0.014,0.012,0.01
2214+350,61131.8,2026-04-01,fm6092,,0.452,0.426,0.338,,0.015,0.013,0.011
2214+350,61159.9,2026-04-29,fm6120,,0.409,0.398,0.322,,0.014,0.013,0.011
2214+350,61226.7,2026-07-05,fm6186,,0.426,0.384,0.323,,0.016,0.013,0.011
2214+350,61254.5,2026-08-02,fm6214,,0.434,0.381,0.309,,0.016,0.012,0.01
2214+350,61289.4,2026-09-06,fm6249,,0.486,0.444,0.33,,0.016,0.015,0.013
2215+150,59958.1,2023-01-14,fm3013,,0.688,0.607,0.531,,0.022,0.02,0.02
2215+150,59976.1,2023-02-01,fm3031,,0.653,0.617,0.513,,0.02,0.021,0.018
2215+150,60078.9,2023-05-14,fm3134,,,0.605,0.509,,,0.02,0.017
2215+150,60092.1,2023-05-28,fm3148,,,0.568,0.503,,,0.019,0.016
2215+150,60126.7,2023-07-01,fm3182,,0.637,0.599,0.541,,0.021,0.019,0.018
2215+150,60139.7,2023-07-14,fm3195,,0.669,0.642,0.54,,0.023,0.02,0.018
2215+150,60237.4,2023-10-20,fm3293,,0.653,0.628,0.553,,0.023,0.02,0.018
2215+150,60250.4,2023-11-02,fm3306,,0.653,0.628,0.546,,0.021,0.021,0.018
2215+150,60320.3,2024-01-11,fm4011,,0.608,0.598,0.522,,0.023,0.019,0.017
2215+150,60359.2,2024-02-19,fm4050,0.671,0.644,0.603,0.529,0.025,0.02,0.019,0.018
2215+150,60384.1,2024-03-15,fm4074,,0.619,0.599,0.53,,0.021,0.02,0.019
2215+150,60417.0,2024-04-17,vo4108,,0.64,0.625,0.535,,0.022,0.021,0.017
2215+150,60424.0,2024-04-24,vo4115,,0.624,0.606,0.535,,0.02,0.019,0.016
2215+150,60437.0,2024-05-06,fm4128,,,0.604,0.546,,,0.019,0.018
2215+150,60464.8,2024-06-03,fm4155,,0.591,0.585,0.528,,0.021,0.019,0.017
2215+150,60557.4,2024-09-04,vo4248,,,0.614,0.555,,,0.02,0.017
2215+150,60578.4,2024-09-25,vo4269,,0.655,0.617,0.569,,0.023,0.021,0.019
2215+150,60592.3,2024-10-09,vo4283,,0.605,0.595,0.546,,0.02,0.019,0.017
2215+150,60648.0,2024-12-04,vo4339,,0.622,0.613,0.537,,0.02,0.019,0.017
2215+150,60649.2,2024-12-05,fm4340,,0.634,0.629,0.545,,0.021,0.02,0.019
2215+150,60650.5,2024-12-06,fm4341,,0.597,0.596,0.517,,0.018,0.018,0.016
2215+150,60655.1,2024-12-11,vo4346,,0.612,0.664,0.549,,0.02,0.023,0.018
2215+150,60697.0,2025-01-22,vo5022,,0.587,0.559,0.502,,0.019,0.02,0.016
2215+150,60702.1,2025-01-27,fm5027,,0.578,0.566,0.491,,0.02,0.017,0.016
2215+150,60704.0,2025-01-28,vo5029,,0.589,0.559,0.501,,0.019,0.018,0.016
2215+150,60717.9,2025-02-11,vo5043,,0.58,0.557,0.487,,0.018,0.018,0.015
2215+150,60728.0,2025-02-21,fm5052,,0.582,0.57,0.489,,0.019,0.018,0.016
2215+150,60729.0,2025-02-23,fm5053,,0.597,0.576,0.532,,0.019,0.018,0.017
2215+150,60762.9,2025-03-28,fm5087,,0.569,0.548,0.474,,0.018,0.017,0.015
2215+150,60808.5,2025-05-13,vo5134,,0.563,0.537,0.447,,0.02,0.017,0.014
2215+150,60814.8,2025-05-19,fm5139,,0.575,0.55,0.458,,0.018,0.017,0.014
2215+150,60851.0,2025-06-25,vo5176,,,,0.441,,,,0.016
2215+150,60858.7,2025-07-02,fm5183,,0.574,0.523,0.446,,0.019,0.017,0.015
2215+150,60873.0,2025-07-16,fm5197,0.621,0.561,,0.441,0.028,0.019,,0.014
2215+150,60939.4,2025-09-21,fm5264,,0.549,0.51,0.421,,0.02,0.016,0.014
2215+150,60981.2,2025-11-02,fm5306,0.641,0.545,0.515,0.423,0.028,0.018,0.016,0.014
2215+150,61006.3,2025-11-27,fm5331,,0.522,0.499,0.437,,0.017,0.017,0.014
2215+150,61027.3,2025-12-18,fm5352,,0.521,0.513,0.44,,0.017,0.016,0.014
2215+150,61069.1,2026-01-29,fm6029,,0.521,0.506,0.437,,0.017,0.016,0.014
2215+150,61095.2,2026-02-24,fm6054,,0.517,0.465,0.424,,0.022,0.018,0.018
2215+150,61096.3,2026-02-25,vo6056,,,0.528,0.462,,,0.049,0.039
2215+150,61106.0,2026-03-06,fm6066,,,0.514,0.458,,,0.016,0.015
2215+150,61131.9,2026-04-01,fm6092,0.588,0.553,0.536,0.481,0.023,0.018,0.017,0.015
2215+150,61159.7,2026-04-29,fm6120,,0.507,0.514,0.461,,0.018,0.016,0.015
2215+150,61187.8,2026-05-27,fm6148,,0.522,0.52,0.485,,0.017,0.016,0.015
2215+150,61226.7,2026-07-05,fm6186,,,0.499,0.498,,,0.016,0.016
2215+150,61254.6,2026-08-02,fm6214,,0.53,0.539,0.512,,0.018,0.017,0.016
2215+150,61289.4,2026-09-06,fm6249,,0.505,0.515,0.521,,0.017,0.017,0.017
2216-038,59958.3,2023-01-14,fm3013,,2.166,2.187,2.158,,0.071,0.069,0.066
2216-038,59976.2,2023-02-01,fm3031,,2.239,2.223,2.158,,0.069,0.067,0.066
2216-038,60079.0,2023-05-14,fm3134,,,2.327,2.214,,,0.071,0.067
2216-038,60093.0,2023-05-28,fm3148,2.207,,2.301,2.2,0.093,,0.074,0.067
2216-038,60126.8,2023-07-01,fm3182,2.215,2.384,2.309,2.248,0.079,0.074,0.072,0.069
2216-038,60139.8,2023-07-14,fm3195,2.27,2.345,2.337,2.199,0.084,0.074,0.071,0.067
2216-038,60237.5,2023-10-20,fm3293,2.322,2.375,2.366,2.185,0.085,0.075,0.072,0.066
2216-038,60250.5,2023-11-02,fm3306,,2.441,2.435,2.193,,0.076,0.076,0.067
2216-038,60359.2,2024-02-19,fm4050,,2.405,2.378,2.17,,0.088,0.074,0.066
2216-038,60384.2,2024-03-15,fm4074,2.331,2.447,2.374,2.144,0.079,0.079,0.072,0.067
2216-038,60437.0,2024-05-07,fm4128,2.264,2.426,2.407,2.179,0.081,0.078,0.073,0.066
2216-038,60464.9,2024-06-03,fm4155,2.318,2.439,2.419,2.174,0.074,0.078,0.073,0.066
2216-038,60621.2,2024-11-07,fm4312,2.28,2.389,2.381,2.139,0.082,0.078,0.077,0.065
2216-038,60649.1,2024-12-05,fm4340,,2.472,2.431,2.225,,0.078,0.078,0.075
2216-038,60650.3,2024-12-06,fm4341,,2.383,2.338,2.115,,0.073,0.074,0.064
2216-038,60702.0,2025-01-27,fm5027,2.213,2.315,2.282,1.998,0.071,0.073,0.069,0.061
2216-038,60729.2,2025-02-23,fm5053,,,,2.159,,,,0.066
2216-038,60763.1,2025-03-29,fm5087,2.178,2.258,2.186,1.943,0.094,0.068,0.066,0.059
2216-038,60789.0,2025-04-23,fm5114,2.176,2.23,2.149,1.878,0.093,0.07,0.065,0.058
2216-038,60814.0,2025-05-18,fm5139,,2.208,2.122,1.857,,0.1,0.064,0.056
2216-038,60858.8,2025-07-02,fm5183,2.202,2.169,2.095,1.898,0.085,0.071,0.064,0.059
2216-038,60873.0,2025-07-16,fm5197,2.159,2.212,,1.874,0.068,0.071,,0.057
2216-038,60939.6,2025-09-21,fm5264,,2.114,2.001,1.748,,0.069,0.063,0.053
2216-038,60981.4,2025-11-02,fm5306,2.074,1.901,1.821,1.579,0.068,0.061,0.056,0.049
2216-038,61006.4,2025-11-27,fm5331,,2.036,1.935,1.765,,0.064,0.059,0.054
2216-038,61027.6,2025-12-18,fm5352,2.14,2.075,1.999,1.798,0.08,0.069,0.06,0.055
2216-038,61069.2,2026-01-29,fm6029,2.132,2.022,1.915,1.664,0.079,0.062,0.058,0.05
2216-038,61095.2,2026-02-24,fm6054,,1.933,1.817,1.626,,0.089,0.063,0.05
2216-038,61106.1,2026-03-07,fm6066,,1.978,1.909,1.635,,0.06,0.058,0.05
2216-038,61132.0,2026-04-02,fm6092,2.175,1.992,1.88,1.676,0.09,0.063,0.061,0.051
2216-038,61160.0,2026-04-29,fm6120,2.097,1.935,1.865,1.644,0.092,0.061,0.056,0.051
2216-038,61187.7,2026-05-27,fm6148,,1.925,1.858,1.642,,0.062,0.056,0.05
2216-038,61226.8,2026-07-05,fm6186,,1.871,1.801,1.555,,0.062,0.055,0.047
2216-038,61254.7,2026-08-02,fm6214,,1.901,1.829,1.573,,0.06,0.055,0.048
2216-038,61289.6,2026-09-06,fm6249,2.092,1.807,1.716,,0.076,0.058,0.058,
2223-052,60418.5,2024-04-18,vo4108,,4.283,3.953,3.706,,0.134,0.12,0.112
2223-052,60424.9,2024-04-24,vo4115,,4.112,3.957,3.704,,0.124,0.12,0.111
2223-052,60557.6,2024-09-04,vo4248,,4.255,4.176,3.997,,0.139,0.126,0.122
2223-052,60578.5,2024-09-25,vo4269,5.123,4.527,4.409,4.211,0.181,0.147,0.134,0.127
2223-052,60592.5,2024-10-09,vo4283,,4.35,4.274,3.976,,0.135,0.13,0.121
2223-052,60648.4,2024-12-04,vo4339,,4.386,4.377,4.103,,0.148,0.138,0.125
2223-052,60655.0,2024-12-11,vo4346,,4.428,4.739,4.178,,0.134,0.145,0.128
2223-052,60697.2,2025-01-22,vo5022,,4.319,4.215,4.102,,0.137,0.128,0.124
2223-052,60774.0,2025-04-08,vo5099,,4.381,4.296,4.165,,0.135,0.13,0.126
2223-052,60808.9,2025-05-13,vo5134,,4.488,4.309,4.199,,0.154,0.13,0.127
2223-052,60850.7,2025-06-24,vo5176,4.937,4.601,,4.504,0.183,0.144,,0.139
2223-052,60906.5,2025-08-19,vo5232,,4.585,4.647,4.561,,0.15,0.14,0.139
2223-052,60956.5,2025-10-08,vo5281,,4.593,4.567,4.484,,0.144,0.138,0.136
2223-052,60977.4,2025-10-29,vo5302,,4.751,4.681,4.604,,0.149,0.141,0.139
2223-052,61005.3,2025-11-26,vo5330,,4.662,4.652,4.589,,0.146,0.141,0.14
2223-052,61089.3,2026-02-18,vo6049,,4.692,4.801,4.841,,0.153,0.158,0.15
2227-088,59958.3,2023-01-14,fm3013,,1.415,1.342,1.358,,0.047,0.041,0.05
2227-088,59976.3,2023-02-01,fm3031,,1.378,1.324,1.308,,0.043,0.041,0.042
2227-088,60079.0,2023-05-15,fm3134,,,1.294,1.375,,,0.042,0.044
2227-088,60093.0,2023-05-28,fm3148,,,1.278,1.384,,,0.041,0.046
2227-088,60126.9,2023-07-01,fm3182,1.528,1.362,1.346,1.467,0.051,0.049,0.041,0.046
2227-088,60139.8,2023-07-14,fm3195,,1.354,1.351,1.481,,0.047,0.043,0.048
2227-088,60237.6,2023-10-20,fm3293,1.487,1.36,1.424,1.786,0.051,0.047,0.046,0.055
2227-088,60250.5,2023-11-02,fm3306,,,1.439,1.747,,,0.046,0.07
2227-088,60384.2,2024-03-15,fm4074,1.385,1.492,1.572,1.994,0.05,0.047,0.048,0.064
2227-088,60437.0,2024-05-06,fm4128,,1.519,1.665,2.067,,0.05,0.051,0.069
2227-088,60459.9,2024-05-29,vo4150,,1.564,1.652,2.034,,0.053,0.052,0.063
2227-088,60464.9,2024-06-03,fm4155,1.467,1.538,1.668,1.955,0.06,0.048,0.051,0.059
2227-088,60620.4,2024-11-06,vo4311,,1.626,1.64,1.702,,0.052,0.05,0.052
2227-088,60621.2,2024-11-07,fm4312,1.497,1.59,1.645,1.697,0.049,0.048,0.051,0.052
2227-088,60649.1,2024-12-05,fm4340,,1.647,1.702,1.752,,0.053,0.055,0.06
2227-088,60650.2,2024-12-06,fm4341,,1.633,1.651,1.666,,0.051,0.05,0.056
2227-088,60702.0,2025-01-26,fm5027,1.431,1.576,1.589,1.512,0.046,0.052,0.048,0.048
2227-088,60704.2,2025-01-29,vo5029,,1.595,1.567,1.601,,0.053,0.048,0.053
2227-088,60763.1,2025-03-29,fm5087,1.468,1.507,1.502,1.479,0.052,0.046,0.046,0.051
2227-088,60788.9,2025-04-23,fm5114,1.453,1.49,1.47,,0.05,0.047,0.045,
2227-088,60815.0,2025-05-19,fm5139,1.494,,1.462,1.446,0.052,,0.049,0.045
2227-088,60858.8,2025-07-02,fm5183,1.443,1.399,1.384,1.434,0.049,0.043,0.042,0.048
2227-088,60872.8,2025-07-16,fm5197,,1.442,,1.365,,0.05,,0.042
2227-088,60939.6,2025-09-21,fm5264,,1.336,1.309,1.451,,0.044,0.04,0.047
2227-088,60981.5,2025-11-02,fm5306,,,1.299,,,,0.04,
2227-088,61006.4,2025-11-27,fm5331,,,1.313,1.42,,,0.043,0.049
2227-088,61026.3,2025-12-17,vo5351,,1.272,1.283,1.364,,0.04,0.039,0.044
2227-088,61027.6,2025-12-18,fm5352,,1.324,1.315,1.448,,0.045,0.04,0.045
2227-088,61054.4,2026-01-14,vo6014,,,1.245,,,,0.073,
2227-088,61069.3,2026-01-29,fm6029,1.412,1.323,1.34,1.503,0.05,0.043,0.041,0.048
2227-088,61089.3,2026-02-18,vo6049,,,1.385,,,,0.055,
2227-088,61106.2,2026-03-07,fm6066,,1.343,1.382,1.621,,0.043,0.043,0.05
2227-088,61131.1,2026-04-01,vo6091,,1.327,1.37,1.631,,0.054,0.048,0.057
2227-088,61132.1,2026-04-02,fm6092,1.406,1.384,1.413,1.616,0.051,0.043,0.043,0.058
2227-088,61159.4,2026-04-29,vo6119,,,,1.667,,,,0.067
2227-088,61160.0,2026-04-30,fm6120,,,1.467,,,,0.057,
2227-088,61187.6,2026-05-27,fm6148,,1.447,1.467,1.737,,0.05,0.047,0.056
2227-088,61202.3,2026-06-11,vo6162,,,1.621,1.884,,,0.072,0.076
2227-088,61226.8,2026-07-05,fm6186,,1.412,1.515,1.752,,0.044,0.046,0.057
2227-088,61235.9,2026-07-14,vo6196,,,1.484,1.705,,,0.057,0.061
2227-088,61249.7,2026-07-28,vo6210,,,1.573,1.85,,,0.056,0.07
2227-088,61254.8,2026-08-02,fm6214,,1.526,1.62,1.899,,0.049,0.049,0.061
2227-088,61289.7,2026-09-06,fm6249,,1.584,1.614,1.883,,0.073,0.05,0.066
2229+695,59957.6,2023-01-13,fm3013,,1.168,1.119,1.006,,0.046,0.035,0.032
2229+695,59975.6,2023-01-31,fm3031,1.243,1.192,1.141,0.997,0.042,0.041,0.036,0.031
2229+695,60078.1,2023-05-14,fm3134,,1.17,1.149,0.999,,0.038,0.037,0.031
2229+695,60092.1,2023-05-28,fm3148,,,1.141,1.009,,,0.038,0.031
2229+695,60127.0,2023-07-02,fm3182,,1.146,1.12,0.983,,0.036,0.035,0.031
2229+695,60139.5,2023-07-14,fm3195,,1.14,1.128,1.01,,0.036,0.035,0.031
2229+695,60237.2,2023-10-20,fm3293,,1.192,1.148,1.026,,0.037,0.035,0.032
2229+695,60243.3,2023-10-26,vo3299,,1.181,1.139,1.024,,0.036,0.035,0.031
2229+695,60250.3,2023-11-02,fm3306,,1.14,1.111,0.991,,0.035,0.035,0.031
2229+695,60320.4,2024-01-11,fm4011,,1.146,1.087,0.947,,0.038,0.035,0.031
2229+695,60359.3,2024-02-19,fm4050,,1.184,1.152,1.007,,0.04,0.035,0.031
2229+695,60383.4,2024-03-14,fm4074,,1.169,1.144,1.004,,0.036,0.035,0.031
2229+695,60417.2,2024-04-17,vo4108,,1.12,1.097,0.968,,0.035,0.034,0.03
2229+695,60437.0,2024-05-07,fm4128,,1.12,1.092,0.963,,0.036,0.036,0.03
2229+695,60464.4,2024-06-03,fm4155,,1.145,1.129,0.961,,0.037,0.037,0.03
2229+695,60557.2,2024-09-04,vo4248,,,1.107,0.969,,,0.037,0.03
2229+695,60592.1,2024-10-09,vo4283,,1.144,1.156,0.977,,0.038,0.04,0.03
2229+695,60621.3,2024-11-07,fm4312,,1.155,1.089,0.956,,0.038,0.036,0.03
2229+695,60649.2,2024-12-05,fm4340,,1.179,1.181,0.976,,0.038,0.038,0.033
2229+695,60650.4,2024-12-06,fm4341,,1.117,1.113,0.974,,0.037,0.034,0.03
2229+695,60655.0,2024-12-11,vo4346,,1.138,1.211,0.986,,0.038,0.038,0.03
2229+695,60696.6,2025-01-21,vo5022,,1.111,1.064,0.929,,0.035,0.033,0.029
2229+695,60702.1,2025-01-27,fm5027,,1.117,1.078,0.94,,0.035,0.034,0.03
2229+695,60703.6,2025-01-28,vo5029,,1.078,1.072,0.943,,0.038,0.035,0.029
2229+695,60717.7,2025-02-11,vo5043,,1.091,1.051,0.912,,0.035,0.033,0.028
2229+695,60727.2,2025-02-21,fm5052,,1.108,1.113,0.938,,0.035,0.036,0.029
2229+695,60728.4,2025-02-22,fm5053,,1.093,1.069,0.957,,0.034,0.033,0.03
2229+695,60762.4,2025-03-28,fm5087,,1.124,1.094,0.947,,0.037,0.034,0.029
2229+695,60773.6,2025-04-08,vo5099,,1.124,1.089,0.924,,0.035,0.033,0.028
2229+695,60789.0,2025-04-24,fm5114,,1.07,1.085,0.938,,0.036,0.038,0.029
2229+695,60808.5,2025-05-13,vo5134,,1.068,1.027,0.897,,0.038,0.033,0.027
2229+695,60814.0,2025-05-19,fm5139,,1.079,1.074,0.912,,0.034,0.033,0.028
2229+695,60850.8,2025-06-24,vo5176,,1.094,1.049,0.914,,0.035,0.033,0.028
2229+695,60858.1,2025-07-02,fm5183,,1.103,1.059,0.943,,0.038,0.033,0.03
2229+695,60872.1,2025-07-16,fm5197,,1.148,,0.903,,0.047,,0.029
2229+695,60906.5,2025-08-19,vo5232,,,,0.952,,,,0.031
2229+695,60939.2,2025-09-21,fm5264,,0.996,0.953,0.847,,0.038,0.032,0.026
2229+695,60955.6,2025-10-07,vo5281,,1.082,1.064,0.893,,0.034,0.034,0.027
2229+695,60976.9,2025-10-28,vo5302,,1.05,1.038,0.925,,0.035,0.033,0.029
2229+695,60981.3,2025-11-02,fm5306,1.221,0.971,0.969,0.815,0.044,0.033,0.03,0.025
2229+695,61005.0,2025-11-25,vo5330,,1.091,1.049,0.888,,0.037,0.033,0.028
2229+695,61006.0,2025-11-26,fm5331,,1.07,1.05,0.937,,0.033,0.033,0.03
2229+695,61027.2,2025-12-18,fm5352,,1.051,1.048,0.893,,0.036,0.033,0.03
2229+695,61068.8,2026-01-28,fm6029,,1.113,1.031,0.89,,0.036,0.031,0.028
2229+695,61094.4,2026-02-23,fm6054,,1.038,1.026,0.89,,0.034,0.031,0.028
2229+695,61105.8,2026-03-06,fm6066,,1.047,1.02,0.868,,0.034,0.031,0.027
2229+695,61131.8,2026-04-01,fm6092,1.496,1.074,1.028,0.899,0.051,0.034,0.032,0.028
2229+695,61159.7,2026-04-29,fm6120,,1.087,1.022,0.863,,0.034,0.031,0.027
2229+695,61187.7,2026-05-27,fm6148,,1.066,1.0,0.874,,0.034,0.031,0.027
2229+695,61226.8,2026-07-05,fm6186,,1.068,1.019,0.878,,0.036,0.031,0.027
2229+695,61254.4,2026-08-02,fm6214,,1.068,1.05,0.894,,0.037,0.033,0.028
2229+695,61289.4,2026-09-06,fm6249,,1.101,1.071,0.915,,0.037,0.034,0.03
2230+114,61054.1,2026-01-14,vo6014,,5.483,5.562,,,0.17,0.168,
2230+114,61089.1,2026-02-18,vo6049,,5.331,5.328,5.005,,0.167,0.161,0.153
2230+114,61130.9,2026-03-31,vo6091,5.509,5.125,5.036,4.557,0.178,0.156,0.152,0.138
2230+114,61158.8,2026-04-28,vo6119,,5.167,5.011,4.512,,0.16,0.152,0.137
2230+114,61201.5,2026-06-10,vo6162,,5.1,4.927,4.24,,0.154,0.149,0.13
2230+114,61235.6,2026-07-14,vo6196,,,4.637,3.95,,,0.141,0.119
2234+282,61249.8,2026-07-28,vo6210,,1.327,1.171,1.314,,0.067,0.047,0.044
2250+190,59958.1,2023-01-14,fm3013,,0.275,,,,0.011,,
2250+190,59976.1,2023-02-01,fm3031,,,,0.145,,,,0.009
2250+190,60078.2,2023-05-14,fm3134,,,0.177,,,,0.008,
2250+190,60092.2,2023-05-28,fm3148,,,0.179,,,,0.008,
2250+190,60126.7,2023-07-01,fm3182,,0.226,,,,0.011,,
2250+190,60139.6,2023-07-14,fm3195,,,,0.148,,,,0.01
2250+190,60237.4,2023-10-20,fm3293,,0.225,0.196,0.134,,0.011,0.008,0.008
2250+190,60250.4,2023-11-02,fm3306,,0.214,,,,0.01,,
2250+190,60383.4,2024-03-14,fm4074,,0.193,0.17,,,0.013,0.009,
2250+190,60437.0,2024-05-07,fm4128,,,,0.138,,,,0.009
2250+190,60464.7,2024-06-03,fm4155,,,,0.138,,,,0.01
2250+190,60621.3,2024-11-07,fm4312,,0.192,0.184,0.146,,0.008,0.007,0.006
2250+190,60649.2,2024-12-05,fm4340,,0.21,0.199,,,0.008,0.007,
2250+190,60650.3,2024-12-06,fm4341,,0.194,0.184,0.147,,0.008,0.006,0.007
2250+190,60702.1,2025-01-27,fm5027,,0.199,0.177,0.125,,0.008,0.006,0.007
2250+190,60727.4,2025-02-21,fm5052,,0.2,0.182,,,0.008,0.007,
2250+190,60729.0,2025-02-23,fm5053,,0.214,0.175,,,0.008,0.008,
2250+190,60762.9,2025-03-28,fm5087,,0.197,0.183,0.136,,0.008,0.008,0.006
2250+190,60789.2,2025-04-24,fm5114,,0.194,0.172,0.136,,0.007,0.007,0.006
2250+190,60814.1,2025-05-19,fm5139,,0.2,0.17,0.127,,0.009,0.007,0.007
2250+190,60858.6,2025-07-02,fm5183,,,,0.134,,,,0.008
2250+190,60939.5,2025-09-21,fm5264,,0.202,,0.116,,0.009,,0.007
2250+190,60981.2,2025-11-02,fm5306,,0.193,0.164,,,0.008,0.007,
2250+190,61006.3,2025-11-27,fm5331,,0.185,0.171,,,0.008,0.007,
2250+190,61027.3,2025-12-18,fm5352,,0.174,0.16,,,0.008,0.007,
2250+190,61069.1,2026-01-29,fm6029,,0.179,0.165,0.126,,0.009,0.006,0.006
2250+190,61095.0,2026-02-23,fm6054,,0.2,0.155,0.109,,0.01,0.008,0.007
2250+190,61106.0,2026-03-06,fm6066,,,0.157,,,,0.007,
2250+190,61131.9,2026-04-01,fm6092,,0.189,0.16,0.111,,0.008,0.007,0.006
2250+190,61159.7,2026-04-29,fm6120,,0.168,0.153,,,0.009,0.006,
2250+190,61187.9,2026-05-27,fm6148,,,0.156,,,,0.007,
2250+190,61226.6,2026-07-05,fm6186,,,,0.112,,,,0.006
2250+190,61254.5,2026-08-02,fm6214,,0.174,0.158,,,0.008,0.007,
2250+190,61289.3,2026-09-06,fm6249,,0.163,0.157,,,0.009,0.008,
2251+158,61054.7,2026-01-14,vo6014,,18.258,18.446,,,0.551,0.562,
2251+158,61089.4,2026-02-18,vo6049,,19.109,19.703,20.166,,0.578,0.593,0.616
2251+158,61096.2,2026-02-25,vo6056,17.205,18.733,19.088,18.615,0.61,0.57,0.577,0.573
2251+158,61131.5,2026-04-01,vo6091,,20.019,20.192,19.62,,0.633,0.609,0.591
2251+158,61158.9,2026-04-28,vo6119,,20.196,20.142,19.62,,0.716,0.608,0.596
2251+158,61202.5,2026-06-11,vo6162,,19.543,19.974,19.531,,0.592,0.603,0.596
2251+158,61236.1,2026-07-15,vo6196,,,20.217,19.602,,,0.608,0.591
2251+158,61250.1,2026-07-29,vo6210,,19.753,19.777,19.109,,0.837,0.626,0.583
2254+074,59958.2,2023-01-14,fm3013,,0.513,0.545,0.613,,0.016,0.018,0.021
2254+074,59976.2,2023-02-01,fm3031,,0.562,0.586,0.639,,0.02,0.018,0.02
2254+074,60078.1,2023-05-14,fm3134,,,0.672,0.734,,,0.021,0.023
2254+074,60092.9,2023-05-28,fm3148,,,0.647,0.749,,,0.021,0.024
2254+074,60126.8,2023-07-01,fm3182,,0.651,0.655,0.729,,0.022,0.02,0.023
2254+074,60139.7,2023-07-14,fm3195,0.574,0.659,0.692,0.737,0.025,0.023,0.022,0.023
2254+074,60237.5,2023-10-20,fm3293,,0.664,0.676,0.697,,0.026,0.021,0.023
2254+074,60250.5,2023-11-02,fm3306,,0.625,0.643,0.671,,0.02,0.021,0.021
2254+074,60359.2,2024-02-19,fm4050,0.566,0.584,0.601,0.618,0.026,0.019,0.019,0.02
2254+074,60384.1,2024-03-15,fm4074,,0.612,0.614,0.655,,0.02,0.02,0.021
2254+074,60437.0,2024-05-06,fm4128,,0.572,0.574,0.571,,0.021,0.018,0.018
2254+074,60464.8,2024-06-03,fm4155,0.541,0.526,0.532,0.533,0.025,0.019,0.017,0.017
2254+074,60621.2,2024-11-07,fm4312,,0.645,0.689,0.743,,0.025,0.022,0.024
2254+074,60649.1,2024-12-05,fm4340,,0.624,0.619,0.607,,0.022,0.021,0.022
2254+074,60650.3,2024-12-06,fm4341,,0.712,0.739,0.746,,0.027,0.024,0.024
2254+074,60702.0,2025-01-26,fm5027,,0.761,0.785,0.791,,0.025,0.024,0.026
2254+074,60727.2,2025-02-21,fm5052,,0.749,0.764,,,0.024,0.024,
2254+074,60729.1,2025-02-23,fm5053,,0.768,0.799,0.838,,0.025,0.025,0.027
2254+074,60763.0,2025-03-29,fm5087,,0.744,0.761,0.78,,0.023,0.024,0.024
2254+074,60789.0,2025-04-23,fm5114,,0.738,0.745,0.775,,0.024,0.023,0.024
2254+074,60814.0,2025-05-19,fm5139,,0.767,0.725,0.738,,0.028,0.023,0.023
2254+074,60858.8,2025-07-02,fm5183,,0.662,0.693,0.704,,0.026,0.022,0.024
2254+074,60873.0,2025-07-16,fm5197,,0.706,,0.714,,0.023,,0.023
2254+074,60906.5,2025-08-19,vo5232,,0.699,0.713,0.696,,0.025,0.023,0.022
2254+074,60939.5,2025-09-21,fm5264,,0.712,0.751,0.782,,0.023,0.025,0.025
2254+074,60955.5,2025-10-07,vo5281,,0.794,0.775,0.795,,0.025,0.026,0.025
2254+074,60981.4,2025-11-02,fm5306,,0.69,0.728,0.727,,0.025,0.023,0.023
2254+074,61006.4,2025-11-27,fm5331,,0.655,0.658,0.676,,0.021,0.024,0.022
2254+074,61026.4,2025-12-17,vo5351,,0.638,0.647,0.654,,0.022,0.022,0.021
2254+074,61027.5,2025-12-18,fm5352,,0.645,0.66,0.681,,0.021,0.021,0.022
2254+074,61054.3,2026-01-14,vo6014,,0.736,0.76,0.791,,0.026,0.027,0.028
2254+074,61069.2,2026-01-29,fm6029,,0.759,0.773,0.798,,0.024,0.024,0.025
2254+074,61095.1,2026-02-24,fm6054,0.749,0.791,0.767,0.804,0.037,0.025,0.029,0.025
2254+074,61106.1,2026-03-07,fm6066,,0.751,0.816,0.777,,0.027,0.028,0.03
2254+074,61132.0,2026-04-01,fm6092,0.781,0.793,0.799,0.802,0.033,0.025,0.025,0.025
2254+074,61159.9,2026-04-29,fm6120,,0.802,0.799,0.805,,0.025,0.025,0.025
2254+074,61187.7,2026-05-27,fm6148,,0.686,0.695,0.703,,0.023,0.023,0.022
2254+074,61226.8,2026-07-05,fm6186,,0.684,0.671,0.703,,0.024,0.022,0.022
2254+074,61249.7,2026-07-28,vo6210,,,0.683,0.729,,,0.026,0.024
2254+074,61254.7,2026-08-02,fm6214,,0.678,0.709,0.69,,0.022,0.022,0.022
2254+074,61289.6,2026-09-06,fm6249,,0.634,0.646,0.674,,0.021,0.022,0.023
2308+341,61095.8,2026-02-24,vo6056,,0.561,0.539,0.473,,0.02,0.023,0.017
2308+341,61201.6,2026-06-10,vo6162,,0.553,0.511,0.435,,0.021,0.018,0.015
2308+341,61235.6,2026-07-14,vo6196,,,0.469,0.424,,,0.018,0.015
2318+049,59958.2,2023-01-14,fm3013,,0.859,0.813,0.804,,0.035,0.028,0.027
2318+049,59976.2,2023-02-01,fm3031,,0.847,0.832,0.798,,0.026,0.026,0.025
2318+049,60078.1,2023-05-14,fm3134,,,0.785,0.675,,,0.024,0.021
2318+049,60092.1,2023-05-28,fm3148,,,0.754,0.677,,,0.024,0.022
2318+049,60126.8,2023-07-01,fm3182,,0.831,0.787,0.693,,0.029,0.025,0.023
2318+049,60139.8,2023-07-14,fm3195,,0.829,0.804,0.693,,0.029,0.026,0.022
2318+049,60237.5,2023-10-20,fm3293,,0.841,0.824,0.733,,0.029,0.027,0.023
2318+049,60250.5,2023-11-02,fm3306,,0.857,0.822,0.72,,0.027,0.025,0.023
2318+049,60384.2,2024-03-15,fm4074,,0.784,0.748,0.704,,0.027,0.026,0.026
2318+049,60417.1,2024-04-17,vo4108,,0.868,0.804,0.726,,0.03,0.025,0.022
2318+049,60424.1,2024-04-24,vo4115,,0.807,0.785,0.712,,0.025,0.025,0.022
2318+049,60437.0,2024-05-07,fm4128,,0.802,0.77,0.678,,0.028,0.025,0.022
2318+049,60459.8,2024-05-29,vo4150,,0.762,0.732,0.67,,0.026,0.024,0.021
2318+049,60464.9,2024-06-03,fm4155,,0.777,0.754,0.616,,0.025,0.023,0.02
2318+049,60557.7,2024-09-04,vo4248,,0.776,0.666,0.533,,0.035,0.022,0.017
2318+049,60578.5,2024-09-25,vo4269,,0.702,0.636,0.523,,0.024,0.024,0.019
2318+049,60592.4,2024-10-09,vo4283,,0.65,0.595,0.479,,0.023,0.019,0.015
2318+049,60621.4,2024-11-07,fm4312,0.755,0.633,0.584,0.462,0.029,0.02,0.019,0.015
2318+049,60648.0,2024-12-04,vo4339,,0.677,0.568,0.467,,0.028,0.022,0.016
2318+049,60649.4,2024-12-05,fm4340,,0.575,0.58,0.457,,0.021,0.019,0.018
2318+049,60650.4,2024-12-06,fm4341,,0.536,0.54,0.45,,0.019,0.017,0.016
2318+049,60655.0,2024-12-11,vo4346,,0.592,0.653,0.476,,0.021,0.022,0.017
2318+049,60702.0,2025-01-26,fm5027,0.688,0.581,0.538,0.449,0.025,0.019,0.017,0.015
2318+049,60727.1,2025-02-21,fm5052,0.749,0.583,0.539,,0.029,0.019,0.018,
2318+049,60729.1,2025-02-23,fm5053,,0.598,0.561,0.509,,0.019,0.018,0.017
2318+049,60763.0,2025-03-29,fm5087,,0.558,0.522,0.485,,0.019,0.017,0.016
2318+049,60788.9,2025-04-23,fm5114,0.708,0.575,0.519,0.503,0.027,0.018,0.017,0.016
2318+049,60814.0,2025-05-19,fm5139,,0.659,0.5,0.492,,0.024,0.016,0.016
2318+049,60858.8,2025-07-02,fm5183,,0.534,0.513,0.527,,0.018,0.017,0.018
2318+049,60873.0,2025-07-16,fm5197,,0.552,,0.515,,0.019,,0.017
2318+049,60939.6,2025-09-21,fm5264,,,0.53,0.504,,,0.019,0.017
2318+049,60976.5,2025-10-28,vo5302,,0.595,0.561,0.543,,0.02,0.018,0.017
2318+049,60981.4,2025-11-02,fm5306,,0.544,0.54,0.522,,0.018,0.017,0.017
2318+049,61005.3,2025-11-26,vo5330,,0.596,0.558,0.55,,0.019,0.018,0.017
2318+049,61006.4,2025-11-27,fm5331,,0.598,0.603,0.581,,0.019,0.019,0.019
2318+049,61027.6,2025-12-18,fm5352,,0.611,0.592,0.563,,0.021,0.021,0.02
2318+049,61069.2,2026-01-29,fm6029,,0.613,0.621,0.569,,0.02,0.02,0.018
2318+049,61095.1,2026-02-24,fm6054,,0.624,0.593,0.584,,0.022,0.02,0.022
2318+049,61106.1,2026-03-07,fm6066,,,0.607,0.578,,,0.02,0.018
2318+049,61132.0,2026-04-02,fm6092,0.677,0.631,0.633,0.612,0.027,0.021,0.019,0.019
2318+049,61159.9,2026-04-29,fm6120,,0.667,0.661,0.626,,0.022,0.021,0.021
2318+049,61187.7,2026-05-27,fm6148,,0.692,0.696,0.666,,0.023,0.023,0.021
2318+049,61226.8,2026-07-05,fm6186,,0.686,0.697,0.676,,0.024,0.022,0.021
2318+049,61254.7,2026-08-02,fm6214,,0.701,0.713,0.684,,0.026,0.026,0.022
2318+049,61289.6,2026-09-06,fm6249,,0.677,0.743,,,0.024,0.025,
2319+317,59957.6,2023-01-13,fm3013,,0.558,0.545,0.48,,0.018,0.017,0.016
2319+317,59976.0,2023-01-31,fm3031,,0.528,0.517,0.477,,0.017,0.016,0.016
2319+317,60078.2,2023-05-14,fm3134,,0.587,0.531,0.443,,0.022,0.017,0.015
2319+317,60092.2,2023-05-28,fm3148,,,0.491,0.427,,,0.017,0.014
2319+317,60126.7,2023-07-01,fm3182,,0.436,0.426,0.381,,0.017,0.014,0.016
2319+317,60139.6,2023-07-14,fm3195,,0.502,0.476,0.4,,0.017,0.018,0.014
2319+317,60237.3,2023-10-20,fm3293,,0.495,0.462,0.403,,0.018,0.015,0.014
2319+317,60250.5,2023-11-02,fm3306,,0.514,0.492,0.411,,0.016,0.016,0.014
2319+317,60320.5,2024-01-11,fm4011,,,0.464,0.39,,,0.015,0.013
2319+317,60359.4,2024-02-19,fm4050,,0.494,0.464,0.381,,0.016,0.015,0.014
2319+317,60384.0,2024-03-15,fm4074,,0.467,0.435,0.382,,0.017,0.016,0.017
2319+317,60437.1,2024-05-07,fm4128,,,0.529,0.472,,,0.019,0.016
2319+317,60459.1,2024-05-29,vo4150,,0.533,0.518,0.477,,0.018,0.016,0.015
2319+317,60464.7,2024-06-03,fm4155,,0.545,0.526,0.439,,0.02,0.017,0.016
2319+317,60621.4,2024-11-07,fm4312,,0.392,0.371,0.324,,0.012,0.012,0.011
2319+317,60649.3,2024-12-05,fm4340,,0.404,0.389,0.376,,0.013,0.013,0.014
2319+317,60650.5,2024-12-06,fm4341,,0.382,0.363,0.331,,0.012,0.011,0.011
2319+317,60702.3,2025-01-27,fm5027,,0.401,0.399,0.35,,0.014,0.013,0.011
2319+317,60727.4,2025-02-21,fm5052,,0.401,0.383,0.341,,0.013,0.012,0.012
2319+317,60728.5,2025-02-22,fm5053,,0.402,0.378,0.363,,0.013,0.012,0.013
2319+317,60762.8,2025-03-28,fm5087,,0.389,0.366,0.325,,0.012,0.012,0.011
2319+317,60789.2,2025-04-24,fm5114,,0.357,0.342,0.302,,0.011,0.011,0.01
2319+317,60814.2,2025-05-19,fm5139,,,0.342,0.309,,,0.011,0.01
2319+317,60858.6,2025-07-02,fm5183,,0.343,0.321,0.288,,0.011,0.01,0.01
2319+317,60872.5,2025-07-16,fm5197,,0.359,,0.271,,0.012,,0.01
2319+317,60939.3,2025-09-21,fm5264,,0.337,,0.302,,0.012,,0.01
2319+317,60981.3,2025-11-02,fm5306,,0.316,0.311,0.275,,0.01,0.01,0.009
2319+317,61006.2,2025-11-27,fm5331,,0.312,0.302,0.275,,0.011,0.011,0.01
2319+317,61027.2,2025-12-18,fm5352,,0.288,0.275,0.232,,0.01,0.01,0.009
2319+317,61069.0,2026-01-28,fm6029,,0.29,0.267,0.241,,0.01,0.009,0.008
2319+317,61094.9,2026-02-23,fm6054,,0.248,0.249,0.213,,0.01,0.01,0.009
2319+317,61105.9,2026-03-06,fm6066,,0.261,0.245,0.213,,0.009,0.008,0.008
2319+317,61131.9,2026-04-01,fm6092,,0.245,0.226,0.205,,0.009,0.008,0.008
2319+317,61159.8,2026-04-29,fm6120,,0.26,0.239,,,0.009,0.008,
2319+317,61187.8,2026-05-27,fm6148,,0.246,0.224,0.19,,0.009,0.008,0.007
2319+317,61226.5,2026-07-05,fm6186,,0.226,0.222,0.203,,0.008,0.008,0.007
2319+317,61254.5,2026-08-02,fm6214,,0.227,0.207,0.196,,0.008,0.009,0.007
2319+317,61289.4,2026-09-06,fm6249,,0.259,0.244,,,0.011,0.01,
2319+444,59957.6,2023-01-13,fm3013,,0.283,0.275,0.272,,0.011,0.01,0.01
2319+444,59975.6,2023-01-31,fm3031,,0.265,0.261,0.274,,0.01,0.009,0.01
2319+444,60078.2,2023-05-14,fm3134,,,0.265,0.268,,,0.011,0.01
2319+444,60092.2,2023-05-28,fm3148,,,0.241,0.254,,,0.009,0.01
2319+444,60126.6,2023-07-01,fm3182,,0.283,,,,0.014,,
2319+444,60139.5,2023-07-14,fm3195,,,0.25,0.268,,,0.009,0.01
2319+444,60237.3,2023-10-20,fm3293,,0.304,0.312,0.323,,0.012,0.011,0.012
2319+444,60250.4,2023-11-02,fm3306,,0.279,0.268,0.313,,0.011,0.011,0.012
2319+444,60320.4,2024-01-11,fm4011,,,0.296,0.263,,,0.01,0.011
2319+444,60359.3,2024-02-19,fm4050,,0.303,0.279,0.273,,0.011,0.01,0.012
2319+444,60383.4,2024-03-14,fm4074,,,0.252,0.254,,,0.01,0.012
2319+444,60437.1,2024-05-07,fm4128,,0.274,0.264,0.262,,0.011,0.011,0.011
2319+444,60464.4,2024-06-03,fm4155,,0.243,0.264,0.243,,0.01,0.01,0.01
2319+444,60621.4,2024-11-07,fm4312,,0.273,0.265,0.259,,0.01,0.009,0.009
2319+444,60649.4,2024-12-05,fm4340,,0.278,0.273,0.266,,0.011,0.009,0.01
2319+444,60650.4,2024-12-06,fm4341,,0.263,0.265,0.249,,0.01,0.009,0.009
2319+444,60702.2,2025-01-27,fm5027,,0.25,0.248,0.24,,0.009,0.008,0.008
2319+444,60727.4,2025-02-21,fm5052,,0.237,0.231,0.238,,0.008,0.008,0.009
2319+444,60728.5,2025-02-22,fm5053,,0.243,0.235,0.234,,0.009,0.008,0.009
2319+444,60762.5,2025-03-28,fm5087,,0.248,0.24,0.227,,0.009,0.008,0.008
2319+444,60789.2,2025-04-24,fm5114,,0.232,0.232,0.231,,0.008,0.008,0.008
2319+444,60814.1,2025-05-19,fm5139,,0.232,0.249,0.235,,0.01,0.008,0.008
2319+444,60858.2,2025-07-02,fm5183,,0.242,0.245,0.248,,0.01,0.009,0.01
2319+444,60872.2,2025-07-16,fm5197,,0.24,,0.237,,0.01,,0.011
2319+444,60939.3,2025-09-21,fm5264,,0.251,,0.246,,0.009,,0.009
2319+444,60981.3,2025-11-02,fm5306,,0.251,0.267,0.262,,0.009,0.009,0.009
2319+444,61006.0,2025-11-27,fm5331,,0.225,0.239,0.253,,0.009,0.008,0.01
2319+444,61027.1,2025-12-18,fm5352,,0.224,0.231,0.252,,0.01,0.008,0.009
2319+444,61068.9,2026-01-28,fm6029,,0.249,0.249,0.26,,0.009,0.009,0.009
2319+444,61094.4,2026-02-23,fm6054,,0.246,0.246,0.248,,0.01,0.009,0.009
2319+444,61105.8,2026-03-06,fm6066,,0.252,0.252,0.249,,0.009,0.009,0.009
2319+444,61131.8,2026-04-01,fm6092,,0.212,0.225,0.258,,0.009,0.008,0.009
2319+444,61159.9,2026-04-29,fm6120,,,0.272,0.273,,,0.009,0.01
2319+444,61187.8,2026-05-27,fm6148,,0.246,0.256,0.265,,0.01,0.009,0.009
2319+444,61226.8,2026-07-05,fm6186,,0.231,0.232,0.253,,0.009,0.008,0.009
2319+444,61254.4,2026-08-02,fm6214,,0.214,0.233,0.241,,0.008,0.008,0.009
2319+444,61289.4,2026-09-06,fm6249,,0.294,0.277,0.269,,0.01,0.01,0.011
2325+093,61054.3,2026-01-14,vo6014,,0.46,0.478,0.65,,0.022,0.02,0.023
2325+093,61249.9,2026-07-28,vo6210,,,0.686,0.759,,,0.031,0.028
2325-150,59958.4,2023-01-14,fm3013,,0.645,0.605,0.495,,0.024,0.019,0.017
2325-150,59976.4,2023-02-01,fm3031,,0.635,0.603,0.5,,0.02,0.019,0.017
2325-150,60079.2,2023-05-15,fm3134,,0.697,0.599,0.499,,0.027,0.019,0.017
2325-150,60093.1,2023-05-29,fm3148,,,0.593,0.485,,,0.019,0.016
2325-150,60127.0,2023-07-01,fm3182,,0.631,0.576,0.46,,0.022,0.019,0.016
2325-150,60139.9,2023-07-14,fm3195,,0.687,0.627,0.505,,0.022,0.02,0.017
2325-150,60237.6,2023-10-20,fm3293,,0.635,0.611,0.503,,0.02,0.019,0.017
2325-150,60250.6,2023-11-02,fm3306,,0.642,0.613,0.497,,0.021,0.02,0.017
2325-150,60384.3,2024-03-15,fm4074,,0.66,0.596,0.491,,0.023,0.019,0.019
2325-150,60465.0,2024-06-04,fm4155,0.664,0.617,0.595,0.509,0.029,0.021,0.019,0.018
2325-150,60621.2,2024-11-07,fm4312,,0.639,0.611,0.475,,0.021,0.021,0.015
2325-150,60649.2,2024-12-05,fm4340,,0.664,0.622,0.511,,0.022,0.02,0.019
2325-150,60650.3,2024-12-06,fm4341,,0.627,0.594,0.465,,0.021,0.019,0.015
2325-150,60702.0,2025-01-27,fm5027,,0.643,0.601,0.484,,0.022,0.019,0.016
2325-150,60729.3,2025-02-23,fm5053,,0.657,0.612,0.53,,0.02,0.019,0.017
2325-150,60858.9,2025-07-02,fm5183,,0.65,0.601,0.482,,0.026,0.019,0.017
2325-150,60939.7,2025-09-21,fm5264,,0.626,0.571,0.471,,0.023,0.018,0.015
2325-150,60981.6,2025-11-02,fm5306,,,0.584,0.469,,,0.018,0.015
2325-150,61095.3,2026-02-24,fm6054,,0.637,0.579,0.453,,0.024,0.018,0.017
2325-150,61106.3,2026-03-07,fm6066,,0.584,0.57,0.459,,0.019,0.018,0.015
2325-150,61132.2,2026-04-02,fm6092,,0.628,0.554,0.43,,0.021,0.018,0.014
2325-150,61160.1,2026-04-30,fm6120,,0.635,0.579,0.442,,0.023,0.018,0.015
2325-150,61187.7,2026-05-27,fm6148,0.917,0.589,0.557,0.447,0.036,0.02,0.017,0.015
2325-150,61226.9,2026-07-05,fm6186,,,0.562,0.447,,,0.019,0.015
2325-150,61249.7,2026-07-28,vo6210,,,0.625,0.457,,,0.03,0.022
2325-150,61254.9,2026-08-02,fm6214,,0.593,0.571,0.447,,0.02,0.018,0.014
2325-150,61289.8,2026-09-06,fm6249,,0.602,0.567,,,0.02,0.018,
2331+073,61096.1,2026-02-25,vo6056,0.96,0.812,0.812,0.785,0.053,0.029,0.027,0.026
2331+073,61202.0,2026-06-11,vo6162,,,0.921,0.931,,,0.033,0.03
2331+073,61235.6,2026-07-14,vo6196,,,0.96,0.934,,,0.035,0.03
2331-240,61089.4,2026-02-18,vo6049,,1.145,1.135,1.455,,0.044,0.05,0.051
2331-240,61159.2,2026-04-29,vo6119,,1.389,1.24,,,0.073,0.052,
2331-240,61236.0,2026-07-15,vo6196,,,1.229,1.379,,,0.046,0.048
2331-240,61249.9,2026-07-28,vo6210,,,1.258,1.317,,,0.048,0.051
2335-027,59958.3,2023-01-14,fm3013,,0.374,0.384,0.367,,0.014,0.014,0.013
2335-027,59976.3,2023-02-01,fm3031,,0.388,0.377,0.363,,0.014,0.013,0.013
2335-027,60079.1,2023-05-15,fm3134,,,0.428,0.388,,,0.015,0.014
2335-027,60093.0,2023-05-29,fm3148,,,0.425,0.398,,,0.019,0.015
2335-027,60126.9,2023-07-01,fm3182,,0.487,0.468,0.44,,0.019,0.016,0.015
2335-027,60139.8,2023-07-14,fm3195,,,0.488,0.464,,,0.016,0.016
2335-027,60237.5,2023-10-20,fm3293,,0.508,0.514,0.474,,0.018,0.016,0.016
2335-027,60250.5,2023-11-02,fm3306,,0.52,0.534,0.48,,0.018,0.017,0.016
2335-027,60320.6,2024-01-11,fm4011,,,0.466,0.434,,,0.016,0.014
2335-027,60464.9,2024-06-03,fm4155,,0.483,0.487,0.459,,0.016,0.016,0.015
2335-027,60621.3,2024-11-07,fm4312,,,0.581,0.574,,,0.021,0.018
2335-027,60649.2,2024-12-05,fm4340,,0.583,0.624,0.62,,0.025,0.02,0.022
2335-027,60650.4,2024-12-06,fm4341,,0.598,0.594,0.579,,0.019,0.019,0.019
2335-027,60702.0,2025-01-27,fm5027,0.621,0.616,0.643,0.631,0.023,0.023,0.022,0.02
2335-027,60729.2,2025-02-23,fm5053,,0.687,0.689,0.688,,0.022,0.021,0.022
2335-027,60763.1,2025-03-29,fm5087,,0.682,0.677,0.63,,0.021,0.021,0.019
2335-027,60789.1,2025-04-24,fm5114,0.706,0.693,0.677,0.614,0.024,0.021,0.021,0.019
2335-027,60814.0,2025-05-19,fm5139,,0.682,0.674,0.608,,0.023,0.021,0.019
2335-027,60850.8,2025-06-24,vo5176,,0.697,,0.603,,0.023,,0.019
2335-027,60858.8,2025-07-02,fm5183,,0.693,0.678,0.615,,0.022,0.021,0.02
2335-027,60872.8,2025-07-16,fm5197,,0.681,,0.601,,0.021,,0.019
2335-027,60939.6,2025-09-21,fm5264,,0.673,0.67,0.588,,0.025,0.021,0.021
2335-027,60955.5,2025-10-07,vo5281,,0.674,0.662,0.567,,0.023,0.023,0.018
2335-027,60981.2,2025-11-02,fm5306,,0.617,0.605,0.521,,0.02,0.02,0.016
2335-027,61006.4,2025-11-27,fm5331,,0.587,0.559,0.527,,0.019,0.019,0.018
2335-027,61027.6,2025-12-18,fm5352,0.616,0.57,0.559,0.511,0.024,0.019,0.017,0.016
2335-027,61069.3,2026-01-29,fm6029,,0.513,0.501,0.457,,0.016,0.016,0.015
2335-027,61095.2,2026-02-24,fm6054,,0.512,0.507,0.463,,0.016,0.016,0.015
2335-027,61106.2,2026-03-07,fm6066,,0.513,0.469,0.445,,0.017,0.02,0.014
2335-027,61132.1,2026-04-02,fm6092,0.64,0.518,0.495,0.474,0.026,0.02,0.017,0.015
2335-027,61159.8,2026-04-29,fm6120,,0.524,0.513,0.468,,0.017,0.016,0.015
2335-027,61187.7,2026-05-27,fm6148,,0.512,0.503,0.466,,0.018,0.016,0.015
2335-027,61226.8,2026-07-05,fm6186,,0.48,0.483,0.45,,0.016,0.015,0.014
2335-027,61254.8,2026-08-02,fm6214,,0.494,0.49,0.454,,0.016,0.015,0.015
2335-027,61289.7,2026-09-06,fm6249,,0.51,0.5,0.45,,0.017,0.016,0.016
2336+598,59957.6,2023-01-13,fm3013,,0.541,0.535,0.49,,0.017,0.017,0.016
2336+598,59975.7,2023-01-31,fm3031,,0.539,0.525,0.492,,0.017,0.017,0.016
2336+598,60078.2,2023-05-14,fm3134,,0.56,0.546,0.496,,0.022,0.018,0.016
2336+598,60092.2,2023-05-28,fm3148,,,0.566,0.497,,,0.02,0.016
2336+598,60126.6,2023-07-01,fm3182,,0.564,0.551,0.486,,0.019,0.018,0.017
2336+598,60139.5,2023-07-14,fm3195,,0.561,0.549,0.495,,0.018,0.018,0.016
2336+598,60237.3,2023-10-20,fm3293,,0.636,0.597,0.532,,0.02,0.02,0.017
2336+598,60250.4,2023-11-02,fm3306,,0.636,0.605,0.523,,0.02,0.019,0.017
2336+598,60320.4,2024-01-11,fm4011,,0.608,0.615,0.526,,0.024,0.019,0.017
2336+598,60359.4,2024-02-19,fm4050,,0.632,0.579,0.489,,0.02,0.018,0.016
2336+598,60383.8,2024-03-14,fm4074,,0.594,0.566,,,0.021,0.018,
2336+598,60437.6,2024-05-07,fm4128,,0.621,0.568,0.49,,0.023,0.018,0.016
2336+598,60464.4,2024-06-03,fm4155,,,0.619,0.515,,,0.019,0.019
2336+598,60621.4,2024-11-07,fm4312,0.582,0.554,0.536,0.503,0.02,0.022,0.017,0.016
2336+598,60649.2,2024-12-05,fm4340,,0.448,0.518,0.505,,0.015,0.017,0.018
2336+598,60650.5,2024-12-06,fm4341,,0.562,0.556,0.517,,0.019,0.017,0.016
2336+598,60702.2,2025-01-27,fm5027,,0.693,0.659,0.555,,0.022,0.02,0.017
2336+598,60727.3,2025-02-21,fm5052,,0.691,0.682,0.572,,0.021,0.021,0.018
2336+598,60728.4,2025-02-22,fm5053,,0.705,0.669,0.588,,0.023,0.021,0.019
2336+598,60762.5,2025-03-28,fm5087,0.659,0.665,0.647,0.548,0.023,0.02,0.02,0.017
2336+598,60789.2,2025-04-24,fm5114,,0.646,0.617,0.541,,0.02,0.019,0.017
2336+598,60814.2,2025-05-19,fm5139,,0.666,0.622,0.539,,0.023,0.019,0.017
2336+598,60858.2,2025-07-02,fm5183,,0.636,0.645,0.562,,0.02,0.02,0.018
2336+598,60872.2,2025-07-16,fm5197,,0.644,,0.549,,0.022,,0.019
2336+598,60939.3,2025-09-21,fm5264,,0.59,0.576,0.521,,0.026,0.018,0.016
2336+598,60981.3,2025-11-02,fm5306,,0.679,0.662,0.552,,0.021,0.02,0.017
2336+598,61006.0,2025-11-27,fm5331,,0.738,0.68,0.613,,0.024,0.023,0.02
2336+598,61027.0,2025-12-17,fm5352,,0.643,0.635,0.589,,0.022,0.019,0.018
2336+598,61068.9,2026-01-28,fm6029,,0.712,0.707,0.602,,0.024,0.022,0.018
2336+598,61094.4,2026-02-23,fm6054,,0.719,0.689,0.62,,0.023,0.021,0.019
2336+598,61105.8,2026-03-06,fm6066,,0.699,0.678,0.62,,0.023,0.021,0.019
2336+598,61131.8,2026-04-01,fm6092,,0.71,0.671,0.617,,0.022,0.021,0.02
2336+598,61159.7,2026-04-29,fm6120,,0.676,0.668,0.587,,0.024,0.021,0.019
2336+598,61187.8,2026-05-27,fm6148,,0.717,0.693,0.586,,0.025,0.022,0.018
2336+598,61226.8,2026-07-05,fm6186,,0.717,0.714,0.623,,0.023,0.022,0.019
2336+598,61254.4,2026-08-02,fm6214,,0.666,0.685,0.602,,0.023,0.021,0.019
2336+598,61289.4,2026-09-06,fm6249,,0.574,0.615,0.574,,0.021,0.02,0.02
2342-161,61054.4,2026-01-14,vo6014,,0.832,0.894,,,0.031,0.032,
2342-161,61131.5,2026-04-01,vo6091,,0.983,0.981,0.973,,0.043,0.045,0.037
2342-161,61202.3,2026-06-11,vo6162,,,0.835,0.831,,,0.042,0.033
2345-167,61054.4,2026-01-14,vo6014,,1.527,1.546,,,0.052,0.052,
2345-167,61096.3,2026-02-25,vo6056,,1.508,1.464,1.459,,0.052,0.051,0.049
2345-167,61159.2,2026-04-29,vo6119,,,1.355,1.548,,,0.051,0.056
2345-167,61236.0,2026-07-14,vo6196,,,1.31,1.432,,,0.046,0.046
2345-167,61249.5,2026-07-28,vo6210,,1.369,1.241,1.498,,0.059,0.046,0.05
2351-154,61054.5,2026-01-14,vo6014,,0.662,0.705,,,0.035,0.031,
2351-154,61096.2,2026-02-25,vo6056,,0.667,0.63,0.525,,0.032,0.035,0.029
2351-154,61131.3,2026-04-01,vo6091,,0.626,,,,0.035,,
2351-154,61236.0,2026-07-14,vo6196,,,0.656,0.556,,,0.035,0.028
2353+816,59957.6,2023-01-13,fm3013,,0.357,0.343,0.305,,0.013,0.012,0.011
2353+816,59975.6,2023-01-31,fm3031,,,0.323,0.29,,,0.011,0.011
2353+816,60078.2,2023-05-14,fm3134,,,0.309,0.279,,,0.011,0.011
2353+816,60092.2,2023-05-28,fm3148,,,0.281,0.253,,,0.013,0.009
2353+816,60126.6,2023-07-01,fm3182,,,0.286,0.236,,,0.011,0.011
2353+816,60139.4,2023-07-14,fm3195,,,0.263,0.257,,,0.01,0.01
2353+816,60237.3,2023-10-20,fm3293,,0.297,0.279,0.266,,0.012,0.01,0.01
2353+816,60250.4,2023-11-02,fm3306,,0.313,0.277,0.252,,0.011,0.01,0.011
2353+816,60320.4,2024-01-11,fm4011,,,0.286,0.257,,,0.01,0.01
2353+816,60359.4,2024-02-19,fm4050,,,0.25,0.249,,,0.01,0.01
2353+816,60383.4,2024-03-14,fm4074,,,0.275,0.266,,,0.01,0.012
2353+816,60437.6,2024-05-07,fm4128,,,0.289,0.261,,,0.011,0.012
2353+816,60464.5,2024-06-03,fm4155,,,,0.29,,,,0.011
2353+816,60621.4,2024-11-07,fm4312,,0.331,,0.294,,0.011,,0.01
2353+816,60649.3,2024-12-05,fm4340,,,0.345,0.32,,,0.012,0.012
2353+816,60650.5,2024-12-06,fm4341,,,0.327,0.309,,,0.014,0.011
2353+816,60702.2,2025-01-27,fm5027,,0.332,0.32,0.316,,0.011,0.011,0.01
2353+816,60728.5,2025-02-22,fm5053,,,,0.317,,,,0.011
2353+816,60762.5,2025-03-28,fm5087,,0.302,0.334,0.313,,0.011,0.012,0.01
2353+816,60789.1,2025-04-24,fm5114,,,,0.317,,,,0.01
2353+816,60814.2,2025-05-19,fm5139,,,,0.32,,,,0.01
2353+816,60858.2,2025-07-02,fm5183,,,,0.319,,,,0.011
2353+816,60872.2,2025-07-16,fm5197,,0.32,,0.308,,0.012,,0.011
2353+816,60939.4,2025-09-21,fm5264,,,,0.283,,,,0.01
2353+816,60981.3,2025-11-02,fm5306,,,0.294,0.263,,,0.01,0.009
2353+816,61006.1,2025-11-27,fm5331,,,,0.268,,,,0.01
2353+816,61027.1,2025-12-18,fm5352,,0.276,0.279,0.267,,0.012,0.009,0.009
2353+816,61068.9,2026-01-28,fm6029,,,,0.25,,,,0.009
2353+816,61094.6,2026-02-23,fm6054,,,,0.258,,,,0.01
2353+816,61105.9,2026-03-06,fm6066,,,,0.263,,,,0.009
2353+816,61131.8,2026-04-01,fm6092,,,,0.263,,,,0.009
2353+816,61187.8,2026-05-27,fm6148,,0.28,0.281,0.238,,0.011,0.011,0.008
2353+816,61226.8,2026-07-05,fm6186,,,,0.24,,,,0.008
2353+816,61254.5,2026-08-02,fm6214,,,,0.244,,,,0.009
2355-106,59958.4,2023-01-14,fm3013,,0.53,0.519,0.548,,0.017,0.017,0.019
2355-106,59976.3,2023-02-01,fm3031,,0.534,0.514,0.541,,0.019,0.017,0.02
2355-106,60079.2,2023-05-15,fm3134,,,0.587,0.648,,,0.019,0.021
2355-106,60093.1,2023-05-29,fm3148,,,0.54,0.618,,,0.019,0.022
2355-106,60127.0,2023-07-01,fm3182,,0.563,0.588,0.692,,0.02,0.019,0.022
2355-106,60139.9,2023-07-14,fm3195,,0.544,0.583,0.653,,0.019,0.02,0.022
2355-106,60237.6,2023-10-20,fm3293,,,0.657,0.742,,,0.022,0.025
2355-106,60250.6,2023-11-02,fm3306,0.559,0.624,0.653,0.706,0.026,0.023,0.022,0.024
2355-106,60359.5,2024-02-19,fm4050,0.523,0.622,0.664,0.645,0.021,0.025,0.022,0.021
2355-106,60417.1,2024-04-17,vo4108,,0.618,0.653,0.683,,0.025,0.021,0.022
2355-106,60424.0,2024-04-24,vo4115,,,0.649,0.643,,,0.022,0.023
2355-106,60436.9,2024-05-06,fm4128,,0.625,0.661,0.658,,0.022,0.021,0.022
2355-106,60460.0,2024-05-30,vo4150,,0.635,0.659,0.667,,0.023,0.021,0.022
2355-106,60465.0,2024-06-04,fm4155,,0.615,0.651,0.631,,0.028,0.021,0.021
2355-106,60557.7,2024-09-04,vo4248,,,0.659,0.677,,,0.021,0.022
2355-106,60578.7,2024-09-25,vo4269,,,0.648,0.688,,,0.021,0.023
2355-106,60592.6,2024-10-09,vo4283,,0.671,0.662,0.648,,0.025,0.021,0.02
2355-106,60621.4,2024-11-07,fm4312,0.544,0.627,0.666,0.656,0.021,0.022,0.023,0.02
2355-106,60649.2,2024-12-05,fm4340,,0.685,0.684,,,0.024,0.023,
2355-106,60651.5,2024-12-07,fm4341,,0.633,0.67,0.677,,0.021,0.021,0.023
2355-106,60655.5,2024-12-11,vo4346,,0.661,0.749,0.679,,0.027,0.026,0.024
2355-106,60697.3,2025-01-22,vo5022,,0.611,0.666,0.652,,0.022,0.022,0.022
2355-106,60702.3,2025-01-27,fm5027,,0.66,0.671,0.657,,0.022,0.021,0.021
2355-106,60704.3,2025-01-29,vo5029,,0.637,0.634,0.656,,0.021,0.022,0.021
2355-106,60718.3,2025-02-12,vo5043,,,0.686,0.666,,,0.026,0.023
2355-106,60729.3,2025-02-23,fm5053,0.594,,,,0.023,,,
2355-106,60763.2,2025-03-29,fm5087,0.617,0.664,0.68,0.67,0.028,0.022,0.021,0.021
2355-106,60809.0,2025-05-13,vo5134,,,0.649,0.623,,,0.021,0.02
2355-106,60858.9,2025-07-02,fm5183,,0.653,0.672,0.623,,0.022,0.021,0.02
2355-106,60872.9,2025-07-16,fm5197,,0.635,,0.604,,0.02,,0.019
2355-106,60906.5,2025-08-19,vo5232,,0.659,0.66,0.602,,0.024,0.022,0.021
2355-106,60939.7,2025-09-21,fm5264,,,,0.543,,,,0.018
2355-106,60977.6,2025-10-29,vo5302,,0.611,0.581,0.537,,0.024,0.022,0.019
2355-106,60981.6,2025-11-02,fm5306,,0.609,0.584,0.527,,0.021,0.018,0.017
2355-106,61005.4,2025-11-26,vo5330,,0.554,0.559,0.504,,0.02,0.02,0.018
2355-106,61006.5,2025-11-27,fm5331,,0.592,0.587,0.523,,0.019,0.019,0.018
2355-106,61027.6,2025-12-18,fm5352,0.616,0.599,0.58,0.541,0.029,0.02,0.018,0.018
2355-106,61069.3,2026-01-29,fm6029,,,0.545,0.497,,,0.017,0.017
2355-106,61095.5,2026-02-24,fm6054,,0.524,0.527,0.502,,0.022,0.018,0.018
2355-106,61106.2,2026-03-07,fm6066,,,0.52,0.47,,,0.017,0.016
2355-106,61132.2,2026-04-02,fm6092,0.564,0.522,0.508,0.492,0.025,0.021,0.016,0.017
2355-106,61160.1,2026-04-30,fm6120,,0.535,0.514,0.507,,0.018,0.016,0.017
2355-106,61187.7,2026-05-27,fm6148,,0.533,0.51,0.479,,0.021,0.016,0.016
2355-106,61226.9,2026-07-05,fm6186,,0.517,0.516,0.53,,0.018,0.017,0.017
2355-106,61254.8,2026-08-02,fm6214,,0.546,0.541,0.543,,0.017,0.017,0.018
2355-106,61289.8,2026-09-06,fm6249,,0.542,0.542,0.553,,0.018,0.018,0.02
2356+385,59957.5,2023-01-13,fm3013,,0.428,0.435,0.355,,0.015,0.015,0.012
2356+385,59975.6,2023-01-31,fm3031,,0.416,0.426,0.376,,0.014,0.014,0.013
2356+385,60078.2,2023-05-14,fm3134,,,0.441,0.385,,,0.015,0.015
2356+385,60092.2,2023-05-28,fm3148,,,0.439,0.381,,,0.015,0.014
2356+385,60126.6,2023-07-01,fm3182,,0.411,0.41,0.351,,0.015,0.015,0.015
2356+385,60139.5,2023-07-14,fm3195,,0.45,0.441,0.39,,0.017,0.016,0.014
2356+385,60237.2,2023-10-20,fm3293,,0.426,0.442,0.421,,0.014,0.015,0.014
2356+385,60250.3,2023-11-02,fm3306,,0.473,0.481,0.427,,0.016,0.015,0.014
2356+385,60320.3,2024-01-11,fm4011,,,0.454,0.415,,,0.016,0.014
2356+385,60359.3,2024-02-19,fm4050,,0.467,0.469,0.43,,0.015,0.016,0.015
2356+385,60383.8,2024-03-14,fm4074,,0.477,0.451,0.385,,0.019,0.016,0.018
2356+385,60437.0,2024-05-07,fm4128,,,0.467,0.422,,,0.015,0.014
2356+385,60464.4,2024-06-03,fm4155,,0.415,0.461,0.399,,0.015,0.015,0.014
2356+385,60621.4,2024-11-07,fm4312,,0.482,0.486,0.421,,0.015,0.016,0.013
2356+385,60649.2,2024-12-05,fm4340,,0.497,0.51,0.478,,0.016,0.017,0.017
2356+385,60650.4,2024-12-06,fm4341,,0.48,0.498,0.445,,0.015,0.015,0.015
2356+385,60702.2,2025-01-27,fm5027,,0.469,0.474,0.439,,0.015,0.015,0.014
2356+385,60727.4,2025-02-21,fm5052,,0.476,0.484,0.446,,0.015,0.015,0.014
2356+385,60728.5,2025-02-22,fm5053,,0.465,0.469,0.444,,0.015,0.015,0.016
2356+385,60762.7,2025-03-28,fm5087,,0.479,0.472,0.432,,0.015,0.015,0.014
2356+385,60789.2,2025-04-24,fm5114,0.435,0.495,0.495,0.448,0.018,0.016,0.015,0.014
2356+385,60814.0,2025-05-19,fm5139,,,0.495,0.444,,,0.015,0.014
2356+385,60858.3,2025-07-02,fm5183,,0.506,0.511,0.464,,0.019,0.016,0.015
2356+385,60872.2,2025-07-16,fm5197,,0.471,,0.445,,0.016,,0.015
2356+385,60939.4,2025-09-21,fm5264,,0.505,,0.454,,0.017,,0.014
2356+385,60981.3,2025-11-02,fm5306,,0.477,0.499,0.456,,0.015,0.015,0.014
2356+385,61006.1,2025-11-27,fm5331,,0.5,0.514,0.449,,0.018,0.016,0.014
2356+385,61027.1,2025-12-18,fm5352,,0.487,0.515,0.474,,0.016,0.016,0.015
2356+385,61068.9,2026-01-28,fm6029,,0.551,0.513,0.455,,0.022,0.017,0.014
2356+385,61094.5,2026-02-23,fm6054,,0.496,0.496,0.461,,0.016,0.016,0.015
2356+385,61105.8,2026-03-06,fm6066,,0.488,0.506,0.452,,0.016,0.016,0.014
2356+385,61131.7,2026-04-01,fm6092,,0.5,0.511,0.464,,0.017,0.016,0.015
2356+385,61159.9,2026-04-29,fm6120,,0.527,0.524,,,0.017,0.016,
2356+385,61187.8,2026-05-27,fm6148,,0.506,0.502,0.46,,0.018,0.016,0.014
2356+385,61226.7,2026-07-05,fm6186,,0.503,0.514,0.462,,0.019,0.016,0.015
2356+385,61254.4,2026-08-02,fm6214,,0.507,0.508,0.451,,0.018,0.016,0.015
2356+385,61289.4,2026-09-06,fm6249,,0.519,0.526,,,0.017,0.017,
